model,row,y,prob,age
with_hba1c,0,0,0.85239,69
with_hba1c,1,1,0.744231,54
with_hba1c,2,0,0.721018,72
with_hba1c,3,0,0.431376,73
with_hba1c,4,1,0.485557,56
with_hba1c,5,0,0.370072,61
with_hba1c,6,1,0.478407,56
with_hba1c,7,0,0.717775,65
with_hba1c,8,0,0.673778,76
with_hba1c,9,0,0.187178,33
with_hba1c,10,1,0.30584,32
with_hba1c,11,0,0.236126,38
with_hba1c,12,0,0.421629,50
with_hba1c,13,0,0.33617,35
with_hba1c,14,1,0.597821,58
with_hba1c,15,0,0.355712,57
with_hba1c,16,1,0.562968,37
with_hba1c,17,0,0.504366,35
with_hba1c,18,0,0.576118,69
with_hba1c,19,0,0.605287,75
with_hba1c,20,0,0.36685,43
with_hba1c,21,0,0.388222,60
with_hba1c,22,0,0.477099,55
with_hba1c,23,0,0.374177,62
with_hba1c,24,0,0.322201,54
with_hba1c,25,0,0.199347,36
with_hba1c,26,1,0.629112,72
with_hba1c,27,0,0.308539,32
with_hba1c,28,0,0.175541,31
with_hba1c,30,1,0.653054,80
with_hba1c,31,1,0.533803,56
with_hba1c,32,0,0.244136,43
with_hba1c,33,1,0.569739,63
with_hba1c,34,0,0.614811,71
with_hba1c,35,1,0.544524,64
with_hba1c,36,0,0.514573,57
with_hba1c,37,1,0.602133,62
with_hba1c,38,1,0.420049,54
with_hba1c,39,0,0.602793,61
with_hba1c,40,0,0.413957,46
with_hba1c,41,1,0.407974,44
with_hba1c,42,1,0.464709,54
with_hba1c,44,1,0.508242,59
with_hba1c,45,0,0.658819,39
with_hba1c,46,0,0.186982,30
with_hba1c,47,0,0.46508,71
with_hba1c,48,1,0.427352,49
with_hba1c,49,0,0.624851,73
with_hba1c,50,0,0.385243,45
with_hba1c,51,0,0.226062,45
with_hba1c,52,0,0.555428,44
with_hba1c,53,0,0.365911,61
with_hba1c,54,0,0.461236,51
with_hba1c,55,0,0.606797,64
with_hba1c,56,1,0.50068,58
with_hba1c,57,1,0.501455,77
with_hba1c,58,1,0.667466,65
with_hba1c,59,0,0.497981,78
with_hba1c,60,0,0.433164,66
with_hba1c,61,0,0.33035,57
with_hba1c,62,0,0.418226,47
with_hba1c,63,1,0.47909,48
with_hba1c,64,1,0.220371,38
with_hba1c,65,0,0.71766,54
with_hba1c,66,1,0.376802,45
with_hba1c,67,1,0.639328,69
with_hba1c,68,0,0.531294,64
with_hba1c,69,0,0.22734,38
with_hba1c,70,1,0.651449,53
with_hba1c,71,0,0.545486,48
with_hba1c,72,1,0.50625,80
with_hba1c,73,1,0.413288,67
with_hba1c,74,1,0.406559,46
with_hba1c,75,0,0.596224,48
with_hba1c,76,1,0.659949,80
with_hba1c,77,0,0.490109,55
with_hba1c,78,0,0.252023,46
with_hba1c,79,0,0.36275,57
with_hba1c,80,0,0.277791,47
with_hba1c,81,0,0.624372,80
with_hba1c,82,1,0.530023,61
with_hba1c,83,0,0.485557,56
with_hba1c,84,0,0.676991,64
with_hba1c,85,0,0.317767,31
with_hba1c,86,1,0.638723,54
with_hba1c,87,1,0.506606,75
with_hba1c,88,0,0.208107,35
with_hba1c,89,0,0.288953,50
with_hba1c,90,1,0.210365,39
with_hba1c,91,0,0.529664,80
with_hba1c,92,1,0.56739,62
with_hba1c,93,0,0.696301,62
with_hba1c,94,1,0.646242,78
with_hba1c,95,0,0.291233,48
with_hba1c,96,0,0.571348,68
with_hba1c,98,0,0.644017,71
with_hba1c,99,0,0.539475,59
with_hba1c,100,0,0.332178,54
with_hba1c,101,0,0.264738,46
with_hba1c,102,0,0.652955,55
with_hba1c,103,0,0.33148,30
with_hba1c,104,1,0.547301,63
with_hba1c,105,0,0.300106,50
with_hba1c,106,0,0.307951,53
with_hba1c,107,1,0.45917,52
with_hba1c,108,0,0.428708,48
with_hba1c,110,0,0.194613,34
with_hba1c,111,1,0.606265,72
with_hba1c,112,1,0.585473,64
with_hba1c,113,0,0.470863,56
with_hba1c,115,1,0.282736,35
with_hba1c,116,0,0.421678,64
with_hba1c,117,0,0.284962,48
with_hba1c,118,0,0.197434,34
with_hba1c,119,1,0.679552,68
with_hba1c,120,0,0.475935,77
with_hba1c,121,1,0.470542,53
with_hba1c,122,1,0.384938,42
with_hba1c,123,0,0.426677,70
with_hba1c,124,1,0.338572,34
with_hba1c,125,1,0.43035,65
with_hba1c,126,0,0.469924,30
with_hba1c,127,0,0.227779,40
with_hba1c,128,0,0.370502,38
with_hba1c,129,1,0.456492,52
with_hba1c,130,0,0.543665,38
with_hba1c,131,1,0.648204,53
with_hba1c,132,0,0.385595,62
with_hba1c,133,1,0.563637,48
with_hba1c,134,0,0.312344,47
with_hba1c,135,0,0.278862,32
with_hba1c,136,0,0.332474,38
with_hba1c,137,1,0.392787,63
with_hba1c,138,0,0.669089,80
with_hba1c,139,0,0.380633,43
with_hba1c,140,0,0.235592,45
with_hba1c,141,0,0.531258,58
with_hba1c,142,1,0.552356,50
with_hba1c,143,0,0.357911,38
with_hba1c,144,1,0.383628,43
with_hba1c,145,1,0.391467,64
with_hba1c,146,0,0.578619,56
with_hba1c,147,0,0.624433,57
with_hba1c,148,0,0.55647,66
with_hba1c,149,0,0.451384,54
with_hba1c,150,1,0.203166,34
with_hba1c,151,1,0.730127,67
with_hba1c,152,0,0.4555,51
with_hba1c,153,1,0.654283,52
with_hba1c,154,1,0.469411,32
with_hba1c,157,1,0.477397,75
with_hba1c,158,0,0.208266,39
with_hba1c,159,1,0.574485,60
with_hba1c,160,1,0.544637,64
with_hba1c,161,1,0.466457,70
with_hba1c,162,1,0.21221,37
with_hba1c,163,0,0.456787,30
with_hba1c,164,1,0.333131,31
with_hba1c,165,0,0.72815,63
with_hba1c,166,1,0.233144,41
with_hba1c,167,0,0.412536,48
with_hba1c,168,1,0.373527,42
with_hba1c,169,0,0.2497,45
with_hba1c,170,0,0.200078,31
with_hba1c,171,1,0.40687,49
with_hba1c,172,1,0.398032,45
with_hba1c,174,0,0.302394,34
with_hba1c,175,0,0.509362,64
with_hba1c,176,0,0.293148,30
with_hba1c,177,0,0.386908,61
with_hba1c,178,1,0.393368,43
with_hba1c,179,0,0.210151,36
with_hba1c,180,1,0.297883,43
with_hba1c,181,0,0.300106,50
with_hba1c,182,0,0.709727,57
with_hba1c,183,0,0.324226,36
with_hba1c,184,1,0.203583,40
with_hba1c,185,0,0.193546,32
with_hba1c,186,0,0.568398,66
with_hba1c,187,1,0.663692,48
with_hba1c,188,1,0.556152,63
with_hba1c,189,1,0.449365,68
with_hba1c,190,0,0.194412,31
with_hba1c,191,0,0.375006,34
with_hba1c,192,0,0.3749,40
with_hba1c,193,1,0.571226,55
with_hba1c,194,1,0.628367,68
with_hba1c,195,0,0.324834,56
with_hba1c,197,0,0.59941,66
with_hba1c,198,0,0.604953,45
with_hba1c,199,0,0.389183,42
with_hba1c,200,0,0.339284,57
with_hba1c,201,1,0.691304,80
with_hba1c,202,0,0.334035,54
with_hba1c,203,0,0.548053,60
with_hba1c,205,1,0.755236,73
with_hba1c,206,1,0.390194,38
with_hba1c,207,0,0.2373,41
with_hba1c,208,1,0.237359,40
with_hba1c,209,0,0.665115,80
with_hba1c,210,0,0.385595,62
with_hba1c,211,0,0.243115,44
with_hba1c,212,1,0.225556,40
with_hba1c,214,0,0.320669,38
with_hba1c,215,1,0.384285,63
with_hba1c,216,0,0.527781,60
with_hba1c,217,0,0.775172,57
with_hba1c,218,1,0.560809,67
with_hba1c,219,0,0.442905,71
with_hba1c,220,1,0.351989,59
with_hba1c,221,1,0.542864,63
with_hba1c,222,1,0.690711,59
with_hba1c,223,0,0.54157,63
with_hba1c,224,0,0.675824,80
with_hba1c,225,1,0.442702,59
with_hba1c,226,1,0.510722,80
with_hba1c,228,0,0.231868,40
with_hba1c,229,0,0.568642,44
with_hba1c,231,0,0.327841,34
with_hba1c,232,1,0.34387,59
with_hba1c,233,1,0.520268,60
with_hba1c,234,0,0.395431,61
with_hba1c,235,0,0.185305,32
with_hba1c,236,1,0.679731,80
with_hba1c,237,1,0.456188,71
with_hba1c,238,1,0.201586,39
with_hba1c,239,1,0.339267,53
with_hba1c,240,0,0.337273,33
with_hba1c,241,0,0.447325,71
with_hba1c,242,0,0.368783,62
with_hba1c,243,1,0.583097,69
with_hba1c,244,0,0.405661,63
with_hba1c,245,0,0.436438,71
with_hba1c,246,0,0.558665,61
with_hba1c,247,0,0.292069,30
with_hba1c,248,0,0.439094,51
with_hba1c,249,1,0.439174,50
with_hba1c,250,0,0.498687,79
with_hba1c,251,0,0.238596,42
with_hba1c,252,1,0.311708,54
with_hba1c,253,0,0.469855,74
with_hba1c,254,0,0.339844,59
with_hba1c,255,1,0.30264,52
with_hba1c,256,0,0.317354,32
with_hba1c,257,0,0.345355,66
with_hba1c,258,0,0.226581,38
with_hba1c,259,0,0.524493,56
with_hba1c,260,0,0.192684,33
with_hba1c,261,0,0.241803,43
with_hba1c,262,0,0.515192,80
with_hba1c,263,0,0.295208,51
with_hba1c,264,0,0.323411,53
with_hba1c,265,0,0.377076,63
with_hba1c,266,0,0.516966,38
with_hba1c,267,1,0.340725,56
with_hba1c,268,1,0.238363,39
with_hba1c,269,0,0.577894,66
with_hba1c,270,0,0.292393,51
with_hba1c,271,1,0.576466,65
with_hba1c,272,0,0.185305,32
with_hba1c,273,1,0.475614,74
with_hba1c,274,0,0.304521,47
with_hba1c,275,1,0.615116,74
with_hba1c,276,1,0.321148,34
with_hba1c,277,0,0.536754,45
with_hba1c,278,1,0.560881,66
with_hba1c,279,1,0.426362,67
with_hba1c,280,1,0.513488,78
with_hba1c,281,0,0.572417,44
with_hba1c,282,0,0.454128,51
with_hba1c,283,0,0.188218,35
with_hba1c,285,1,0.642746,72
with_hba1c,286,0,0.198312,33
with_hba1c,287,0,0.589404,74
with_hba1c,288,1,0.665791,77
with_hba1c,289,1,0.602022,71
with_hba1c,290,0,0.238363,39
with_hba1c,292,0,0.482219,70
with_hba1c,293,0,0.26127,46
with_hba1c,294,0,0.210151,36
with_hba1c,295,1,0.385595,62
with_hba1c,297,0,0.382595,62
with_hba1c,298,1,0.241862,42
with_hba1c,299,0,0.543233,80
with_hba1c,300,1,0.30505,49
with_hba1c,301,0,0.181602,30
with_hba1c,302,1,0.550123,60
with_hba1c,303,0,0.465145,48
with_hba1c,304,0,0.384285,63
with_hba1c,305,0,0.304249,44
with_hba1c,306,0,0.480721,80
with_hba1c,307,0,0.418305,46
with_hba1c,308,1,0.297449,50
with_hba1c,309,1,0.561928,62
with_hba1c,310,1,0.583488,71
with_hba1c,311,1,0.590309,60
with_hba1c,312,1,0.524126,80
with_hba1c,313,0,0.425998,50
with_hba1c,314,0,0.322804,33
with_hba1c,315,0,0.46058,52
with_hba1c,316,1,0.442588,68
with_hba1c,317,0,0.526805,79
with_hba1c,318,0,0.407974,44
with_hba1c,319,1,0.397954,46
with_hba1c,320,0,0.322804,33
with_hba1c,321,0,0.375202,43
with_hba1c,322,0,0.537484,41
with_hba1c,323,1,0.58089,60
with_hba1c,324,0,0.497671,56
with_hba1c,325,1,0.606379,70
with_hba1c,326,1,0.28364,45
with_hba1c,327,0,0.347553,57
with_hba1c,328,1,0.535428,61
with_hba1c,329,0,0.687492,63
with_hba1c,330,0,0.365911,61
with_hba1c,331,0,0.765647,74
with_hba1c,332,1,0.4888,53
with_hba1c,333,1,0.449764,70
with_hba1c,334,1,0.610816,63
with_hba1c,335,0,0.409312,43
with_hba1c,336,1,0.557915,64
with_hba1c,337,1,0.657565,73
with_hba1c,338,1,0.577269,57
with_hba1c,339,0,0.310315,51
with_hba1c,340,1,0.660829,77
with_hba1c,341,0,0.357758,31
with_hba1c,342,1,0.32694,37
with_hba1c,343,0,0.335554,56
with_hba1c,344,1,0.669414,76
with_hba1c,345,0,0.601709,47
with_hba1c,346,0,0.189015,35
with_hba1c,347,1,0.541251,60
with_hba1c,348,0,0.228527,36
with_hba1c,349,1,0.492493,55
with_hba1c,350,1,0.493375,35
with_hba1c,351,0,0.178146,31
with_hba1c,352,1,0.373638,38
with_hba1c,353,0,0.542864,63
with_hba1c,354,1,0.391113,47
with_hba1c,355,1,0.401276,64
with_hba1c,356,0,0.366252,37
with_hba1c,358,1,0.424017,45
with_hba1c,359,0,0.202479,38
with_hba1c,361,1,0.341087,58
with_hba1c,362,1,0.442871,45
with_hba1c,363,1,0.429452,45
with_hba1c,364,0,0.84703,80
with_hba1c,365,0,0.334577,34
with_hba1c,366,0,0.425009,68
with_hba1c,367,1,0.327056,50
with_hba1c,368,0,0.211072,35
with_hba1c,369,1,0.438098,69
with_hba1c,370,1,0.663594,78
with_hba1c,371,0,0.199347,36
with_hba1c,372,0,0.379103,40
with_hba1c,373,1,0.517183,59
with_hba1c,374,0,0.244136,43
with_hba1c,375,1,0.673039,80
with_hba1c,376,1,0.520292,48
with_hba1c,377,0,0.554785,64
with_hba1c,378,0,0.396706,46
with_hba1c,379,0,0.351915,60
with_hba1c,380,0,0.349468,61
with_hba1c,381,0,0.416958,47
with_hba1c,382,1,0.439094,51
with_hba1c,383,0,0.600695,72
with_hba1c,384,1,0.689929,65
with_hba1c,385,0,0.567705,65
with_hba1c,386,0,0.50083,75
with_hba1c,388,1,0.567997,43
with_hba1c,389,0,0.400137,55
with_hba1c,390,0,0.186093,32
with_hba1c,391,1,0.502058,36
with_hba1c,392,0,0.493841,62
with_hba1c,393,0,0.354074,40
with_hba1c,394,1,0.732096,66
with_hba1c,395,0,0.523057,55
with_hba1c,396,1,0.320642,53
with_hba1c,397,0,0.364552,63
with_hba1c,398,0,0.461637,53
with_hba1c,399,1,0.501776,80
with_hba1c,400,0,0.468075,73
with_hba1c,401,1,0.763027,75
with_hba1c,402,1,0.303626,30
with_hba1c,403,0,0.37779,60
with_hba1c,404,0,0.520098,74
with_hba1c,405,1,0.571427,67
with_hba1c,406,0,0.310906,30
with_hba1c,407,0,0.790015,73
with_hba1c,408,0,0.335267,53
with_hba1c,409,1,0.627327,58
with_hba1c,410,0,0.369997,62
with_hba1c,411,1,0.571348,68
with_hba1c,412,0,0.26127,46
with_hba1c,413,1,0.558982,64
with_hba1c,414,0,0.270669,47
with_hba1c,415,0,0.200232,35
with_hba1c,416,0,0.689517,80
with_hba1c,417,0,0.26127,46
with_hba1c,418,0,0.36483,37
with_hba1c,419,0,0.300618,30
with_hba1c,420,0,0.400997,46
with_hba1c,421,0,0.319788,56
with_hba1c,422,0,0.371364,60
with_hba1c,423,0,0.302394,34
with_hba1c,424,0,0.451065,51
with_hba1c,425,0,0.327875,33
with_hba1c,426,0,0.276424,45
with_hba1c,427,0,0.448295,68
with_hba1c,428,1,0.51109,56
with_hba1c,429,0,0.250558,40
with_hba1c,430,1,0.198517,36
with_hba1c,431,1,0.597839,62
with_hba1c,432,1,0.566644,65
with_hba1c,433,0,0.398571,52
with_hba1c,434,0,0.50416,80
with_hba1c,435,0,0.515192,80
with_hba1c,436,1,0.691206,80
with_hba1c,438,1,0.701849,75
with_hba1c,439,0,0.355445,39
with_hba1c,440,0,0.351696,56
with_hba1c,441,1,0.663306,75
with_hba1c,442,1,0.188021,32
with_hba1c,443,1,0.221323,37
with_hba1c,444,0,0.611593,71
with_hba1c,445,1,0.653029,53
with_hba1c,446,1,0.548672,62
with_hba1c,447,1,0.519823,44
with_hba1c,448,0,0.483883,34
with_hba1c,449,1,0.468792,32
with_hba1c,450,0,0.330066,54
with_hba1c,451,0,0.638999,74
with_hba1c,452,0,0.659835,51
with_hba1c,453,1,0.468374,47
with_hba1c,454,0,0.426302,72
with_hba1c,455,0,0.236823,47
with_hba1c,456,0,0.467465,52
with_hba1c,457,0,0.199347,36
with_hba1c,458,1,0.297533,53
with_hba1c,459,0,0.574057,66
with_hba1c,460,1,0.402249,46
with_hba1c,461,0,0.439491,53
with_hba1c,462,0,0.561855,63
with_hba1c,463,1,0.526515,61
with_hba1c,464,0,0.462326,73
with_hba1c,465,0,0.373603,41
with_hba1c,466,0,0.198312,33
with_hba1c,467,1,0.473541,55
with_hba1c,468,1,0.41732,64
with_hba1c,469,1,0.517512,36
with_hba1c,470,0,0.335267,53
with_hba1c,471,1,0.381171,50
with_hba1c,472,1,0.461637,53
with_hba1c,473,0,0.488106,33
with_hba1c,474,1,0.456426,31
with_hba1c,475,1,0.455989,45
with_hba1c,476,0,0.515998,50
with_hba1c,477,0,0.556622,62
with_hba1c,478,0,0.517957,78
with_hba1c,479,0,0.277806,51
with_hba1c,480,0,0.347919,59
with_hba1c,481,1,0.424403,45
with_hba1c,482,0,0.53564,38
with_hba1c,483,0,0.335841,59
with_hba1c,484,0,0.323085,36
with_hba1c,485,1,0.510722,80
with_hba1c,486,0,0.437812,50
with_hba1c,487,0,0.385595,62
with_hba1c,488,0,0.248725,45
with_hba1c,489,0,0.258891,45
with_hba1c,490,0,0.64598,67
with_hba1c,491,0,0.412615,47
with_hba1c,492,0,0.414631,66
with_hba1c,493,0,0.304725,51
with_hba1c,494,0,0.405224,47
with_hba1c,495,0,0.344817,38
with_hba1c,496,0,0.192433,31
with_hba1c,497,1,0.669089,80
with_hba1c,498,1,0.32605,55
with_hba1c,499,1,0.346035,40
with_hba1c,500,1,0.674725,60
with_hba1c,501,0,0.41427,48
with_hba1c,502,0,0.512795,58
with_hba1c,503,0,0.3749,40
with_hba1c,504,0,0.311777,53
with_hba1c,505,0,0.463063,66
with_hba1c,506,0,0.43038,50
with_hba1c,507,0,0.330961,36
with_hba1c,508,1,0.441222,69
with_hba1c,509,0,0.343244,39
with_hba1c,510,1,0.338315,57
with_hba1c,511,1,0.642711,50
with_hba1c,512,0,0.43106,70
with_hba1c,513,1,0.257831,46
with_hba1c,514,1,0.58437,69
with_hba1c,515,1,0.666056,55
with_hba1c,516,0,0.270604,48
with_hba1c,517,0,0.399359,44
with_hba1c,518,0,0.276682,48
with_hba1c,519,0,0.554785,64
with_hba1c,520,0,0.290025,50
with_hba1c,521,0,0.287487,49
with_hba1c,522,0,0.546215,66
with_hba1c,523,0,0.443586,50
with_hba1c,524,0,0.384589,66
with_hba1c,525,0,0.443904,53
with_hba1c,526,0,0.48523,32
with_hba1c,527,0,0.546835,57
with_hba1c,528,0,0.276682,48
with_hba1c,529,1,0.312966,52
with_hba1c,530,0,0.68859,80
with_hba1c,531,0,0.347919,59
with_hba1c,532,0,0.239838,44
with_hba1c,533,0,0.210151,36
with_hba1c,534,1,0.539795,62
with_hba1c,535,0,0.18447,33
with_hba1c,536,0,0.393675,46
with_hba1c,537,0,0.654033,80
with_hba1c,538,0,0.280277,48
with_hba1c,539,1,0.518635,76
with_hba1c,540,0,0.363686,39
with_hba1c,541,0,0.296093,47
with_hba1c,542,0,0.323085,36
with_hba1c,543,0,0.455181,48
with_hba1c,544,0,0.507331,80
with_hba1c,545,1,0.450697,33
with_hba1c,546,0,0.392125,43
with_hba1c,547,1,0.356099,63
with_hba1c,548,0,0.553497,64
with_hba1c,549,0,0.519661,80
with_hba1c,550,0,0.422586,47
with_hba1c,551,0,0.493198,56
with_hba1c,552,1,0.264488,43
with_hba1c,553,1,0.242642,38
with_hba1c,554,1,0.515503,45
with_hba1c,555,0,0.278903,46
with_hba1c,556,0,0.512003,51
with_hba1c,557,0,0.309132,52
with_hba1c,558,0,0.519661,80
with_hba1c,559,0,0.408584,69
with_hba1c,560,1,0.515801,60
with_hba1c,561,0,0.62995,54
with_hba1c,562,1,0.463406,52
with_hba1c,563,0,0.32334,54
with_hba1c,564,0,0.255228,42
with_hba1c,565,0,0.347627,56
with_hba1c,566,1,0.480108,54
with_hba1c,567,1,0.359916,60
with_hba1c,568,0,0.215162,38
with_hba1c,569,0,0.512714,59
with_hba1c,570,0,0.496395,53
with_hba1c,571,0,0.530938,55
with_hba1c,572,0,0.397371,66
with_hba1c,573,0,0.327947,32
with_hba1c,574,0,0.36012,60
with_hba1c,575,0,0.492028,34
with_hba1c,576,0,0.357876,39
with_hba1c,577,1,0.61652,76
with_hba1c,578,0,0.253129,44
with_hba1c,579,1,0.613499,72
with_hba1c,580,0,0.589625,74
with_hba1c,581,0,0.318905,33
with_hba1c,582,1,0.424214,50
with_hba1c,583,1,0.41898,66
with_hba1c,584,0,0.468525,39
with_hba1c,585,0,0.366839,62
with_hba1c,586,0,0.502839,76
with_hba1c,587,0,0.57891,48
with_hba1c,588,0,0.256527,44
with_hba1c,589,0,0.410884,46
with_hba1c,590,0,0.474883,55
with_hba1c,591,0,0.499055,55
with_hba1c,592,1,0.632514,80
with_hba1c,593,0,0.453326,32
with_hba1c,594,1,0.672844,80
with_hba1c,595,0,0.293273,47
with_hba1c,596,0,0.661117,80
with_hba1c,597,1,0.523129,64
with_hba1c,598,0,0.386554,44
with_hba1c,599,0,0.328231,35
with_hba1c,600,0,0.199194,32
with_hba1c,601,0,0.393752,45
with_hba1c,602,0,0.481801,80
with_hba1c,603,0,0.206932,34
with_hba1c,604,0,0.181794,33
with_hba1c,605,0,0.485557,56
with_hba1c,606,0,0.178958,30
with_hba1c,607,0,0.63823,44
with_hba1c,608,1,0.31449,34
with_hba1c,609,1,0.588037,49
with_hba1c,610,0,0.36935,42
with_hba1c,611,0,0.222501,39
with_hba1c,612,0,0.460631,71
with_hba1c,613,1,0.327941,34
with_hba1c,614,1,0.386172,42
with_hba1c,615,1,0.479788,56
with_hba1c,616,1,0.54767,80
with_hba1c,617,1,0.571348,68
with_hba1c,618,0,0.716443,64
with_hba1c,619,1,0.42607,47
with_hba1c,620,0,0.443824,54
with_hba1c,621,0,0.394168,42
with_hba1c,623,0,0.621968,76
with_hba1c,624,1,0.329452,34
with_hba1c,625,0,0.439224,64
with_hba1c,626,1,0.365537,59
with_hba1c,627,0,0.230942,40
with_hba1c,628,1,0.524814,59
with_hba1c,629,0,0.530676,41
with_hba1c,630,0,0.339284,57
with_hba1c,631,1,0.539066,62
with_hba1c,632,0,0.418372,64
with_hba1c,633,1,0.535667,65
with_hba1c,634,0,0.350989,37
with_hba1c,635,0,0.476704,55
with_hba1c,637,1,0.452675,54
with_hba1c,638,1,0.470461,54
with_hba1c,639,1,0.382906,39
with_hba1c,640,1,0.57977,44
with_hba1c,641,0,0.442508,69
with_hba1c,642,1,0.724762,63
with_hba1c,643,1,0.373244,43
with_hba1c,644,1,0.557118,44
with_hba1c,645,0,0.655922,80
with_hba1c,646,0,0.349468,61
with_hba1c,647,0,0.660269,75
with_hba1c,648,0,0.652252,70
with_hba1c,649,0,0.420642,68
with_hba1c,650,0,0.50625,80
with_hba1c,651,0,0.258645,42
with_hba1c,652,0,0.4654,74
with_hba1c,653,0,0.678626,72
with_hba1c,654,0,0.653054,80
with_hba1c,655,1,0.50694,59
with_hba1c,656,0,0.225612,39
with_hba1c,657,1,0.656317,74
with_hba1c,658,0,0.567039,67
with_hba1c,659,0,0.50625,80
with_hba1c,660,0,0.540195,64
with_hba1c,661,0,0.331291,53
with_hba1c,662,0,0.333417,34
with_hba1c,663,0,0.240849,43
with_hba1c,664,1,0.629912,55
with_hba1c,665,0,0.302054,32
with_hba1c,666,0,0.40061,44
with_hba1c,667,0,0.299523,30
with_hba1c,668,1,0.478778,74
with_hba1c,669,1,0.518027,34
with_hba1c,670,0,0.696651,73
with_hba1c,671,0,0.681804,80
with_hba1c,672,0,0.557518,62
with_hba1c,673,0,0.306772,54
with_hba1c,674,1,0.361128,41
with_hba1c,675,0,0.364627,62
with_hba1c,676,1,0.679637,54
with_hba1c,677,0,0.560931,80
with_hba1c,678,0,0.296869,30
with_hba1c,679,1,0.524126,80
with_hba1c,680,1,0.362406,40
with_hba1c,681,1,0.354178,40
with_hba1c,682,0,0.522052,61
with_hba1c,683,0,0.29663,53
with_hba1c,684,1,0.495341,52
with_hba1c,685,0,0.439491,53
with_hba1c,686,0,0.327339,53
with_hba1c,687,0,0.441222,69
with_hba1c,688,1,0.667098,54
with_hba1c,689,0,0.563072,61
with_hba1c,690,0,0.271508,43
with_hba1c,691,0,0.414364,36
with_hba1c,692,0,0.321844,31
with_hba1c,693,0,0.308133,30
with_hba1c,694,1,0.485236,53
with_hba1c,695,1,0.37397,62
with_hba1c,696,0,0.463321,74
with_hba1c,697,1,0.376424,43
with_hba1c,698,1,0.597556,47
with_hba1c,699,0,0.484256,56
with_hba1c,701,1,0.513438,64
with_hba1c,702,0,0.386825,41
with_hba1c,703,1,0.3765,42
with_hba1c,704,0,0.200284,34
with_hba1c,705,0,0.256527,44
with_hba1c,706,0,0.194412,31
with_hba1c,707,0,0.389766,63
with_hba1c,708,0,0.497993,59
with_hba1c,709,0,0.683058,74
with_hba1c,710,0,0.282777,49
with_hba1c,711,0,0.195483,33
with_hba1c,712,1,0.442905,71
with_hba1c,713,1,0.507699,56
with_hba1c,714,0,0.657097,80
with_hba1c,715,0,0.554248,61
with_hba1c,716,0,0.721678,63
with_hba1c,717,0,0.298945,51
with_hba1c,718,0,0.32605,55
with_hba1c,719,0,0.280371,39
with_hba1c,720,0,0.473622,54
with_hba1c,722,0,0.36712,61
with_hba1c,723,1,0.450064,69
with_hba1c,724,0,0.688079,66
with_hba1c,725,0,0.328559,52
with_hba1c,726,1,0.646404,57
with_hba1c,727,1,0.33886,37
with_hba1c,728,1,0.447927,51
with_hba1c,729,0,0.509707,57
with_hba1c,730,1,0.654194,66
with_hba1c,731,1,0.616502,72
with_hba1c,732,0,0.493217,60
with_hba1c,733,0,0.474233,75
with_hba1c,734,0,0.198312,33
with_hba1c,735,0,0.594228,67
with_hba1c,736,0,0.445344,49
with_hba1c,737,0,0.311877,44
with_hba1c,738,0,0.48596,58
with_hba1c,739,0,0.408206,48
with_hba1c,740,0,0.404749,58
with_hba1c,741,0,0.216372,39
with_hba1c,742,0,0.479998,37
with_hba1c,743,0,0.348179,36
with_hba1c,744,0,0.238596,42
with_hba1c,745,1,0.201379,36
with_hba1c,746,0,0.443223,74
with_hba1c,747,1,0.381383,66
with_hba1c,748,0,0.194815,37
with_hba1c,749,1,0.541571,62
with_hba1c,750,0,0.226581,38
with_hba1c,751,0,0.525204,80
with_hba1c,752,1,0.560713,80
with_hba1c,753,0,0.353884,37
with_hba1c,754,1,0.713599,66
with_hba1c,755,1,0.496287,57
with_hba1c,756,1,0.714997,68
with_hba1c,757,1,0.42432,67
with_hba1c,758,0,0.743608,47
with_hba1c,759,0,0.506858,60
with_hba1c,760,0,0.512462,74
with_hba1c,761,1,0.305323,52
with_hba1c,762,0,0.298363,31
with_hba1c,763,0,0.31349,32
with_hba1c,764,1,0.424017,45
with_hba1c,765,1,0.352619,38
with_hba1c,766,0,0.445639,69
with_hba1c,767,0,0.189065,34
with_hba1c,768,1,0.471945,35
with_hba1c,769,0,0.395353,62
with_hba1c,770,0,0.624659,61
with_hba1c,771,1,0.487905,64
with_hba1c,772,0,0.516494,80
with_hba1c,773,0,0.324906,55
with_hba1c,774,0,0.303291,30
with_hba1c,775,0,0.348179,36
with_hba1c,776,1,0.309132,52
with_hba1c,777,1,0.347919,59
with_hba1c,778,1,0.580346,60
with_hba1c,779,0,0.457562,70
with_hba1c,780,1,0.532098,59
with_hba1c,781,1,0.526245,72
with_hba1c,782,1,0.514894,60
with_hba1c,783,1,0.33286,35
with_hba1c,784,0,0.268488,49
with_hba1c,785,0,0.2508,43
with_hba1c,786,0,0.571051,69
with_hba1c,787,0,0.391818,40
with_hba1c,788,1,0.353359,49
with_hba1c,789,1,0.39808,59
with_hba1c,790,0,0.256527,44
with_hba1c,792,0,0.362109,37
with_hba1c,793,1,0.414547,46
with_hba1c,794,0,0.557915,64
with_hba1c,795,0,0.696078,60
with_hba1c,796,0,0.384627,41
with_hba1c,798,0,0.187972,33
with_hba1c,799,0,0.406997,62
with_hba1c,800,0,0.352913,41
with_hba1c,801,0,0.384699,57
with_hba1c,802,0,0.536404,58
with_hba1c,803,0,0.609325,70
with_hba1c,804,1,0.497962,74
with_hba1c,805,0,0.537494,80
with_hba1c,806,1,0.381365,62
with_hba1c,807,0,0.364329,59
with_hba1c,808,0,0.288953,50
with_hba1c,809,0,0.260959,44
with_hba1c,810,0,0.17376,30
with_hba1c,811,0,0.53746,54
with_hba1c,812,1,0.498384,80
with_hba1c,813,1,0.309652,32
with_hba1c,814,1,0.329994,55
with_hba1c,815,0,0.705142,59
with_hba1c,816,0,0.456554,47
with_hba1c,817,0,0.333703,37
with_hba1c,818,0,0.633981,72
with_hba1c,819,1,0.515192,80
with_hba1c,820,1,0.743403,69
with_hba1c,821,0,0.584833,70
with_hba1c,822,0,0.418226,47
with_hba1c,823,1,0.465705,55
with_hba1c,824,0,0.246184,41
with_hba1c,825,0,0.416958,47
with_hba1c,826,1,0.439972,61
with_hba1c,827,0,0.294563,32
with_hba1c,828,0,0.427038,46
with_hba1c,829,0,0.616502,72
with_hba1c,830,0,0.628529,70
with_hba1c,831,1,0.661117,80
with_hba1c,832,0,0.541189,65
with_hba1c,834,0,0.59514,72
with_hba1c,835,1,0.497287,58
with_hba1c,836,0,0.365191,42
with_hba1c,837,0,0.78902,79
with_hba1c,839,1,0.50243,53
with_hba1c,840,0,0.185305,32
with_hba1c,841,0,0.648126,75
with_hba1c,842,0,0.271508,43
with_hba1c,843,0,0.197434,34
with_hba1c,844,0,0.2508,43
with_hba1c,845,0,0.303878,50
with_hba1c,846,0,0.224647,40
with_hba1c,847,0,0.264488,43
with_hba1c,848,0,0.186337,34
with_hba1c,849,1,0.464303,31
with_hba1c,850,0,0.683614,80
with_hba1c,851,0,0.230942,40
with_hba1c,852,1,0.391078,41
with_hba1c,853,1,0.794548,59
with_hba1c,854,1,0.515882,59
with_hba1c,855,0,0.224422,37
with_hba1c,856,0,0.211995,34
with_hba1c,857,1,0.541251,60
with_hba1c,858,0,0.324623,52
with_hba1c,859,1,0.552411,62
with_hba1c,860,0,0.225556,40
with_hba1c,861,0,0.342332,57
with_hba1c,862,0,0.509707,57
with_hba1c,863,0,0.446957,54
with_hba1c,864,0,0.415115,48
with_hba1c,865,0,0.341997,40
with_hba1c,866,0,0.243115,44
with_hba1c,867,0,0.264488,43
with_hba1c,868,1,0.520961,80
with_hba1c,869,1,0.245337,46
with_hba1c,870,0,0.320993,55
with_hba1c,871,1,0.31006,31
with_hba1c,872,1,0.436518,70
with_hba1c,873,0,0.225612,39
with_hba1c,874,0,0.358282,40
with_hba1c,875,0,0.288383,30
with_hba1c,876,1,0.575804,67
with_hba1c,877,1,0.619741,80
with_hba1c,878,1,0.328482,32
with_hba1c,879,0,0.388527,63
with_hba1c,880,0,0.429072,65
with_hba1c,881,1,0.663953,80
with_hba1c,882,1,0.299523,30
with_hba1c,883,0,0.638426,51
with_hba1c,884,1,0.443648,30
with_hba1c,885,0,0.194412,31
with_hba1c,886,0,0.382016,41
with_hba1c,887,1,0.599745,46
with_hba1c,888,0,0.211072,35
with_hba1c,889,1,0.681525,77
with_hba1c,890,1,0.265657,33
with_hba1c,891,1,0.803228,78
with_hba1c,892,1,0.655192,60
with_hba1c,893,0,0.224647,40
with_hba1c,894,0,0.190769,32
with_hba1c,895,1,0.306772,54
with_hba1c,896,0,0.450382,72
with_hba1c,897,1,0.62812,76
with_hba1c,898,1,0.553497,64
with_hba1c,899,0,0.592159,71
with_hba1c,900,1,0.401276,64
with_hba1c,901,0,0.20422,37
with_hba1c,902,1,0.604672,69
with_hba1c,903,1,0.456577,30
with_hba1c,904,0,0.574136,65
with_hba1c,905,0,0.430981,71
with_hba1c,906,0,0.464092,31
with_hba1c,907,1,0.725515,67
with_hba1c,908,0,0.651977,71
with_hba1c,909,0,0.283599,31
with_hba1c,910,1,0.655201,75
with_hba1c,911,0,0.222445,40
with_hba1c,912,0,0.467785,55
with_hba1c,913,1,0.537494,80
with_hba1c,914,1,0.483092,32
with_hba1c,915,1,0.681804,80
with_hba1c,916,0,0.31877,34
with_hba1c,917,0,0.415613,48
with_hba1c,918,1,0.536724,61
with_hba1c,919,1,0.490722,76
with_hba1c,920,1,0.341087,58
with_hba1c,921,0,0.31271,32
with_hba1c,922,0,0.204273,36
with_hba1c,923,0,0.195229,31
with_hba1c,924,1,0.587519,68
with_hba1c,925,1,0.562675,59
with_hba1c,926,0,0.168682,30
with_hba1c,927,1,0.66119,79
with_hba1c,928,0,0.294631,31
with_hba1c,929,1,0.466263,32
with_hba1c,930,1,0.618813,67
with_hba1c,931,0,0.237359,40
with_hba1c,932,0,0.417192,51
with_hba1c,933,1,0.371063,57
with_hba1c,934,0,0.324015,32
with_hba1c,935,0,0.50149,69
with_hba1c,936,1,0.704812,64
with_hba1c,937,0,0.379756,60
with_hba1c,938,0,0.624987,52
with_hba1c,939,0,0.412976,64
with_hba1c,940,1,0.628019,50
with_hba1c,941,1,0.65385,54
with_hba1c,942,0,0.41419,50
with_hba1c,943,0,0.190769,32
with_hba1c,944,0,0.282149,30
with_hba1c,945,0,0.525198,42
with_hba1c,946,0,0.38232,44
with_hba1c,947,0,0.321595,34
with_hba1c,948,1,0.780869,73
with_hba1c,949,0,0.764105,70
with_hba1c,950,0,0.498969,35
with_hba1c,951,1,0.280018,45
with_hba1c,952,0,0.333345,35
with_hba1c,953,0,0.284725,30
with_hba1c,954,0,0.415613,48
with_hba1c,955,1,0.56643,44
with_hba1c,956,1,0.440905,66
with_hba1c,958,0,0.263163,41
with_hba1c,959,0,0.333703,37
with_hba1c,960,0,0.410294,66
with_hba1c,961,0,0.398758,45
with_hba1c,962,0,0.269324,45
with_hba1c,963,1,0.34442,39
with_hba1c,964,0,0.372657,59
with_hba1c,965,0,0.446321,48
with_hba1c,966,1,0.355151,36
with_hba1c,967,0,0.55928,63
with_hba1c,968,1,0.753734,68
with_hba1c,969,0,0.363048,60
with_hba1c,970,1,0.624545,49
with_hba1c,971,0,0.3749,40
with_hba1c,972,1,0.568318,67
with_hba1c,973,0,0.506909,74
with_hba1c,974,0,0.266647,41
with_hba1c,975,1,0.51109,56
with_hba1c,976,1,0.390805,39
with_hba1c,977,0,0.484949,76
with_hba1c,978,0,0.661117,80
with_hba1c,979,0,0.403338,60
with_hba1c,980,1,0.487021,54
with_hba1c,981,1,0.196355,32
with_hba1c,982,0,0.407618,68
with_hba1c,983,1,0.346299,58
with_hba1c,984,1,0.619069,55
with_hba1c,985,1,0.70141,61
with_hba1c,986,0,0.631686,72
with_hba1c,987,1,0.71296,75
with_hba1c,988,0,0.325511,34
with_hba1c,989,1,0.635501,52
with_hba1c,990,0,0.240849,43
with_hba1c,991,0,0.346008,55
with_hba1c,992,1,0.663953,80
with_hba1c,994,0,0.306772,54
with_hba1c,995,0,0.48117,55
with_hba1c,996,1,0.603826,59
with_hba1c,997,0,0.351402,53
with_hba1c,998,1,0.525099,56
with_hba1c,999,0,0.582002,48
with_hba1c,1000,0,0.228754,39
with_hba1c,1001,0,0.336519,56
with_hba1c,1003,0,0.255473,45
with_hba1c,1004,1,0.217312,38
with_hba1c,1005,1,0.470141,51
with_hba1c,1006,1,0.497993,59
with_hba1c,1007,0,0.189065,34
with_hba1c,1008,0,0.271508,43
with_hba1c,1009,1,0.324552,53
with_hba1c,1010,0,0.196507,36
with_hba1c,1011,0,0.493198,56
with_hba1c,1012,0,0.674923,76
with_hba1c,1013,1,0.561641,43
with_hba1c,1014,1,0.367603,54
with_hba1c,1015,0,0.441777,76
with_hba1c,1016,0,0.241405,40
with_hba1c,1017,0,0.383903,61
with_hba1c,1018,0,0.320388,35
with_hba1c,1019,0,0.373876,59
with_hba1c,1020,1,0.566785,44
with_hba1c,1021,0,0.452436,50
with_hba1c,1022,0,0.439858,70
with_hba1c,1023,0,0.254604,50
with_hba1c,1024,0,0.655922,80
with_hba1c,1025,1,0.613609,63
with_hba1c,1026,0,0.279758,42
with_hba1c,1027,1,0.419339,42
with_hba1c,1028,0,0.657097,80
with_hba1c,1029,0,0.45441,49
with_hba1c,1030,1,0.533937,62
with_hba1c,1031,0,0.3749,40
with_hba1c,1033,1,0.176344,30
with_hba1c,1034,1,0.47833,42
with_hba1c,1035,0,0.624928,72
with_hba1c,1036,1,0.537662,41
with_hba1c,1037,0,0.201172,33
with_hba1c,1038,1,0.401306,49
with_hba1c,1039,0,0.2508,43
with_hba1c,1040,0,0.555183,66
with_hba1c,1041,0,0.300106,50
with_hba1c,1042,1,0.589772,65
with_hba1c,1043,0,0.347289,38
with_hba1c,1044,0,0.448067,45
with_hba1c,1045,0,0.384285,63
with_hba1c,1046,1,0.446899,43
with_hba1c,1047,0,0.752957,64
with_hba1c,1048,0,0.320108,32
with_hba1c,1049,1,0.483888,80
with_hba1c,1050,1,0.725953,65
with_hba1c,1051,0,0.245098,43
with_hba1c,1052,1,0.34446,32
with_hba1c,1053,0,0.236358,41
with_hba1c,1054,0,0.378515,38
with_hba1c,1055,1,0.409694,43
with_hba1c,1056,0,0.459175,73
with_hba1c,1057,1,0.48694,55
with_hba1c,1058,0,0.562046,37
with_hba1c,1059,1,0.368137,42
with_hba1c,1060,0,0.422616,31
with_hba1c,1061,0,0.302806,42
with_hba1c,1062,0,0.307422,30
with_hba1c,1063,0,0.348809,56
with_hba1c,1064,1,0.320318,36
with_hba1c,1065,1,0.527574,57
with_hba1c,1066,0,0.267983,43
with_hba1c,1067,0,0.481801,80
with_hba1c,1068,1,0.661222,71
with_hba1c,1069,1,0.514418,61
with_hba1c,1070,0,0.524126,80
with_hba1c,1071,0,0.349102,59
with_hba1c,1072,0,0.429388,68
with_hba1c,1073,0,0.311501,50
with_hba1c,1074,0,0.504391,36
with_hba1c,1075,0,0.405661,63
with_hba1c,1077,0,0.410046,40
with_hba1c,1078,1,0.600386,69
with_hba1c,1079,1,0.626003,74
with_hba1c,1080,0,0.501082,60
with_hba1c,1081,0,0.353884,37
with_hba1c,1082,0,0.723605,63
with_hba1c,1083,0,0.580286,44
with_hba1c,1084,1,0.622568,50
with_hba1c,1085,1,0.651506,78
with_hba1c,1086,1,0.563606,64
with_hba1c,1087,0,0.445553,49
with_hba1c,1088,0,0.529514,63
with_hba1c,1089,0,0.280537,51
with_hba1c,1090,0,0.440574,46
with_hba1c,1091,0,0.510722,80
with_hba1c,1092,0,0.187128,34
with_hba1c,1093,0,0.228981,42
with_hba1c,1094,1,0.458936,69
with_hba1c,1095,0,0.331831,33
with_hba1c,1096,0,0.467858,52
with_hba1c,1097,1,0.444191,71
with_hba1c,1098,0,0.228754,39
with_hba1c,1099,0,0.623629,73
with_hba1c,1100,1,0.646845,72
with_hba1c,1101,0,0.37826,49
with_hba1c,1102,1,0.371396,52
with_hba1c,1103,0,0.471234,73
with_hba1c,1104,1,0.391774,67
with_hba1c,1105,1,0.248485,42
with_hba1c,1106,1,0.576841,63
with_hba1c,1107,1,0.528463,41
with_hba1c,1108,0,0.413209,68
with_hba1c,1109,0,0.35381,38
with_hba1c,1110,0,0.544282,55
with_hba1c,1111,0,0.50021,52
with_hba1c,1112,0,0.454815,72
with_hba1c,1113,0,0.413878,47
with_hba1c,1114,0,0.174509,30
with_hba1c,1115,1,0.56696,68
with_hba1c,1116,0,0.526503,80
with_hba1c,1117,0,0.356715,38
with_hba1c,1118,1,0.555103,67
with_hba1c,1119,0,0.628834,52
with_hba1c,1120,0,0.34841,37
with_hba1c,1121,0,0.201379,36
with_hba1c,1122,0,0.559915,69
with_hba1c,1123,0,0.376122,40
with_hba1c,1124,1,0.554168,62
with_hba1c,1125,0,0.755878,74
with_hba1c,1126,1,0.564239,70
with_hba1c,1127,0,0.331576,56
with_hba1c,1129,1,0.43406,45
with_hba1c,1130,1,0.479386,54
with_hba1c,1131,0,0.395738,64
with_hba1c,1132,1,0.554467,61
with_hba1c,1133,0,0.497303,80
with_hba1c,1134,0,0.427323,64
with_hba1c,1135,1,0.578567,45
with_hba1c,1136,0,0.221489,41
with_hba1c,1137,1,0.220371,38
with_hba1c,1138,1,0.428032,69
with_hba1c,1139,1,0.494132,80
with_hba1c,1140,1,0.372233,43
with_hba1c,1141,1,0.456188,71
with_hba1c,1142,0,0.283835,49
with_hba1c,1143,0,0.262339,45
with_hba1c,1144,1,0.651302,62
with_hba1c,1145,1,0.345671,38
with_hba1c,1146,0,0.461687,67
with_hba1c,1147,1,0.623931,76
with_hba1c,1148,1,0.272795,46
with_hba1c,1149,0,0.223684,41
with_hba1c,1150,0,0.334952,40
with_hba1c,1151,0,0.707281,63
with_hba1c,1152,0,0.230942,40
with_hba1c,1153,0,0.364893,39
with_hba1c,1154,0,0.234135,40
with_hba1c,1156,1,0.358624,57
with_hba1c,1157,0,0.382086,38
with_hba1c,1158,1,0.644123,62
with_hba1c,1159,1,0.293482,32
with_hba1c,1160,1,0.363543,41
with_hba1c,1161,0,0.569991,69
with_hba1c,1162,0,0.19723,31
with_hba1c,1164,1,0.4303,51
with_hba1c,1165,0,0.292576,51
with_hba1c,1166,0,0.368205,39
with_hba1c,1167,0,0.50625,80
with_hba1c,1168,0,0.571063,49
with_hba1c,1169,0,0.424331,48
with_hba1c,1170,0,0.240849,43
with_hba1c,1171,0,0.242819,42
with_hba1c,1172,0,0.380059,63
with_hba1c,1173,1,0.550146,43
with_hba1c,1174,1,0.246124,42
with_hba1c,1175,0,0.224647,40
with_hba1c,1176,0,0.252886,41
with_hba1c,1177,1,0.430003,52
with_hba1c,1179,0,0.515882,59
with_hba1c,1180,0,0.410294,66
with_hba1c,1181,0,0.295757,45
with_hba1c,1182,1,0.297517,49
with_hba1c,1183,0,0.204273,36
with_hba1c,1184,1,0.610565,71
with_hba1c,1185,0,0.233374,44
with_hba1c,1186,0,0.421599,65
with_hba1c,1187,0,0.294058,52
with_hba1c,1188,0,0.265817,45
with_hba1c,1189,0,0.546009,63
with_hba1c,1190,1,0.427352,49
with_hba1c,1191,0,0.234135,40
with_hba1c,1192,0,0.276424,45
with_hba1c,1193,1,0.665115,80
with_hba1c,1194,1,0.277033,42
with_hba1c,1195,1,0.500877,48
with_hba1c,1197,0,0.50466,69
with_hba1c,1198,1,0.351639,61
with_hba1c,1199,1,0.264675,47
with_hba1c,1200,0,0.314961,34
with_hba1c,1201,0,0.626467,79
with_hba1c,1202,1,0.660933,68
with_hba1c,1203,0,0.341635,38
with_hba1c,1204,0,0.361472,58
with_hba1c,1205,1,0.402704,66
with_hba1c,1206,1,0.470542,53
with_hba1c,1207,1,0.525135,62
with_hba1c,1208,0,0.340102,36
with_hba1c,1209,1,0.44314,50
with_hba1c,1210,1,0.307677,50
with_hba1c,1211,0,0.709817,60
with_hba1c,1212,0,0.275319,46
with_hba1c,1213,1,0.622329,74
with_hba1c,1215,1,0.522861,72
with_hba1c,1216,0,0.605364,74
with_hba1c,1217,0,0.218474,40
with_hba1c,1218,0,0.225612,39
with_hba1c,1219,0,0.629037,73
with_hba1c,1220,0,0.276682,48
with_hba1c,1221,0,0.690664,58
with_hba1c,1222,0,0.387485,41
with_hba1c,1223,0,0.511985,58
with_hba1c,1224,1,0.17376,30
with_hba1c,1225,0,0.392787,63
with_hba1c,1226,1,0.53434,80
with_hba1c,1227,0,0.228697,40
with_hba1c,1228,0,0.416288,68
with_hba1c,1229,0,0.359481,40
with_hba1c,1230,1,0.603348,70
with_hba1c,1231,0,0.672216,55
with_hba1c,1232,0,0.516273,80
with_hba1c,1233,1,0.219201,36
with_hba1c,1234,1,0.67845,61
with_hba1c,1235,1,0.636441,76
with_hba1c,1236,0,0.238596,42
with_hba1c,1237,1,0.447371,44
with_hba1c,1238,1,0.650248,79
with_hba1c,1239,0,0.365911,61
with_hba1c,1240,0,0.322804,33
with_hba1c,1241,0,0.46508,71
with_hba1c,1242,0,0.429703,71
with_hba1c,1243,1,0.261297,38
with_hba1c,1244,0,0.323442,45
with_hba1c,1245,0,0.22675,42
with_hba1c,1246,0,0.328159,36
with_hba1c,1247,1,0.533329,57
with_hba1c,1248,0,0.331576,56
with_hba1c,1249,1,0.415255,72
with_hba1c,1250,0,0.703543,80
with_hba1c,1251,0,0.32334,54
with_hba1c,1252,1,0.557518,62
with_hba1c,1253,0,0.596899,44
with_hba1c,1254,0,0.322201,54
with_hba1c,1255,1,0.543808,57
with_hba1c,1256,1,0.231711,40
with_hba1c,1257,1,0.395316,40
with_hba1c,1258,0,0.370716,40
with_hba1c,1259,0,0.405273,61
with_hba1c,1260,1,0.535347,62
with_hba1c,1261,1,0.617616,59
with_hba1c,1262,0,0.191774,35
with_hba1c,1264,1,0.48146,73
with_hba1c,1265,1,0.651872,80
with_hba1c,1266,0,0.351063,36
with_hba1c,1267,1,0.482179,32
with_hba1c,1268,0,0.217256,39
with_hba1c,1269,0,0.512024,80
with_hba1c,1270,0,0.461236,51
with_hba1c,1271,0,0.591942,55
with_hba1c,1272,0,0.54194,80
with_hba1c,1273,0,0.801277,66
with_hba1c,1274,1,0.317956,52
with_hba1c,1275,0,0.292069,30
with_hba1c,1276,0,0.415662,62
with_hba1c,1277,0,0.199142,33
with_hba1c,1278,0,0.32605,55
with_hba1c,1279,0,0.447927,51
with_hba1c,1280,0,0.488323,54
with_hba1c,1281,1,0.667934,80
with_hba1c,1282,1,0.768412,65
with_hba1c,1283,0,0.530893,62
with_hba1c,1284,1,0.380985,60
with_hba1c,1285,0,0.474264,60
with_hba1c,1286,1,0.472316,52
with_hba1c,1287,0,0.497671,56
with_hba1c,1288,1,0.51886,34
with_hba1c,1289,0,0.198312,33
with_hba1c,1290,0,0.289785,32
with_hba1c,1291,1,0.472508,56
with_hba1c,1292,0,0.785247,74
with_hba1c,1293,0,0.560564,63
with_hba1c,1294,0,0.342881,37
with_hba1c,1295,1,0.594132,64
with_hba1c,1296,0,0.541234,58
with_hba1c,1297,1,0.740717,57
with_hba1c,1298,0,0.679731,80
with_hba1c,1300,0,0.369425,41
with_hba1c,1301,0,0.57655,43
with_hba1c,1302,0,0.511076,39
with_hba1c,1303,0,0.504544,78
with_hba1c,1304,0,0.554785,64
with_hba1c,1305,0,0.493484,53
with_hba1c,1306,0,0.210151,36
with_hba1c,1308,0,0.3905,41
with_hba1c,1309,0,0.424331,48
with_hba1c,1310,1,0.507516,38
with_hba1c,1311,1,0.347553,57
with_hba1c,1312,1,0.699979,59
with_hba1c,1313,0,0.367837,39
with_hba1c,1314,0,0.32544,35
with_hba1c,1315,1,0.284962,48
with_hba1c,1316,1,0.345453,34
with_hba1c,1317,0,0.658698,52
with_hba1c,1318,0,0.501842,57
with_hba1c,1319,1,0.394415,65
with_hba1c,1320,0,0.193948,38
with_hba1c,1321,1,0.646442,53
with_hba1c,1322,1,0.746257,69
with_hba1c,1323,0,0.40298,43
with_hba1c,1324,1,0.193357,33
with_hba1c,1325,0,0.569379,67
with_hba1c,1326,1,0.572703,67
with_hba1c,1327,1,0.578992,40
with_hba1c,1328,1,0.393445,42
with_hba1c,1329,0,0.515192,80
with_hba1c,1331,0,0.428988,45
with_hba1c,1332,1,0.320993,55
with_hba1c,1333,1,0.762483,44
with_hba1c,1334,1,0.384285,63
with_hba1c,1335,0,0.696212,80
with_hba1c,1336,0,0.313837,34
with_hba1c,1337,0,0.431342,47
with_hba1c,1338,1,0.400688,43
with_hba1c,1339,1,0.473622,54
with_hba1c,1340,0,0.402995,65
with_hba1c,1341,1,0.746417,55
with_hba1c,1342,1,0.483853,54
with_hba1c,1343,1,0.433096,48
with_hba1c,1344,0,0.576118,70
with_hba1c,1345,0,0.326404,57
with_hba1c,1346,1,0.726331,64
with_hba1c,1347,0,0.592552,80
with_hba1c,1348,0,0.644386,73
with_hba1c,1349,0,0.509302,30
with_hba1c,1350,0,0.420034,66
with_hba1c,1351,0,0.302123,31
with_hba1c,1352,0,0.491493,54
with_hba1c,1353,0,0.263349,45
with_hba1c,1354,0,0.50625,80
with_hba1c,1355,1,0.455888,72
with_hba1c,1356,0,0.428032,69
with_hba1c,1357,1,0.634807,62
with_hba1c,1358,0,0.575303,67
with_hba1c,1359,0,0.304393,30
with_hba1c,1360,0,0.755155,70
with_hba1c,1361,1,0.476132,67
with_hba1c,1363,0,0.272604,42
with_hba1c,1364,1,0.328231,35
with_hba1c,1365,1,0.452436,50
with_hba1c,1366,0,0.573761,67
with_hba1c,1367,1,0.496981,77
with_hba1c,1368,1,0.183446,31
with_hba1c,1369,1,0.359824,57
with_hba1c,1370,0,0.428096,46
with_hba1c,1371,1,0.468476,75
with_hba1c,1372,1,0.321595,34
with_hba1c,1373,1,0.719218,63
with_hba1c,1374,0,0.567936,62
with_hba1c,1375,0,0.300377,53
with_hba1c,1376,0,0.64177,76
with_hba1c,1377,0,0.648288,61
with_hba1c,1378,1,0.341087,58
with_hba1c,1379,0,0.466778,73
with_hba1c,1380,0,0.331576,56
with_hba1c,1381,0,0.249459,42
with_hba1c,1382,0,0.303878,50
with_hba1c,1383,0,0.422306,70
with_hba1c,1384,0,0.227722,41
with_hba1c,1386,0,0.488474,71
with_hba1c,1387,1,0.703906,58
with_hba1c,1388,0,0.26209,42
with_hba1c,1389,1,0.295715,31
with_hba1c,1390,0,0.333417,34
with_hba1c,1391,0,0.379377,58
with_hba1c,1392,0,0.312024,30
with_hba1c,1393,0,0.274215,47
with_hba1c,1394,0,0.347289,38
with_hba1c,1395,1,0.463703,72
with_hba1c,1396,1,0.45525,66
with_hba1c,1397,0,0.327622,56
with_hba1c,1398,0,0.278386,40
with_hba1c,1399,1,0.50625,80
with_hba1c,1400,0,0.357352,58
with_hba1c,1401,1,0.428032,69
with_hba1c,1402,0,0.543007,42
with_hba1c,1403,0,0.436392,41
with_hba1c,1404,1,0.437494,48
with_hba1c,1405,0,0.280537,51
with_hba1c,1406,0,0.581565,80
with_hba1c,1407,0,0.520635,56
with_hba1c,1408,1,0.537494,80
with_hba1c,1409,1,0.49759,57
with_hba1c,1410,1,0.514499,60
with_hba1c,1412,1,0.566322,41
with_hba1c,1413,0,0.455519,54
with_hba1c,1414,0,0.448295,68
with_hba1c,1415,0,0.346372,57
with_hba1c,1416,1,0.653054,80
with_hba1c,1417,0,0.369126,38
with_hba1c,1418,0,0.204482,39
with_hba1c,1419,1,0.568398,65
with_hba1c,1420,0,0.472981,48
with_hba1c,1422,1,0.661781,73
with_hba1c,1423,0,0.196355,32
with_hba1c,1424,0,0.259955,44
with_hba1c,1426,1,0.210151,36
with_hba1c,1427,0,0.525787,35
with_hba1c,1428,0,0.466778,73
with_hba1c,1429,0,0.591848,68
with_hba1c,1430,0,0.494008,67
with_hba1c,1431,1,0.695684,78
with_hba1c,1432,1,0.47412,36
with_hba1c,1433,0,0.376773,60
with_hba1c,1434,0,0.284725,30
with_hba1c,1435,1,0.54561,61
with_hba1c,1436,0,0.253129,44
with_hba1c,1437,0,0.242879,41
with_hba1c,1438,1,0.505556,60
with_hba1c,1439,1,0.467384,53
with_hba1c,1440,0,0.218199,38
with_hba1c,1441,0,0.579776,65
with_hba1c,1442,0,0.319508,53
with_hba1c,1443,1,0.420071,44
with_hba1c,1445,0,0.426362,67
with_hba1c,1446,1,0.427087,60
with_hba1c,1447,0,0.504246,58
with_hba1c,1448,1,0.612186,73
with_hba1c,1449,0,0.295208,51
with_hba1c,1450,1,0.361829,38
with_hba1c,1451,1,0.51529,67
with_hba1c,1452,1,0.598424,76
with_hba1c,1453,0,0.746675,62
with_hba1c,1454,0,0.415926,51
with_hba1c,1455,1,0.211072,35
with_hba1c,1456,1,0.264488,43
with_hba1c,1457,0,0.469163,54
with_hba1c,1458,0,0.330961,36
with_hba1c,1460,1,0.446321,48
with_hba1c,1461,0,0.236358,41
with_hba1c,1462,0,0.222501,39
with_hba1c,1463,1,0.269513,49
with_hba1c,1464,0,0.505297,37
with_hba1c,1465,0,0.303291,30
with_hba1c,1466,0,0.647433,78
with_hba1c,1467,0,0.307951,53
with_hba1c,1468,0,0.529664,80
with_hba1c,1469,0,0.570712,41
with_hba1c,1470,1,0.262589,48
with_hba1c,1471,1,0.257584,43
with_hba1c,1472,0,0.427952,70
with_hba1c,1473,0,0.456508,74
with_hba1c,1474,1,0.490047,60
with_hba1c,1475,0,0.405302,46
with_hba1c,1476,1,0.667934,80
with_hba1c,1477,1,0.62417,52
with_hba1c,1478,0,0.186142,31
with_hba1c,1479,0,0.558443,44
with_hba1c,1480,0,0.47128,46
with_hba1c,1481,0,0.495152,36
with_hba1c,1482,0,0.332178,54
with_hba1c,1483,0,0.380059,63
with_hba1c,1484,0,0.388222,60
with_hba1c,1485,1,0.700071,62
with_hba1c,1486,0,0.663953,80
with_hba1c,1487,1,0.462389,53
with_hba1c,1488,1,0.412686,44
with_hba1c,1489,0,0.50316,79
with_hba1c,1490,1,0.220371,38
with_hba1c,1491,1,0.37261,44
with_hba1c,1492,1,0.316226,32
with_hba1c,1493,0,0.46055,72
with_hba1c,1494,1,0.637664,80
with_hba1c,1495,0,0.663953,80
with_hba1c,1496,1,0.649387,74
with_hba1c,1497,0,0.445458,40
with_hba1c,1498,1,0.725019,66
with_hba1c,1499,1,0.201172,33
with_hba1c,1500,0,0.441777,76
with_hba1c,1501,0,0.341087,58
with_hba1c,1502,0,0.22459,41
with_hba1c,1503,1,0.56467,64
with_hba1c,1504,0,0.710082,63
with_hba1c,1505,0,0.33309,58
with_hba1c,1506,1,0.537088,57
with_hba1c,1507,1,0.587158,50
with_hba1c,1508,0,0.303878,50
with_hba1c,1509,1,0.479386,54
with_hba1c,1510,0,0.414552,67
with_hba1c,1511,1,0.548672,62
with_hba1c,1513,0,0.433096,48
with_hba1c,1514,1,0.543918,59
with_hba1c,1515,1,0.592461,45
with_hba1c,1516,1,0.49623,40
with_hba1c,1517,1,0.302368,49
with_hba1c,1518,1,0.515192,80
with_hba1c,1519,0,0.660541,74
with_hba1c,1520,1,0.518027,34
with_hba1c,1521,0,0.671891,80
with_hba1c,1522,0,0.34387,59
with_hba1c,1523,0,0.265778,31
with_hba1c,1524,1,0.494822,59
with_hba1c,1525,0,0.163722,30
with_hba1c,1526,0,0.387868,43
with_hba1c,1527,0,0.512071,53
with_hba1c,1528,1,0.662086,80
with_hba1c,1529,1,0.471551,34
with_hba1c,1530,1,0.671891,80
with_hba1c,1531,0,0.365267,41
with_hba1c,1532,1,0.773661,80
with_hba1c,1533,0,0.398697,65
with_hba1c,1534,1,0.413878,47
with_hba1c,1535,0,0.534737,40
with_hba1c,1536,1,0.601193,65
with_hba1c,1537,1,0.426283,68
with_hba1c,1538,0,0.35741,38
with_hba1c,1539,0,0.392125,43
with_hba1c,1540,0,0.510028,60
with_hba1c,1541,1,0.551515,42
with_hba1c,1542,0,0.375202,43
with_hba1c,1543,1,0.340102,36
with_hba1c,1544,1,0.683366,69
with_hba1c,1545,1,0.327622,56
with_hba1c,1546,1,0.642995,59
with_hba1c,1547,0,0.382005,60
with_hba1c,1548,0,0.374479,65
with_hba1c,1549,1,0.259138,48
with_hba1c,1550,0,0.491814,57
with_hba1c,1551,0,0.284725,30
with_hba1c,1552,0,0.207842,33
with_hba1c,1553,1,0.459302,45
with_hba1c,1554,0,0.510722,80
with_hba1c,1555,1,0.282475,31
with_hba1c,1556,0,0.162387,35
with_hba1c,1557,0,0.340102,36
with_hba1c,1558,0,0.300106,50
with_hba1c,1559,0,0.313897,52
with_hba1c,1560,1,0.667267,49
with_hba1c,1561,1,0.67719,58
with_hba1c,1562,1,0.650248,79
with_hba1c,1563,0,0.340481,42
with_hba1c,1564,0,0.380758,56
with_hba1c,1565,0,0.411841,42
with_hba1c,1566,0,0.386908,61
with_hba1c,1567,0,0.365911,61
with_hba1c,1568,0,0.217093,35
with_hba1c,1569,0,0.313837,34
with_hba1c,1570,0,0.586177,68
with_hba1c,1571,0,0.33035,57
with_hba1c,1572,0,0.412224,45
with_hba1c,1573,0,0.360195,59
with_hba1c,1575,1,0.408955,67
with_hba1c,1576,1,0.592198,46
with_hba1c,1577,1,0.39403,63
with_hba1c,1578,0,0.493439,60
with_hba1c,1579,0,0.324623,52
with_hba1c,1580,1,0.579873,68
with_hba1c,1581,1,0.324906,55
with_hba1c,1582,1,0.552049,66
with_hba1c,1583,0,0.57389,80
with_hba1c,1584,0,0.307422,30
with_hba1c,1585,0,0.397724,42
with_hba1c,1586,0,0.604919,47
with_hba1c,1587,1,0.30736,33
with_hba1c,1588,0,0.317703,34
with_hba1c,1589,1,0.666036,50
with_hba1c,1590,1,0.639592,80
with_hba1c,1591,0,0.213353,39
with_hba1c,1592,0,0.320432,49
with_hba1c,1593,1,0.280537,51
with_hba1c,1594,0,0.337694,37
with_hba1c,1595,0,0.171206,30
with_hba1c,1596,0,0.433484,48
with_hba1c,1597,1,0.68474,80
with_hba1c,1598,0,0.236358,41
with_hba1c,1599,1,0.529514,63
with_hba1c,1600,0,0.516059,38
with_hba1c,1601,0,0.672448,48
with_hba1c,1602,1,0.660011,34
with_hba1c,1603,0,0.428313,46
with_hba1c,1605,1,0.280891,45
with_hba1c,1606,1,0.710953,80
with_hba1c,1607,1,0.658158,67
with_hba1c,1608,0,0.357219,34
with_hba1c,1609,1,0.41424,64
with_hba1c,1610,1,0.693376,58
with_hba1c,1611,1,0.471234,73
with_hba1c,1612,0,0.494944,33
with_hba1c,1613,0,0.498206,36
with_hba1c,1614,0,0.651872,80
with_hba1c,1615,0,0.49352,59
with_hba1c,1617,0,0.494582,55
with_hba1c,1618,0,0.436419,67
with_hba1c,1619,0,0.53842,63
with_hba1c,1620,0,0.373876,59
with_hba1c,1621,1,0.517504,62
with_hba1c,1622,1,0.548958,64
with_hba1c,1623,0,0.3123,33
with_hba1c,1624,0,0.704874,56
with_hba1c,1625,1,0.465755,69
with_hba1c,1626,0,0.3489,59
with_hba1c,1627,0,0.234898,36
with_hba1c,1628,0,0.439174,50
with_hba1c,1629,0,0.322865,51
with_hba1c,1630,1,0.612568,75
with_hba1c,1631,0,0.253129,44
with_hba1c,1632,1,0.647139,75
with_hba1c,1633,0,0.197434,34
with_hba1c,1634,1,0.311182,33
with_hba1c,1635,1,0.437861,65
with_hba1c,1636,1,0.638622,51
with_hba1c,1637,0,0.454663,30
with_hba1c,1638,1,0.416585,49
with_hba1c,1639,1,0.66797,55
with_hba1c,1640,0,0.586913,66
with_hba1c,1641,0,0.515239,53
with_hba1c,1642,0,0.653742,77
with_hba1c,1643,1,0.493365,61
with_hba1c,1645,0,0.463578,52
with_hba1c,1646,1,0.247453,43
with_hba1c,1647,0,0.509947,61
with_hba1c,1648,1,0.421992,67
with_hba1c,1649,0,0.471841,53
with_hba1c,1650,1,0.50792,56
with_hba1c,1651,0,0.621906,42
with_hba1c,1652,0,0.530669,46
with_hba1c,1653,1,0.189065,34
with_hba1c,1654,1,0.735339,61
with_hba1c,1655,0,0.562886,45
with_hba1c,1656,0,0.738654,72
with_hba1c,1657,1,0.660036,67
with_hba1c,1658,0,0.293414,33
with_hba1c,1659,0,0.379172,37
with_hba1c,1660,0,0.73965,68
with_hba1c,1661,1,0.520919,40
with_hba1c,1662,0,0.535021,38
with_hba1c,1663,0,0.558963,60
with_hba1c,1664,1,0.744269,68
with_hba1c,1665,1,0.354519,57
with_hba1c,1666,1,0.245159,42
with_hba1c,1667,0,0.795031,52
with_hba1c,1668,1,0.324569,57
with_hba1c,1669,0,0.470655,47
with_hba1c,1670,1,0.563686,63
with_hba1c,1671,1,0.227779,40
with_hba1c,1672,0,0.434936,55
with_hba1c,1673,0,0.704284,74
with_hba1c,1674,0,0.391671,41
with_hba1c,1675,0,0.512961,63
with_hba1c,1676,1,0.366551,40
with_hba1c,1677,0,0.485557,56
with_hba1c,1678,0,0.180781,31
with_hba1c,1679,1,0.432848,63
with_hba1c,1680,1,0.73569,61
with_hba1c,1681,0,0.501374,78
with_hba1c,1682,1,0.697824,58
with_hba1c,1683,0,0.206078,34
with_hba1c,1684,0,0.351622,57
with_hba1c,1685,0,0.407618,68
with_hba1c,1686,0,0.751021,68
with_hba1c,1687,0,0.387868,43
with_hba1c,1688,1,0.497373,36
with_hba1c,1689,0,0.277726,48
with_hba1c,1690,0,0.48016,73
with_hba1c,1691,1,0.625941,72
with_hba1c,1692,1,0.528479,55
with_hba1c,1693,1,0.648103,50
with_hba1c,1694,0,0.360831,38
with_hba1c,1695,0,0.201172,33
with_hba1c,1696,0,0.236358,41
with_hba1c,1697,1,0.331027,33
with_hba1c,1698,0,0.239838,44
with_hba1c,1699,0,0.213137,36
with_hba1c,1700,0,0.213083,37
with_hba1c,1701,0,0.297206,32
with_hba1c,1702,0,0.448759,47
with_hba1c,1703,0,0.321524,35
with_hba1c,1704,1,0.502064,57
with_hba1c,1705,1,0.616425,73
with_hba1c,1706,1,0.429308,69
with_hba1c,1707,1,0.801329,65
with_hba1c,1708,1,0.617459,53
with_hba1c,1709,1,0.181602,30
with_hba1c,1710,1,0.637646,76
with_hba1c,1711,1,0.576762,64
with_hba1c,1712,0,0.406637,45
with_hba1c,1713,0,0.661972,51
with_hba1c,1714,0,0.168862,33
with_hba1c,1715,0,0.172966,31
with_hba1c,1716,0,0.172966,31
with_hba1c,1718,0,0.195483,33
with_hba1c,1719,0,0.68859,80
with_hba1c,1720,0,0.777791,73
with_hba1c,1721,0,0.3123,33
with_hba1c,1722,0,0.255473,45
with_hba1c,1723,1,0.591178,47
with_hba1c,1724,1,0.271698,47
with_hba1c,1725,1,0.562244,65
with_hba1c,1726,1,0.248485,42
with_hba1c,1727,1,0.578577,62
with_hba1c,1729,0,0.393331,44
with_hba1c,1730,0,0.748647,64
with_hba1c,1731,0,0.350654,61
with_hba1c,1732,0,0.294631,31
with_hba1c,1734,0,0.544402,67
with_hba1c,1735,0,0.364329,59
with_hba1c,1736,1,0.389766,63
with_hba1c,1737,0,0.761796,61
with_hba1c,1738,0,0.630651,72
with_hba1c,1739,0,0.383628,43
with_hba1c,1740,0,0.354178,40
with_hba1c,1741,0,0.290092,49
with_hba1c,1743,0,0.395382,47
with_hba1c,1744,0,0.492508,77
with_hba1c,1745,1,0.594232,46
with_hba1c,1746,1,0.715416,77
with_hba1c,1747,1,0.474601,51
with_hba1c,1748,1,0.631991,73
with_hba1c,1749,1,0.406274,40
with_hba1c,1750,1,0.508323,58
with_hba1c,1751,0,0.388527,63
with_hba1c,1752,1,0.341997,40
with_hba1c,1753,1,0.63286,53
with_hba1c,1754,0,0.535821,61
with_hba1c,1755,0,0.688696,66
with_hba1c,1756,0,0.236068,39
with_hba1c,1757,0,0.659333,51
with_hba1c,1758,0,0.233144,41
with_hba1c,1759,0,0.608006,72
with_hba1c,1760,1,0.683614,80
with_hba1c,1761,1,0.548741,80
with_hba1c,1762,1,0.732332,63
with_hba1c,1763,0,0.198517,36
with_hba1c,1764,1,0.500834,54
with_hba1c,1765,1,0.431737,49
with_hba1c,1766,1,0.308539,32
with_hba1c,1767,0,0.496609,59
with_hba1c,1768,0,0.459175,73
with_hba1c,1769,0,0.507037,46
with_hba1c,1770,1,0.641877,67
with_hba1c,1771,1,0.216372,39
with_hba1c,1772,1,0.342332,57
with_hba1c,1773,1,0.676964,80
with_hba1c,1774,0,0.563613,57
with_hba1c,1775,0,0.599865,66
with_hba1c,1776,1,0.503466,60
with_hba1c,1777,0,0.257769,47
with_hba1c,1778,0,0.653095,73
with_hba1c,1779,1,0.316857,44
with_hba1c,1780,0,0.492578,33
with_hba1c,1781,0,0.371702,38
with_hba1c,1782,0,0.682987,75
with_hba1c,1783,0,0.24952,41
with_hba1c,1784,0,0.556198,34
with_hba1c,1786,0,0.636441,76
with_hba1c,1787,0,0.562641,67
with_hba1c,1788,0,0.358845,61
with_hba1c,1789,0,0.297786,52
with_hba1c,1790,1,0.488358,80
with_hba1c,1791,0,0.546009,63
with_hba1c,1792,0,0.295208,51
with_hba1c,1793,1,0.388756,67
with_hba1c,1794,0,0.239603,41
with_hba1c,1795,1,0.579481,66
with_hba1c,1796,1,0.330676,33
with_hba1c,1797,0,0.614039,79
with_hba1c,1798,0,0.480079,74
with_hba1c,1799,0,0.321844,31
with_hba1c,1800,0,0.310591,54
with_hba1c,1801,0,0.353448,35
with_hba1c,1802,0,0.593041,66
with_hba1c,1803,1,0.488358,80
with_hba1c,1804,0,0.270415,44
with_hba1c,1805,0,0.226806,41
with_hba1c,1806,0,0.30729,34
with_hba1c,1807,1,0.490132,38
with_hba1c,1808,0,0.196355,32
with_hba1c,1809,1,0.568398,66
with_hba1c,1810,0,0.512024,80
with_hba1c,1811,0,0.292069,30
with_hba1c,1812,1,0.437128,30
with_hba1c,1813,0,0.438433,76
with_hba1c,1814,1,0.326911,36
with_hba1c,1815,0,0.403969,47
with_hba1c,1816,0,0.372008,39
with_hba1c,1817,0,0.625385,80
with_hba1c,1818,0,0.281395,47
with_hba1c,1819,0,0.808976,78
with_hba1c,1820,1,0.695333,72
with_hba1c,1821,1,0.529842,40
with_hba1c,1822,0,0.507552,80
with_hba1c,1823,1,0.259707,41
with_hba1c,1824,0,0.316226,32
with_hba1c,1825,0,0.343507,57
with_hba1c,1826,1,0.354178,40
with_hba1c,1827,1,0.485638,55
with_hba1c,1828,0,0.54162,77
with_hba1c,1829,1,0.524126,80
with_hba1c,1830,0,0.22996,41
with_hba1c,1831,1,0.321243,32
with_hba1c,1832,1,0.273959,44
with_hba1c,1833,1,0.426677,70
with_hba1c,1834,1,0.65966,77
with_hba1c,1835,1,0.214283,38
with_hba1c,1836,0,0.296869,30
with_hba1c,1837,0,0.500377,59
with_hba1c,1838,1,0.394415,65
with_hba1c,1839,1,0.356715,38
with_hba1c,1840,1,0.695411,75
with_hba1c,1841,1,0.392502,43
with_hba1c,1843,0,0.216153,36
with_hba1c,1844,0,0.285028,47
with_hba1c,1845,0,0.380059,63
with_hba1c,1846,0,0.323598,30
with_hba1c,1847,1,0.528587,80
with_hba1c,1848,0,0.234077,41
with_hba1c,1849,0,0.548372,63
with_hba1c,1850,1,0.494582,55
with_hba1c,1851,0,0.332402,39
with_hba1c,1852,1,0.752623,66
with_hba1c,1853,1,0.453443,73
with_hba1c,1854,0,0.193747,35
with_hba1c,1855,0,0.332468,40
with_hba1c,1856,1,0.456504,32
with_hba1c,1857,0,0.299793,33
with_hba1c,1858,0,0.247453,43
with_hba1c,1859,1,0.575922,44
with_hba1c,1860,0,0.200284,34
with_hba1c,1861,0,0.262339,45
with_hba1c,1862,0,0.180153,35
with_hba1c,1863,0,0.369831,38
with_hba1c,1864,1,0.447922,30
with_hba1c,1865,0,0.436449,52
with_hba1c,1866,0,0.176344,30
with_hba1c,1867,1,0.28642,49
with_hba1c,1868,1,0.392048,44
with_hba1c,1869,0,0.361694,62
with_hba1c,1870,0,0.246662,47
with_hba1c,1871,1,0.577217,46
with_hba1c,1872,0,0.401649,44
with_hba1c,1873,0,0.303626,30
with_hba1c,1874,0,0.593566,67
with_hba1c,1875,1,0.432137,58
with_hba1c,1876,0,0.609971,69
with_hba1c,1877,0,0.525425,80
with_hba1c,1878,1,0.396321,44
with_hba1c,1879,0,0.27286,45
with_hba1c,1880,1,0.559637,41
with_hba1c,1881,1,0.219201,36
with_hba1c,1882,0,0.584124,44
with_hba1c,1883,0,0.476383,52
with_hba1c,1884,1,0.327622,56
with_hba1c,1885,0,0.399281,45
with_hba1c,1886,1,0.59258,68
with_hba1c,1887,1,0.515192,80
with_hba1c,1888,0,0.31237,32
with_hba1c,1889,1,0.590121,67
with_hba1c,1890,0,0.450259,33
with_hba1c,1891,0,0.192484,30
with_hba1c,1892,0,0.484175,57
with_hba1c,1893,0,0.368483,59
with_hba1c,1894,0,0.425654,62
with_hba1c,1895,0,0.53842,63
with_hba1c,1896,0,0.192684,33
with_hba1c,1897,0,0.304735,32
with_hba1c,1898,0,0.505153,58
with_hba1c,1899,1,0.388468,68
with_hba1c,1900,1,0.460231,69
with_hba1c,1901,0,0.192484,30
with_hba1c,1903,0,0.416567,45
with_hba1c,1904,0,0.479099,77
with_hba1c,1905,0,0.408285,47
with_hba1c,1906,1,0.277791,47
with_hba1c,1907,0,0.701083,79
with_hba1c,1908,1,0.363048,60
with_hba1c,1909,0,0.55081,80
with_hba1c,1910,0,0.181422,31
with_hba1c,1911,1,0.744878,64
with_hba1c,1912,0,0.519258,78
with_hba1c,1913,1,0.355151,36
with_hba1c,1914,0,0.496035,72
with_hba1c,1915,1,0.675466,57
with_hba1c,1916,1,0.650917,51
with_hba1c,1917,1,0.337982,40
with_hba1c,1918,0,0.469796,31
with_hba1c,1919,1,0.599869,45
with_hba1c,1920,0,0.324579,38
with_hba1c,1921,1,0.616121,70
with_hba1c,1922,0,0.326984,51
with_hba1c,1923,0,0.38398,60
with_hba1c,1924,0,0.277492,30
with_hba1c,1925,0,0.442825,72
with_hba1c,1926,0,0.498569,38
with_hba1c,1927,0,0.523433,60
with_hba1c,1928,0,0.446711,48
with_hba1c,1929,0,0.448375,67
with_hba1c,1930,1,0.507331,80
with_hba1c,1931,1,0.227566,41
with_hba1c,1932,0,0.222279,36
with_hba1c,1933,0,0.360195,59
with_hba1c,1934,1,0.541643,60
with_hba1c,1935,0,0.6478,80
with_hba1c,1936,1,0.589695,48
with_hba1c,1937,1,0.409312,43
with_hba1c,1938,0,0.459941,51
with_hba1c,1939,0,0.679532,78
with_hba1c,1940,0,0.266899,44
with_hba1c,1941,1,0.470241,54
with_hba1c,1942,0,0.260711,41
with_hba1c,1943,1,0.371063,57
with_hba1c,1944,1,0.462693,49
with_hba1c,1945,0,0.731158,61
with_hba1c,1946,1,0.56475,63
with_hba1c,1947,0,0.501846,36
with_hba1c,1948,1,0.409623,46
with_hba1c,1949,1,0.393445,42
with_hba1c,1950,1,0.66167,59
with_hba1c,1951,0,0.368201,60
with_hba1c,1952,0,0.350435,57
with_hba1c,1953,0,0.375474,61
with_hba1c,1954,1,0.549071,64
with_hba1c,1955,0,0.448007,50
with_hba1c,1956,1,0.446639,51
with_hba1c,1957,0,0.59051,69
with_hba1c,1958,1,0.530727,55
with_hba1c,1959,0,0.379103,40
with_hba1c,1960,1,0.569676,66
with_hba1c,1961,0,0.337694,37
with_hba1c,1962,1,0.591028,50
with_hba1c,1963,1,0.245159,42
with_hba1c,1965,0,0.344202,35
with_hba1c,1966,1,0.725519,64
with_hba1c,1967,0,0.484256,56
with_hba1c,1968,0,0.333703,37
with_hba1c,1969,1,0.474059,48
with_hba1c,1970,1,0.591148,63
with_hba1c,1971,0,0.448375,67
with_hba1c,1972,1,0.326179,31
with_hba1c,1973,0,0.21385,32
with_hba1c,1974,1,0.374253,61
with_hba1c,1975,0,0.241626,39
with_hba1c,1976,0,0.253129,44
with_hba1c,1977,0,0.305254,53
with_hba1c,1978,0,0.323693,56
with_hba1c,1979,1,0.498384,80
with_hba1c,1980,0,0.210579,42
with_hba1c,1981,0,0.225612,39
with_hba1c,1982,1,0.669089,80
with_hba1c,1983,0,0.497993,59
with_hba1c,1984,1,0.649758,55
with_hba1c,1985,0,0.222223,37
with_hba1c,1986,0,0.216372,39
with_hba1c,1987,0,0.639459,56
with_hba1c,1988,0,0.351617,36
with_hba1c,1989,0,0.524778,53
with_hba1c,1990,1,0.391467,64
with_hba1c,1991,0,0.289827,46
with_hba1c,1992,1,0.269324,45
with_hba1c,1993,1,0.37719,37
with_hba1c,1994,0,0.402917,66
with_hba1c,1995,0,0.507971,70
with_hba1c,1996,0,0.395075,44
with_hba1c,1997,0,0.741582,41
with_hba1c,1998,0,0.449615,53
with_hba1c,1999,0,0.341708,37
with_hba1c,2000,1,0.629064,53
with_hba1c,2001,0,0.328843,55
with_hba1c,2002,0,0.467534,70
with_hba1c,2003,0,0.676683,77
with_hba1c,2004,0,0.49999,79
with_hba1c,2005,0,0.230942,40
with_hba1c,2006,1,0.550061,65
with_hba1c,2007,1,0.191625,31
with_hba1c,2008,1,0.484255,51
with_hba1c,2009,0,0.318905,33
with_hba1c,2010,0,0.405302,46
with_hba1c,2011,0,0.200284,34
with_hba1c,2013,0,0.698888,80
with_hba1c,2014,0,0.178958,30
with_hba1c,2015,1,0.500319,56
with_hba1c,2016,0,0.563986,64
with_hba1c,2017,0,0.524126,80
with_hba1c,2018,0,0.666133,75
with_hba1c,2019,1,0.371016,43
with_hba1c,2020,0,0.586779,64
with_hba1c,2021,0,0.362109,37
with_hba1c,2022,0,0.246363,45
with_hba1c,2023,0,0.527196,37
with_hba1c,2024,0,0.401276,64
with_hba1c,2025,1,0.440611,46
with_hba1c,2026,1,0.382016,41
with_hba1c,2028,0,0.247453,43
with_hba1c,2029,0,0.203374,37
with_hba1c,2030,0,0.625153,76
with_hba1c,2031,0,0.217312,38
with_hba1c,2032,0,0.604749,68
with_hba1c,2033,0,0.369692,38
with_hba1c,2034,1,0.606795,67
with_hba1c,2035,1,0.246124,42
with_hba1c,2036,0,0.340463,38
with_hba1c,2037,0,0.304735,32
with_hba1c,2038,0,0.323693,56
with_hba1c,2039,0,0.614501,47
with_hba1c,2040,1,0.659587,78
with_hba1c,2041,1,0.611056,67
with_hba1c,2042,1,0.423029,63
with_hba1c,2043,1,0.363611,40
with_hba1c,2044,1,0.598748,67
with_hba1c,2045,1,0.657781,77
with_hba1c,2046,0,0.254739,36
with_hba1c,2047,0,0.370072,61
with_hba1c,2048,1,0.324623,52
with_hba1c,2049,0,0.378865,55
with_hba1c,2050,0,0.292643,50
with_hba1c,2051,0,0.582712,66
with_hba1c,2052,0,0.303563,33
with_hba1c,2053,0,0.409267,70
with_hba1c,2054,0,0.611462,51
with_hba1c,2055,0,0.378453,61
with_hba1c,2056,1,0.544237,62
with_hba1c,2059,0,0.201327,37
with_hba1c,2060,0,0.695109,80
with_hba1c,2061,1,0.617843,63
with_hba1c,2062,1,0.569676,66
with_hba1c,2063,1,0.54117,61
with_hba1c,2064,0,0.282149,30
with_hba1c,2065,0,0.343238,41
with_hba1c,2066,1,0.355961,46
with_hba1c,2067,1,0.328771,56
with_hba1c,2068,1,0.471555,76
with_hba1c,2069,0,0.363048,60
with_hba1c,2070,1,0.571427,67
with_hba1c,2071,0,0.274215,47
with_hba1c,2072,1,0.347043,50
with_hba1c,2073,1,0.570819,44
with_hba1c,2074,1,0.447325,71
with_hba1c,2075,1,0.43038,50
with_hba1c,2076,0,0.638604,55
with_hba1c,2077,1,0.407307,65
with_hba1c,2078,0,0.198517,36
with_hba1c,2079,1,0.506976,56
with_hba1c,2080,0,0.383628,43
with_hba1c,2081,0,0.635627,73
with_hba1c,2082,1,0.529885,80
with_hba1c,2083,0,0.367992,44
with_hba1c,2084,1,0.710082,63
with_hba1c,2085,1,0.213353,39
with_hba1c,2086,0,0.291432,52
with_hba1c,2087,1,0.638917,52
with_hba1c,2088,1,0.32544,35
with_hba1c,2089,0,0.234077,41
with_hba1c,2090,0,0.381079,63
with_hba1c,2091,0,0.262339,45
with_hba1c,2092,0,0.668797,54
with_hba1c,2093,1,0.429985,48
with_hba1c,2094,0,0.280277,48
with_hba1c,2095,0,0.752349,68
with_hba1c,2096,0,0.478457,71
with_hba1c,2097,0,0.445271,52
with_hba1c,2098,1,0.274957,30
with_hba1c,2099,1,0.644713,68
with_hba1c,2100,1,0.690685,75
with_hba1c,2101,0,0.530974,61
with_hba1c,2102,0,0.30298,54
with_hba1c,2103,0,0.36046,36
with_hba1c,2104,0,0.388243,43
with_hba1c,2105,0,0.386554,44
with_hba1c,2106,1,0.312966,52
with_hba1c,2107,0,0.511803,80
with_hba1c,2108,1,0.519645,58
with_hba1c,2109,0,0.311708,54
with_hba1c,2110,1,0.620757,64
with_hba1c,2111,1,0.712023,80
with_hba1c,2112,1,0.54095,61
with_hba1c,2113,0,0.280018,45
with_hba1c,2114,1,0.422272,44
with_hba1c,2115,0,0.228981,42
with_hba1c,2116,0,0.316226,32
with_hba1c,2117,0,0.318305,54
with_hba1c,2118,0,0.464308,52
with_hba1c,2119,1,0.519409,33
with_hba1c,2120,0,0.557513,41
with_hba1c,2121,1,0.522486,58
with_hba1c,2122,0,0.301541,52
with_hba1c,2123,0,0.579776,65
with_hba1c,2124,0,0.31356,31
with_hba1c,2125,0,0.577632,74
with_hba1c,2126,0,0.211072,35
with_hba1c,2127,0,0.167907,31
with_hba1c,2128,0,0.521913,51
with_hba1c,2129,1,0.434158,48
with_hba1c,2130,0,0.238129,36
with_hba1c,2131,1,0.295783,30
with_hba1c,2132,0,0.300377,53
with_hba1c,2133,0,0.676964,80
with_hba1c,2134,0,0.493892,76
with_hba1c,2135,0,0.246124,42
with_hba1c,2136,0,0.385798,39
with_hba1c,2137,0,0.271763,46
with_hba1c,2138,0,0.486033,55
with_hba1c,2140,1,0.546378,80
with_hba1c,2141,1,0.575551,44
with_hba1c,2142,0,0.302394,34
with_hba1c,2143,0,0.678244,78
with_hba1c,2145,1,0.362098,56
with_hba1c,2146,0,0.391083,62
with_hba1c,2147,0,0.276682,48
with_hba1c,2148,1,0.449346,64
with_hba1c,2149,1,0.835394,60
with_hba1c,2150,0,0.595738,67
with_hba1c,2151,1,0.451469,60
with_hba1c,2152,0,0.272017,49
with_hba1c,2153,1,0.360056,38
with_hba1c,2154,1,0.330676,33
with_hba1c,2155,0,0.449615,53
with_hba1c,2156,1,0.593417,71
with_hba1c,2157,0,0.181602,30
with_hba1c,2158,1,0.340798,55
with_hba1c,2159,0,0.323944,33
with_hba1c,2160,0,0.382899,65
with_hba1c,2161,0,0.196355,32
with_hba1c,2162,0,0.4654,74
with_hba1c,2163,1,0.451065,51
with_hba1c,2164,0,0.673749,55
with_hba1c,2165,0,0.413645,43
with_hba1c,2166,1,0.703543,80
with_hba1c,2167,1,0.55081,80
with_hba1c,2168,1,0.31836,34
with_hba1c,2169,0,0.667934,80
with_hba1c,2170,1,0.654307,79
with_hba1c,2171,0,0.52204,80
with_hba1c,2172,0,0.317105,55
with_hba1c,2173,1,0.643116,74
with_hba1c,2174,0,0.403349,41
with_hba1c,2175,0,0.367196,60
with_hba1c,2176,1,0.573169,66
with_hba1c,2177,0,0.550674,46
with_hba1c,2178,0,0.630627,75
with_hba1c,2179,0,0.622966,72
with_hba1c,2180,0,0.290357,52
with_hba1c,2181,0,0.228754,39
with_hba1c,2182,1,0.183446,31
with_hba1c,2183,1,0.595611,80
with_hba1c,2184,1,0.322804,33
with_hba1c,2185,0,0.490109,55
with_hba1c,2186,1,0.646175,53
with_hba1c,2187,0,0.475293,71
with_hba1c,2188,1,0.384938,42
with_hba1c,2189,0,0.455419,52
with_hba1c,2190,0,0.318969,30
with_hba1c,2191,1,0.612601,67
with_hba1c,2192,0,0.469901,47
with_hba1c,2193,1,0.604772,51
with_hba1c,2194,0,0.262277,46
with_hba1c,2195,1,0.508242,59
with_hba1c,2196,1,0.621593,58
with_hba1c,2197,1,0.598148,65
with_hba1c,2198,0,0.310521,55
with_hba1c,2199,0,0.260773,40
with_hba1c,2200,0,0.275575,49
with_hba1c,2201,0,0.431304,48
with_hba1c,2202,1,0.244076,44
with_hba1c,2203,1,0.573822,62
with_hba1c,2204,0,0.452437,49
with_hba1c,2205,0,0.197434,34
with_hba1c,2206,0,0.677566,79
with_hba1c,2207,1,0.689772,58
with_hba1c,2208,0,0.192484,30
with_hba1c,2209,1,0.411386,39
with_hba1c,2210,1,0.369772,58
with_hba1c,2211,0,0.381365,62
with_hba1c,2212,1,0.572747,60
with_hba1c,2213,0,0.355445,39
with_hba1c,2214,1,0.272795,46
with_hba1c,2215,0,0.418305,46
with_hba1c,2216,0,0.241626,39
with_hba1c,2217,0,0.227779,40
with_hba1c,2218,0,0.610642,70
with_hba1c,2219,0,0.268172,47
with_hba1c,2220,1,0.666056,55
with_hba1c,2221,1,0.489701,32
with_hba1c,2222,0,0.252084,45
with_hba1c,2223,1,0.461687,67
with_hba1c,2224,0,0.61188,70
with_hba1c,2225,0,0.501776,80
with_hba1c,2226,1,0.257522,44
with_hba1c,2227,0,0.44154,72
with_hba1c,2228,1,0.54194,80
with_hba1c,2229,1,0.521323,35
with_hba1c,2230,1,0.661349,58
with_hba1c,2231,1,0.370463,51
with_hba1c,2232,0,0.402327,45
with_hba1c,2233,1,0.356139,39
with_hba1c,2234,1,0.553928,61
with_hba1c,2235,0,0.407974,44
with_hba1c,2236,1,0.343597,60
with_hba1c,2237,0,0.200771,31
with_hba1c,2238,0,0.193546,32
with_hba1c,2239,1,0.703992,62
with_hba1c,2240,1,0.590121,67
with_hba1c,2241,0,0.324906,55
with_hba1c,2242,1,0.700855,59
with_hba1c,2243,0,0.288424,44
with_hba1c,2244,1,0.414988,42
with_hba1c,2245,1,0.293148,30
with_hba1c,2246,1,0.525054,63
with_hba1c,2247,0,0.294873,49
with_hba1c,2248,0,0.338242,58
with_hba1c,2249,0,0.34053,35
with_hba1c,2250,1,0.619621,50
with_hba1c,2251,0,0.62716,72
with_hba1c,2253,1,0.261021,43
with_hba1c,2254,0,0.395075,44
with_hba1c,2255,0,0.469484,57
with_hba1c,2256,1,0.349729,38
with_hba1c,2257,1,0.404637,67
with_hba1c,2258,1,0.48117,55
with_hba1c,2259,0,0.332519,52
with_hba1c,2260,0,0.182618,32
with_hba1c,2261,1,0.445639,69
with_hba1c,2262,0,0.381584,43
with_hba1c,2263,1,0.454416,70
with_hba1c,2264,0,0.346372,57
with_hba1c,2265,0,0.554785,64
with_hba1c,2266,1,0.679731,80
with_hba1c,2267,1,0.463082,70
with_hba1c,2268,1,0.302123,31
with_hba1c,2269,0,0.26127,46
with_hba1c,2270,0,0.483934,53
with_hba1c,2271,0,0.231868,40
with_hba1c,2272,1,0.502145,56
with_hba1c,2273,0,0.658737,73
with_hba1c,2274,0,0.283901,48
with_hba1c,2275,0,0.296361,50
with_hba1c,2276,1,0.43577,73
with_hba1c,2277,1,0.633854,67
with_hba1c,2278,1,0.406637,45
with_hba1c,2279,1,0.395075,44
with_hba1c,2280,1,0.673039,80
with_hba1c,2281,0,0.405224,47
with_hba1c,2282,0,0.356414,37
with_hba1c,2283,1,0.649398,54
with_hba1c,2284,0,0.347919,59
with_hba1c,2285,0,0.227552,37
with_hba1c,2286,1,0.721871,68
with_hba1c,2287,0,0.527978,30
with_hba1c,2288,1,0.710797,64
with_hba1c,2289,0,0.322804,33
with_hba1c,2290,0,0.207197,36
with_hba1c,2291,0,0.667552,52
with_hba1c,2292,1,0.676964,80
with_hba1c,2293,0,0.389183,42
with_hba1c,2294,0,0.436499,66
with_hba1c,2295,1,0.382595,62
with_hba1c,2296,0,0.217312,38
with_hba1c,2297,1,0.603733,72
with_hba1c,2298,1,0.510027,55
with_hba1c,2299,0,0.238596,42
with_hba1c,2300,0,0.317703,34
with_hba1c,2301,0,0.209021,34
with_hba1c,2302,0,0.487021,54
with_hba1c,2303,1,0.532426,57
with_hba1c,2304,0,0.384285,63
with_hba1c,2305,1,0.426066,68
with_hba1c,2306,1,0.441987,54
with_hba1c,2308,0,0.464999,72
with_hba1c,2309,0,0.555834,60
with_hba1c,2310,0,0.227779,40
with_hba1c,2311,0,0.529193,60
with_hba1c,2312,1,0.444186,50
with_hba1c,2313,0,0.623181,72
with_hba1c,2314,0,0.522424,78
with_hba1c,2315,0,0.195483,33
with_hba1c,2316,0,0.377076,63
with_hba1c,2317,1,0.50718,63
with_hba1c,2318,0,0.350492,37
with_hba1c,2319,0,0.512221,70
with_hba1c,2320,1,0.431738,48
with_hba1c,2321,1,0.490179,73
with_hba1c,2322,0,0.206289,37
with_hba1c,2323,1,0.480527,49
with_hba1c,2324,0,0.588464,44
with_hba1c,2325,0,0.163722,30
with_hba1c,2326,0,0.213353,39
with_hba1c,2327,1,0.276682,48
with_hba1c,2328,0,0.275254,47
with_hba1c,2329,0,0.445191,53
with_hba1c,2330,0,0.510722,80
with_hba1c,2332,1,0.183446,31
with_hba1c,2333,1,0.320108,32
with_hba1c,2334,1,0.72624,65
with_hba1c,2335,0,0.657652,59
with_hba1c,2336,0,0.511847,56
with_hba1c,2337,1,0.770798,61
with_hba1c,2338,0,0.528587,80
with_hba1c,2339,1,0.442574,51
with_hba1c,2340,0,0.203166,34
with_hba1c,2341,0,0.673649,56
with_hba1c,2342,1,0.398407,66
with_hba1c,2343,0,0.32544,35
with_hba1c,2344,0,0.204063,33
with_hba1c,2345,0,0.223684,41
with_hba1c,2346,0,0.386967,41
with_hba1c,2347,1,0.61188,70
with_hba1c,2348,1,0.323974,59
with_hba1c,2349,1,0.489904,43
with_hba1c,2350,0,0.423702,42
with_hba1c,2351,0,0.481932,31
with_hba1c,2352,1,0.382624,47
with_hba1c,2353,1,0.718808,62
with_hba1c,2354,0,0.494903,58
with_hba1c,2355,0,0.636441,76
with_hba1c,2356,1,0.490183,52
with_hba1c,2357,0,0.342954,36
with_hba1c,2358,0,0.449695,52
with_hba1c,2359,0,0.30736,33
with_hba1c,2360,0,0.347289,39
with_hba1c,2361,0,0.351282,40
with_hba1c,2362,0,0.501776,80
with_hba1c,2363,0,0.437811,51
with_hba1c,2364,0,0.296025,48
with_hba1c,2365,0,0.197178,32
with_hba1c,2366,0,0.309722,31
with_hba1c,2367,0,0.433698,69
with_hba1c,2368,1,0.414318,63
with_hba1c,2369,0,0.296093,47
with_hba1c,2370,0,0.429388,68
with_hba1c,2371,0,0.316226,32
with_hba1c,2372,1,0.495167,50
with_hba1c,2373,1,0.382389,41
with_hba1c,2374,0,0.401354,63
with_hba1c,2375,0,0.555233,80
with_hba1c,2376,1,0.329168,31
with_hba1c,2377,0,0.65332,57
with_hba1c,2378,0,0.197434,34
with_hba1c,2379,1,0.18447,33
with_hba1c,2380,1,0.575804,67
with_hba1c,2381,0,0.180781,31
with_hba1c,2382,0,0.604979,72
with_hba1c,2383,1,0.648931,55
with_hba1c,2384,1,0.450013,55
with_hba1c,2385,0,0.226806,41
with_hba1c,2386,1,0.292377,47
with_hba1c,2387,0,0.211286,38
with_hba1c,2388,0,0.49666,74
with_hba1c,2389,0,0.282711,50
with_hba1c,2390,0,0.460985,66
with_hba1c,2391,0,0.352885,56
with_hba1c,2392,1,0.359027,51
with_hba1c,2393,1,0.400997,46
with_hba1c,2394,0,0.234135,40
with_hba1c,2395,0,0.364968,38
with_hba1c,2396,1,0.199399,35
with_hba1c,2397,1,0.279162,49
with_hba1c,2398,0,0.503769,59
with_hba1c,2399,0,0.441222,69
with_hba1c,2400,1,0.690177,57
with_hba1c,2401,0,0.464673,48
with_hba1c,2402,0,0.221267,38
with_hba1c,2403,1,0.390659,46
with_hba1c,2404,1,0.551304,62
with_hba1c,2405,0,0.274957,30
with_hba1c,2406,0,0.231868,40
with_hba1c,2407,1,0.398032,45
with_hba1c,2408,0,0.449695,52
with_hba1c,2409,1,0.427717,66
with_hba1c,2410,0,0.464886,33
with_hba1c,2411,1,0.536467,55
with_hba1c,2413,1,0.17213,33
with_hba1c,2414,1,0.356715,38
with_hba1c,2415,0,0.790205,75
with_hba1c,2416,1,0.679272,65
with_hba1c,2417,1,0.442833,46
with_hba1c,2418,0,0.651214,75
with_hba1c,2419,0,0.436133,49
with_hba1c,2420,1,0.647433,78
with_hba1c,2421,0,0.455738,55
with_hba1c,2422,0,0.443269,47
with_hba1c,2423,1,0.530169,41
with_hba1c,2424,1,0.555421,70
with_hba1c,2425,0,0.413878,47
with_hba1c,2426,0,0.365565,44
with_hba1c,2427,0,0.49759,57
with_hba1c,2428,0,0.505994,54
with_hba1c,2429,0,0.337694,37
with_hba1c,2430,1,0.222501,39
with_hba1c,2431,1,0.568154,60
with_hba1c,2432,1,0.537494,80
with_hba1c,2433,1,0.594752,70
with_hba1c,2434,0,0.283835,49
with_hba1c,2435,1,0.420244,45
with_hba1c,2436,0,0.527203,39
with_hba1c,2437,0,0.240849,43
with_hba1c,2438,0,0.481863,75
with_hba1c,2439,0,0.55655,65
with_hba1c,2440,1,0.231653,41
with_hba1c,2441,1,0.290357,52
with_hba1c,2442,0,0.399281,45
with_hba1c,2443,1,0.365537,59
with_hba1c,2444,1,0.299523,30
with_hba1c,2445,1,0.228754,39
with_hba1c,2446,1,0.406637,45
with_hba1c,2447,1,0.479386,54
with_hba1c,2448,0,0.235361,42
with_hba1c,2449,1,0.296837,31
with_hba1c,2450,0,0.671507,77
with_hba1c,2451,0,0.395353,62
with_hba1c,2452,0,0.205174,35
with_hba1c,2453,0,0.735842,69
with_hba1c,2454,0,0.2508,43
with_hba1c,2455,1,0.654485,69
with_hba1c,2456,1,0.299523,30
with_hba1c,2457,0,0.377801,41
with_hba1c,2458,1,0.498315,62
with_hba1c,2459,0,0.508323,58
with_hba1c,2460,0,0.345744,37
with_hba1c,2461,0,0.303594,30
with_hba1c,2462,0,0.485948,77
with_hba1c,2463,0,0.324076,50
with_hba1c,2464,0,0.547301,63
with_hba1c,2465,1,0.664717,64
with_hba1c,2466,1,0.394815,55
with_hba1c,2467,1,0.397371,66
with_hba1c,2468,0,0.57739,70
with_hba1c,2469,1,0.512714,59
with_hba1c,2470,0,0.238537,43
with_hba1c,2471,1,0.670005,50
with_hba1c,2472,1,0.53818,59
with_hba1c,2473,0,0.419887,49
with_hba1c,2474,0,0.559562,60
with_hba1c,2475,1,0.250739,44
with_hba1c,2476,0,0.305909,31
with_hba1c,2477,0,0.261207,47
with_hba1c,2478,1,0.67106,54
with_hba1c,2479,1,0.365612,58
with_hba1c,2480,1,0.62716,72
with_hba1c,2481,0,0.218255,37
with_hba1c,2482,0,0.452744,72
with_hba1c,2483,1,0.657858,55
with_hba1c,2484,0,0.707445,80
with_hba1c,2485,0,0.333703,37
with_hba1c,2486,0,0.305323,52
with_hba1c,2487,0,0.427952,70
with_hba1c,2488,0,0.28529,50
with_hba1c,2489,0,0.528158,52
with_hba1c,2490,0,0.52612,52
with_hba1c,2491,0,0.540534,71
with_hba1c,2492,0,0.308687,34
with_hba1c,2493,0,0.32213,55
with_hba1c,2494,0,0.781396,74
with_hba1c,2495,0,0.338371,37
with_hba1c,2496,0,0.807966,80
with_hba1c,2497,0,0.440141,47
with_hba1c,2498,1,0.60863,45
with_hba1c,2499,0,0.330961,36
with_hba1c,2500,0,0.405972,66
with_hba1c,2501,1,0.493117,57
with_hba1c,2502,0,0.251842,42
with_hba1c,2503,0,0.30736,33
with_hba1c,2504,1,0.305968,49
with_hba1c,2505,0,0.445589,55
with_hba1c,2506,0,0.227779,40
with_hba1c,2507,1,0.416958,47
with_hba1c,2509,0,0.489536,67
with_hba1c,2510,0,0.235361,42
with_hba1c,2511,0,0.384633,39
with_hba1c,2512,0,0.400677,62
with_hba1c,2513,0,0.441903,48
with_hba1c,2514,0,0.358282,40
with_hba1c,2515,1,0.396321,44
with_hba1c,2516,0,0.178146,31
with_hba1c,2517,0,0.266068,48
with_hba1c,2518,0,0.32213,55
with_hba1c,2519,0,0.185305,32
with_hba1c,2520,0,0.546009,63
with_hba1c,2521,1,0.501736,33
with_hba1c,2522,0,0.561922,41
with_hba1c,2523,0,0.23931,39
with_hba1c,2524,1,0.52571,38
with_hba1c,2525,1,0.441142,70
with_hba1c,2526,1,0.411384,42
with_hba1c,2527,0,0.355041,38
with_hba1c,2528,0,0.644606,77
with_hba1c,2529,0,0.347919,59
with_hba1c,2531,1,0.377152,62
with_hba1c,2532,0,0.266899,44
with_hba1c,2533,0,0.2373,41
with_hba1c,2534,0,0.197434,34
with_hba1c,2536,0,0.288689,47
with_hba1c,2537,1,0.22675,42
with_hba1c,2538,1,0.46652,50
with_hba1c,2539,0,0.321595,34
with_hba1c,2540,0,0.329096,32
with_hba1c,2541,0,0.553198,65
with_hba1c,2542,0,0.537494,80
with_hba1c,2543,0,0.74967,80
with_hba1c,2544,1,0.454416,70
with_hba1c,2545,0,0.516575,79
with_hba1c,2546,0,0.416333,41
with_hba1c,2547,0,0.507331,80
with_hba1c,2548,0,0.186982,30
with_hba1c,2549,0,0.306499,51
with_hba1c,2550,1,0.57541,65
with_hba1c,2551,0,0.411634,65
with_hba1c,2552,0,0.342332,57
with_hba1c,2553,0,0.415613,48
with_hba1c,2554,0,0.299523,30
with_hba1c,2555,0,0.36275,57
with_hba1c,2556,1,0.666455,53
with_hba1c,2557,0,0.547381,62
with_hba1c,2558,0,0.256527,44
with_hba1c,2559,0,0.18447,33
with_hba1c,2560,1,0.523433,60
with_hba1c,2561,1,0.578116,60
with_hba1c,2562,0,0.692226,80
with_hba1c,2563,0,0.516494,80
with_hba1c,2564,0,0.511497,65
with_hba1c,2565,0,0.591848,68
with_hba1c,2566,0,0.524887,56
with_hba1c,2567,0,0.776714,71
with_hba1c,2568,1,0.589171,70
with_hba1c,2570,0,0.49759,57
with_hba1c,2571,1,0.664901,76
with_hba1c,2572,0,0.4555,51
with_hba1c,2573,0,0.346003,34
with_hba1c,2574,0,0.609586,37
with_hba1c,2575,1,0.810727,80
with_hba1c,2576,1,0.60672,65
with_hba1c,2577,0,0.458926,30
with_hba1c,2578,0,0.236068,39
with_hba1c,2579,1,0.439174,50
with_hba1c,2580,1,0.30736,33
with_hba1c,2581,1,0.557915,64
with_hba1c,2582,0,0.281916,53
with_hba1c,2583,1,0.208967,35
with_hba1c,2584,1,0.458567,52
with_hba1c,2585,1,0.496785,35
with_hba1c,2586,1,0.375852,63
with_hba1c,2587,0,0.530356,38
with_hba1c,2588,1,0.329884,42
with_hba1c,2589,0,0.296361,50
with_hba1c,2590,1,0.575489,64
with_hba1c,2591,0,0.488033,35
with_hba1c,2592,1,0.496357,75
with_hba1c,2593,0,0.432418,69
with_hba1c,2594,1,0.530974,61
with_hba1c,2595,1,0.685684,60
with_hba1c,2596,1,0.649724,55
with_hba1c,2597,0,0.195483,33
with_hba1c,2599,1,0.365565,44
with_hba1c,2600,0,0.349468,61
with_hba1c,2601,1,0.500761,57
with_hba1c,2602,1,0.375852,63
with_hba1c,2603,0,0.604341,49
with_hba1c,2604,0,0.562641,67
with_hba1c,2605,1,0.52165,59
with_hba1c,2606,0,0.577434,63
with_hba1c,2607,0,0.280212,49
with_hba1c,2608,0,0.330889,37
with_hba1c,2609,0,0.442825,72
with_hba1c,2610,0,0.291233,48
with_hba1c,2611,0,0.254754,40
with_hba1c,2612,1,0.412637,30
with_hba1c,2613,1,0.330889,37
with_hba1c,2614,0,0.346894,36
with_hba1c,2615,0,0.524814,59
with_hba1c,2616,0,0.189915,33
with_hba1c,2617,1,0.391161,61
with_hba1c,2618,0,0.192445,35
with_hba1c,2619,0,0.531047,58
with_hba1c,2620,0,0.614605,50
with_hba1c,2621,0,0.616502,72
with_hba1c,2622,0,0.172966,31
with_hba1c,2623,0,0.188868,31
with_hba1c,2624,0,0.351282,40
with_hba1c,2625,0,0.211286,38
with_hba1c,2626,1,0.450302,73
with_hba1c,2627,0,0.486397,52
with_hba1c,2628,0,0.199399,35
with_hba1c,2629,0,0.441222,69
with_hba1c,2630,1,0.535428,61
with_hba1c,2631,0,0.246184,41
with_hba1c,2632,1,0.386554,44
with_hba1c,2633,0,0.350435,57
with_hba1c,2634,0,0.324579,38
with_hba1c,2635,1,0.178146,31
with_hba1c,2636,0,0.243115,44
with_hba1c,2637,0,0.450367,50
with_hba1c,2638,0,0.352619,38
with_hba1c,2639,1,0.532592,64
with_hba1c,2640,1,0.36267,37
with_hba1c,2641,0,0.455562,31
with_hba1c,2642,0,0.436815,69
with_hba1c,2644,0,0.22346,38
with_hba1c,2645,0,0.569756,64
with_hba1c,2646,0,0.421364,61
with_hba1c,2647,0,0.3123,33
with_hba1c,2648,1,0.397646,43
with_hba1c,2649,1,0.357252,32
with_hba1c,2650,0,0.469774,75
with_hba1c,2651,1,0.343244,39
with_hba1c,2652,1,0.273959,44
with_hba1c,2653,1,0.516893,40
with_hba1c,2654,1,0.406608,60
with_hba1c,2655,1,0.646845,72
with_hba1c,2656,1,0.332804,55
with_hba1c,2657,0,0.510682,33
with_hba1c,2658,1,0.723822,52
with_hba1c,2659,0,0.484225,71
with_hba1c,2660,1,0.729116,69
with_hba1c,2661,1,0.636143,73
with_hba1c,2662,0,0.255473,45
with_hba1c,2663,1,0.227552,37
with_hba1c,2664,1,0.527814,61
with_hba1c,2665,1,0.473993,71
with_hba1c,2666,1,0.256527,44
with_hba1c,2667,0,0.327558,31
with_hba1c,2668,0,0.238596,42
with_hba1c,2669,0,0.372958,62
with_hba1c,2670,0,0.375551,60
with_hba1c,2671,0,0.285028,47
with_hba1c,2672,0,0.194613,34
with_hba1c,2673,0,0.532592,64
with_hba1c,2674,1,0.449684,71
with_hba1c,2675,0,0.552982,46
with_hba1c,2676,0,0.180781,31
with_hba1c,2677,0,0.219421,39
with_hba1c,2678,0,0.389183,42
with_hba1c,2679,0,0.438857,47
with_hba1c,2680,1,0.590121,67
with_hba1c,2681,0,0.343244,39
with_hba1c,2682,1,0.657097,80
with_hba1c,2683,0,0.659587,78
with_hba1c,2684,1,0.348007,46
with_hba1c,2685,1,0.56696,68
with_hba1c,2686,0,0.255228,42
with_hba1c,2687,1,0.363048,60
with_hba1c,2688,0,0.669089,80
with_hba1c,2689,0,0.581516,66
with_hba1c,2690,0,0.703439,60
with_hba1c,2691,0,0.31356,31
with_hba1c,2692,0,0.55647,66
with_hba1c,2693,1,0.277017,38
with_hba1c,2694,0,0.2508,43
with_hba1c,2695,1,0.412615,47
with_hba1c,2696,0,0.50238,39
with_hba1c,2697,1,0.38398,60
with_hba1c,2698,1,0.626725,52
with_hba1c,2699,0,0.485557,56
with_hba1c,2700,0,0.376726,46
with_hba1c,2701,0,0.402685,62
with_hba1c,2702,1,0.457881,73
with_hba1c,2703,0,0.262277,46
with_hba1c,2704,1,0.263662,47
with_hba1c,2705,0,0.282777,49
with_hba1c,2706,1,0.233144,41
with_hba1c,2707,0,0.324579,38
with_hba1c,2708,1,0.53842,63
with_hba1c,2709,0,0.263662,47
with_hba1c,2710,1,0.650224,52
with_hba1c,2711,0,0.474314,74
with_hba1c,2712,1,0.595544,62
with_hba1c,2713,0,0.344829,55
with_hba1c,2714,0,0.397679,69
with_hba1c,2715,0,0.198312,33
with_hba1c,2716,0,0.453443,73
with_hba1c,2717,0,0.208107,35
with_hba1c,2718,0,0.826993,52
with_hba1c,2719,1,0.291233,48
with_hba1c,2720,1,0.717595,64
with_hba1c,2721,1,0.579564,44
with_hba1c,2722,0,0.409623,46
with_hba1c,2723,0,0.470542,53
with_hba1c,2724,1,0.190769,32
with_hba1c,2725,0,0.258891,45
with_hba1c,2726,1,0.240613,40
with_hba1c,2727,0,0.454496,69
with_hba1c,2728,0,0.371283,40
with_hba1c,2729,0,0.251842,42
with_hba1c,2730,1,0.48117,55
with_hba1c,2731,0,0.494867,52
with_hba1c,2732,0,0.216153,36
with_hba1c,2733,0,0.240613,40
with_hba1c,2734,0,0.358207,41
with_hba1c,2735,0,0.472242,55
with_hba1c,2736,0,0.649465,52
with_hba1c,2737,0,0.221102,34
with_hba1c,2738,0,0.193747,35
with_hba1c,2739,0,0.483558,48
with_hba1c,2740,0,0.660923,59
with_hba1c,2741,0,0.275319,46
with_hba1c,2742,0,0.414631,66
with_hba1c,2743,1,0.675648,65
with_hba1c,2744,1,0.676964,80
with_hba1c,2745,0,0.599013,40
with_hba1c,2746,0,0.195685,36
with_hba1c,2747,0,0.476704,55
with_hba1c,2748,1,0.729826,76
with_hba1c,2749,1,0.451672,72
with_hba1c,2750,0,0.223684,41
with_hba1c,2751,0,0.353947,55
with_hba1c,2752,1,0.625229,75
with_hba1c,2754,0,0.369425,41
with_hba1c,2755,0,0.252084,45
with_hba1c,2756,0,0.55189,47
with_hba1c,2757,0,0.268236,46
with_hba1c,2758,1,0.462246,74
with_hba1c,2759,0,0.392787,63
with_hba1c,2760,0,0.399359,44
with_hba1c,2761,0,0.394767,41
with_hba1c,2762,0,0.316434,36
with_hba1c,2763,1,0.37685,59
with_hba1c,2764,1,0.414234,43
with_hba1c,2765,0,0.53397,63
with_hba1c,2766,0,0.403338,60
with_hba1c,2767,1,0.384589,66
with_hba1c,2768,0,0.485019,32
with_hba1c,2770,0,0.494249,71
with_hba1c,2771,1,0.454815,72
with_hba1c,2772,0,0.175541,31
with_hba1c,2773,1,0.650379,58
with_hba1c,2774,0,0.238596,42
with_hba1c,2775,1,0.498647,32
with_hba1c,2776,0,0.514941,33
with_hba1c,2777,1,0.266835,45
with_hba1c,2778,0,0.222501,39
with_hba1c,2779,1,0.604475,57
with_hba1c,2780,1,0.189718,30
with_hba1c,2781,0,0.268236,46
with_hba1c,2782,1,0.496646,57
with_hba1c,2783,0,0.290092,49
with_hba1c,2785,0,0.31237,32
with_hba1c,2786,1,0.644901,80
with_hba1c,2787,1,0.359555,39
with_hba1c,2788,1,0.334577,34
with_hba1c,2789,0,0.458567,52
with_hba1c,2790,0,0.379406,43
with_hba1c,2791,0,0.488133,64
with_hba1c,2792,0,0.690273,60
with_hba1c,2793,1,0.180924,35
with_hba1c,2794,0,0.176344,30
with_hba1c,2795,1,0.198312,33
with_hba1c,2796,0,0.451065,51
with_hba1c,2797,1,0.619035,50
with_hba1c,2798,0,0.406637,45
with_hba1c,2799,1,0.222279,36
with_hba1c,2800,0,0.369425,41
with_hba1c,2801,1,0.335001,33
with_hba1c,2802,0,0.443586,50
with_hba1c,2803,1,0.431809,46
with_hba1c,2804,0,0.450382,72
with_hba1c,2806,1,0.254177,43
with_hba1c,2807,1,0.255473,45
with_hba1c,2808,1,0.50625,80
with_hba1c,2809,1,0.514097,58
with_hba1c,2810,1,0.434376,48
with_hba1c,2811,0,0.185256,33
with_hba1c,2812,1,0.289827,46
with_hba1c,2813,0,0.573018,70
with_hba1c,2814,0,0.353884,37
with_hba1c,2816,1,0.342525,34
with_hba1c,2817,1,0.607929,73
with_hba1c,2818,1,0.175541,31
with_hba1c,2819,0,0.485996,55
with_hba1c,2820,0,0.491493,54
with_hba1c,2821,1,0.434772,50
with_hba1c,2822,0,0.629112,72
with_hba1c,2823,0,0.428993,66
with_hba1c,2825,0,0.302437,48
with_hba1c,2826,1,0.542801,38
with_hba1c,2827,0,0.415301,45
with_hba1c,2828,1,0.318739,36
with_hba1c,2829,1,0.360212,63
with_hba1c,2831,0,0.440172,31
with_hba1c,2832,1,0.54801,39
with_hba1c,2833,0,0.165974,32
with_hba1c,2834,1,0.47322,52
with_hba1c,2835,1,0.612986,47
with_hba1c,2836,0,0.365267,41
with_hba1c,2837,0,0.21221,37
with_hba1c,2838,1,0.3749,40
with_hba1c,2839,0,0.176344,30
with_hba1c,2840,0,0.241626,39
with_hba1c,2841,0,0.30415,53
with_hba1c,2842,1,0.586098,70
with_hba1c,2843,1,0.60216,50
with_hba1c,2844,0,0.381365,62
with_hba1c,2845,0,0.510722,80
with_hba1c,2846,1,0.58886,67
with_hba1c,2847,0,0.185305,32
with_hba1c,2848,0,0.196355,32
with_hba1c,2849,0,0.225612,39
with_hba1c,2851,1,0.518348,37
with_hba1c,2852,0,0.517586,61
with_hba1c,2853,0,0.728256,69
with_hba1c,2854,0,0.620815,59
with_hba1c,2855,0,0.340102,36
with_hba1c,2857,0,0.480481,76
with_hba1c,2858,0,0.308539,32
with_hba1c,2859,1,0.389843,62
with_hba1c,2860,0,0.539864,80
with_hba1c,2861,0,0.218035,34
with_hba1c,2862,0,0.180781,31
with_hba1c,2863,1,0.204964,32
with_hba1c,2864,1,0.462646,76
with_hba1c,2865,0,0.377801,41
with_hba1c,2866,0,0.195634,37
with_hba1c,2867,0,0.475323,56
with_hba1c,2868,0,0.461956,56
with_hba1c,2869,1,0.347627,56
with_hba1c,2870,0,0.202958,31
with_hba1c,2871,1,0.665115,80
with_hba1c,2872,1,0.78893,54
with_hba1c,2873,0,0.207197,36
with_hba1c,2874,1,0.360831,38
with_hba1c,2875,0,0.692415,80
with_hba1c,2876,0,0.276682,48
with_hba1c,2877,1,0.461849,30
with_hba1c,2878,1,0.322804,33
with_hba1c,2879,0,0.211018,36
with_hba1c,2880,1,0.488106,33
with_hba1c,2883,0,0.391147,44
with_hba1c,2884,1,0.739461,80
with_hba1c,2885,0,0.462566,77
with_hba1c,2886,0,0.515192,80
with_hba1c,2887,0,0.361053,42
with_hba1c,2888,0,0.205174,35
with_hba1c,2889,0,0.535667,65
with_hba1c,2890,0,0.623791,75
with_hba1c,2891,0,0.206289,37
with_hba1c,2892,0,0.655824,54
with_hba1c,2893,1,0.382672,61
with_hba1c,2894,1,0.569676,66
with_hba1c,2895,0,0.213137,36
with_hba1c,2896,0,0.422514,47
with_hba1c,2897,0,0.478894,65
with_hba1c,2898,0,0.287553,48
with_hba1c,2899,0,0.19528,30
with_hba1c,2900,1,0.302054,32
with_hba1c,2901,0,0.465516,65
with_hba1c,2902,0,0.372657,59
with_hba1c,2903,0,0.349792,56
with_hba1c,2904,0,0.406937,67
with_hba1c,2905,0,0.795977,76
with_hba1c,2906,0,0.585864,66
with_hba1c,2907,0,0.265433,30
with_hba1c,2908,1,0.522052,61
with_hba1c,2909,1,0.470241,53
with_hba1c,2910,1,0.412303,44
with_hba1c,2911,1,0.432103,66
with_hba1c,2912,0,0.204482,39
with_hba1c,2913,0,0.322733,34
with_hba1c,2914,0,0.372958,62
with_hba1c,2915,1,0.408566,65
with_hba1c,2916,0,0.62782,73
with_hba1c,2918,1,0.552129,65
with_hba1c,2919,0,0.360831,38
with_hba1c,2920,0,0.454481,47
with_hba1c,2921,1,0.302708,51
with_hba1c,2922,1,0.492427,78
with_hba1c,2924,0,0.514499,60
with_hba1c,2925,1,0.474991,72
with_hba1c,2926,0,0.652179,71
with_hba1c,2927,0,0.242879,41
with_hba1c,2928,1,0.481542,72
with_hba1c,2929,1,0.396091,40
with_hba1c,2930,0,0.277791,47
with_hba1c,2931,0,0.502466,59
with_hba1c,2932,1,0.43893,44
with_hba1c,2933,1,0.303223,31
with_hba1c,2934,0,0.431421,46
with_hba1c,2936,0,0.412897,65
with_hba1c,2937,1,0.581432,46
with_hba1c,2938,0,0.495117,35
with_hba1c,2939,0,0.417271,50
with_hba1c,2940,1,0.604464,48
with_hba1c,2941,1,0.65545,51
with_hba1c,2942,0,0.356007,60
with_hba1c,2943,0,0.51377,34
with_hba1c,2944,0,0.40194,43
with_hba1c,2945,0,0.488501,40
with_hba1c,2946,1,0.406637,45
with_hba1c,2947,0,0.60415,69
with_hba1c,2948,0,0.520961,80
with_hba1c,2949,1,0.65396,43
with_hba1c,2950,0,0.497912,60
with_hba1c,2951,1,0.623251,71
with_hba1c,2952,1,0.28386,34
with_hba1c,2953,1,0.558963,60
with_hba1c,2954,0,0.368436,45
with_hba1c,2955,1,0.504436,52
with_hba1c,2956,1,0.53842,63
with_hba1c,2957,1,0.386319,38
with_hba1c,2958,1,0.520848,41
with_hba1c,2959,0,0.259955,44
with_hba1c,2960,1,0.287553,48
with_hba1c,2961,1,0.280212,49
with_hba1c,2962,0,0.537494,80
with_hba1c,2963,0,0.551492,59
with_hba1c,2964,0,0.287248,31
with_hba1c,2965,0,0.308196,30
with_hba1c,2966,1,0.465973,53
with_hba1c,2967,0,0.652836,76
with_hba1c,2968,0,0.38398,60
with_hba1c,2969,0,0.213137,36
with_hba1c,2970,0,0.374947,54
with_hba1c,2971,1,0.471984,32
with_hba1c,2972,0,0.195685,36
with_hba1c,2973,0,0.351753,36
with_hba1c,2974,0,0.20832,38
with_hba1c,2975,1,0.569028,67
with_hba1c,2976,0,0.318305,54
with_hba1c,2977,0,0.502536,77
with_hba1c,2978,0,0.319788,56
with_hba1c,2979,0,0.51133,60
with_hba1c,2980,1,0.234135,40
with_hba1c,2981,0,0.221323,37
with_hba1c,2982,1,0.532271,61
with_hba1c,2983,0,0.21221,37
with_hba1c,2984,0,0.415534,49
with_hba1c,2985,0,0.235361,42
with_hba1c,2986,1,0.375551,60
with_hba1c,2987,1,0.405613,49
with_hba1c,2988,1,0.443017,46
with_hba1c,2989,0,0.423892,73
with_hba1c,2990,0,0.322733,34
with_hba1c,2991,0,0.479788,56
with_hba1c,2992,0,0.197434,34
with_hba1c,2993,0,0.181602,30
with_hba1c,2994,1,0.498331,50
with_hba1c,2995,0,0.339555,56
with_hba1c,2996,0,0.483848,33
with_hba1c,2997,1,0.618271,79
with_hba1c,2998,1,0.447927,51
with_hba1c,2999,1,0.485708,73
with_hba1c,3000,0,0.295983,34
with_hba1c,3001,1,0.297517,49
with_hba1c,3002,1,0.327056,50
with_hba1c,3003,1,0.21178,31
with_hba1c,3004,0,0.663953,80
with_hba1c,3005,0,0.22346,38
with_hba1c,3006,1,0.291233,48
with_hba1c,3007,0,0.389903,42
with_hba1c,3008,0,0.397646,43
with_hba1c,3009,0,0.236358,41
with_hba1c,3010,1,0.499319,47
with_hba1c,3011,1,0.722516,56
with_hba1c,3012,0,0.206236,38
with_hba1c,3013,0,0.529595,62
with_hba1c,3014,0,0.43035,65
with_hba1c,3015,1,0.637323,47
with_hba1c,3016,0,0.428032,69
with_hba1c,3017,1,0.355739,37
with_hba1c,3018,1,0.635765,50
with_hba1c,3019,1,0.453728,50
with_hba1c,3020,0,0.176344,30
with_hba1c,3021,1,0.578421,45
with_hba1c,3022,0,0.309997,34
with_hba1c,3023,0,0.488675,37
with_hba1c,3024,1,0.425009,68
with_hba1c,3025,1,0.341708,37
with_hba1c,3026,0,0.390149,65
with_hba1c,3027,0,0.309132,52
with_hba1c,3028,1,0.410535,44
with_hba1c,3029,1,0.335841,59
with_hba1c,3030,1,0.562641,67
with_hba1c,3031,0,0.349803,37
with_hba1c,3032,0,0.347289,39
with_hba1c,3033,1,0.630322,51
with_hba1c,3034,0,0.277791,47
with_hba1c,3035,0,0.443586,50
with_hba1c,3036,0,0.766685,69
with_hba1c,3037,0,0.674044,75
with_hba1c,3038,0,0.395075,44
with_hba1c,3039,1,0.451753,71
with_hba1c,3040,1,0.565671,39
with_hba1c,3041,1,0.46087,75
with_hba1c,3042,0,0.413645,43
with_hba1c,3043,0,0.327947,32
with_hba1c,3044,1,0.308599,50
with_hba1c,3045,0,0.274151,48
with_hba1c,3046,1,0.400334,67
with_hba1c,3047,0,0.384208,64
with_hba1c,3048,0,0.456188,71
with_hba1c,3049,1,0.285787,30
with_hba1c,3050,1,0.426958,47
with_hba1c,3051,0,0.50694,59
with_hba1c,3052,0,0.544637,63
with_hba1c,3053,1,0.663953,80
with_hba1c,3054,1,0.616502,72
with_hba1c,3055,1,0.751021,68
with_hba1c,3056,1,0.375912,43
with_hba1c,3057,0,0.258891,45
with_hba1c,3058,0,0.262913,38
with_hba1c,3059,0,0.524126,80
with_hba1c,3060,0,0.328843,55
with_hba1c,3061,0,0.431658,50
with_hba1c,3062,0,0.409983,63
with_hba1c,3063,0,0.34757,61
with_hba1c,3064,0,0.540531,55
with_hba1c,3065,0,0.396706,46
with_hba1c,3066,0,0.402995,65
with_hba1c,3067,1,0.530572,59
with_hba1c,3068,1,0.544489,63
with_hba1c,3069,0,0.3765,42
with_hba1c,3070,1,0.356345,36
with_hba1c,3071,0,0.349176,58
with_hba1c,3073,0,0.673778,76
with_hba1c,3074,1,0.414631,66
with_hba1c,3075,0,0.331504,57
with_hba1c,3076,1,0.369126,38
with_hba1c,3077,1,0.412536,48
with_hba1c,3078,0,0.57701,65
with_hba1c,3079,1,0.402636,43
with_hba1c,3080,0,0.440538,49
with_hba1c,3081,0,0.234366,43
with_hba1c,3082,1,0.671891,80
with_hba1c,3083,0,0.485602,49
with_hba1c,3084,0,0.629034,48
with_hba1c,3085,0,0.466778,73
with_hba1c,3086,1,0.340509,52
with_hba1c,3087,1,0.741187,64
with_hba1c,3088,0,0.315094,30
with_hba1c,3089,0,0.390149,65
with_hba1c,3091,0,0.292643,50
with_hba1c,3092,0,0.6884,80
with_hba1c,3093,1,0.695109,80
with_hba1c,3094,0,0.382672,61
with_hba1c,3095,1,0.449695,52
with_hba1c,3096,0,0.407307,65
with_hba1c,3097,1,0.521971,62
with_hba1c,3098,0,0.557587,80
with_hba1c,3099,1,0.550622,56
with_hba1c,3100,0,0.329452,34
with_hba1c,3101,1,0.330738,51
with_hba1c,3102,1,0.420563,69
with_hba1c,3103,0,0.351696,56
with_hba1c,3104,0,0.518968,60
with_hba1c,3105,1,0.735999,80
with_hba1c,3106,0,0.258891,45
with_hba1c,3107,0,0.286157,46
with_hba1c,3108,0,0.311777,53
with_hba1c,3109,1,0.311777,53
with_hba1c,3110,0,0.426283,68
with_hba1c,3111,0,0.659371,74
with_hba1c,3112,0,0.697784,78
with_hba1c,3113,0,0.241862,42
with_hba1c,3114,0,0.453124,70
with_hba1c,3115,0,0.440538,49
with_hba1c,3116,0,0.308539,32
with_hba1c,3117,1,0.496947,51
with_hba1c,3118,0,0.606609,74
with_hba1c,3120,0,0.348545,38
with_hba1c,3121,0,0.340857,32
with_hba1c,3122,1,0.295208,51
with_hba1c,3123,0,0.341635,38
with_hba1c,3124,0,0.463703,72
with_hba1c,3125,1,0.257584,43
with_hba1c,3126,0,0.665115,80
with_hba1c,3127,0,0.305323,52
with_hba1c,3128,0,0.577469,69
with_hba1c,3129,0,0.509626,58
with_hba1c,3130,0,0.348883,55
with_hba1c,3131,1,0.396447,57
with_hba1c,3132,1,0.693964,73
with_hba1c,3133,1,0.498969,35
with_hba1c,3134,0,0.585035,73
with_hba1c,3135,1,0.283835,49
with_hba1c,3136,1,0.272795,46
with_hba1c,3137,0,0.314365,55
with_hba1c,3138,0,0.330889,37
with_hba1c,3139,1,0.548427,60
with_hba1c,3140,1,0.639328,69
with_hba1c,3141,0,0.4555,51
with_hba1c,3142,1,0.406997,62
with_hba1c,3143,0,0.307017,31
with_hba1c,3144,0,0.440458,50
with_hba1c,3145,1,0.450985,52
with_hba1c,3146,1,0.335477,36
with_hba1c,3147,0,0.357352,58
with_hba1c,3148,0,0.311112,34
with_hba1c,3149,1,0.529193,60
with_hba1c,3150,0,0.416288,68
with_hba1c,3151,0,0.699798,80
with_hba1c,3152,1,0.613289,72
with_hba1c,3153,0,0.298675,48
with_hba1c,3154,0,0.575724,68
with_hba1c,3155,1,0.523433,60
with_hba1c,3156,0,0.676964,80
with_hba1c,3157,0,0.324297,35
with_hba1c,3158,1,0.574087,50
with_hba1c,3160,0,0.432339,70
with_hba1c,3161,0,0.571032,65
with_hba1c,3162,1,0.4905,76
with_hba1c,3163,0,0.379406,43
with_hba1c,3164,0,0.245159,42
with_hba1c,3165,0,0.187178,33
with_hba1c,3166,1,0.505994,54
with_hba1c,3167,0,0.718182,60
with_hba1c,3168,1,0.31356,31
with_hba1c,3169,1,0.416923,41
with_hba1c,3170,1,0.780066,52
with_hba1c,3171,0,0.437861,65
with_hba1c,3172,0,0.580704,63
with_hba1c,3173,0,0.334321,57
with_hba1c,3175,0,0.653127,79
with_hba1c,3176,0,0.449983,70
with_hba1c,3177,0,0.36905,39
with_hba1c,3178,0,0.300106,50
with_hba1c,3179,0,0.312966,52
with_hba1c,3180,0,0.207197,36
with_hba1c,3181,1,0.560736,63
with_hba1c,3182,0,0.751591,67
with_hba1c,3183,0,0.229732,38
with_hba1c,3184,0,0.659949,80
with_hba1c,3185,0,0.331027,33
with_hba1c,3186,1,0.303809,51
with_hba1c,3187,0,0.324226,36
with_hba1c,3188,0,0.206289,37
with_hba1c,3190,0,0.204063,33
with_hba1c,3191,0,0.457801,74
with_hba1c,3192,0,0.487715,74
with_hba1c,3193,0,0.510028,60
with_hba1c,3194,0,0.48665,36
with_hba1c,3195,0,0.284257,42
with_hba1c,3196,0,0.337954,55
with_hba1c,3197,0,0.207197,36
with_hba1c,3198,0,0.281029,31
with_hba1c,3199,0,0.17376,30
with_hba1c,3200,0,0.468762,52
with_hba1c,3201,1,0.625036,63
with_hba1c,3202,0,0.406637,45
with_hba1c,3203,0,0.398032,45
with_hba1c,3204,0,0.211286,38
with_hba1c,3205,0,0.190769,32
with_hba1c,3206,1,0.55647,66
with_hba1c,3207,0,0.341087,58
with_hba1c,3208,1,0.392125,42
with_hba1c,3209,0,0.36467,35
with_hba1c,3210,0,0.60036,43
with_hba1c,3211,0,0.222501,39
with_hba1c,3212,0,0.237359,40
with_hba1c,3213,0,0.476016,76
with_hba1c,3215,0,0.384861,43
with_hba1c,3216,0,0.55928,63
with_hba1c,3217,1,0.661117,80
with_hba1c,3218,0,0.374824,41
with_hba1c,3219,0,0.467704,56
with_hba1c,3220,0,0.216153,36
with_hba1c,3221,0,0.563461,61
with_hba1c,3222,1,0.6402,74
with_hba1c,3224,1,0.464673,48
with_hba1c,3225,1,0.449296,50
with_hba1c,3226,0,0.592681,49
with_hba1c,3227,0,0.544164,63
with_hba1c,3228,0,0.405661,63
with_hba1c,3229,1,0.667029,50
with_hba1c,3230,0,0.403659,44
with_hba1c,3231,1,0.331291,53
with_hba1c,3232,0,0.454416,70
with_hba1c,3233,1,0.34951,34
with_hba1c,3234,0,0.524877,39
with_hba1c,3235,0,0.537494,80
with_hba1c,3236,0,0.436053,50
with_hba1c,3237,1,0.474314,74
with_hba1c,3238,1,0.613576,71
with_hba1c,3239,1,0.476302,53
with_hba1c,3240,0,0.314753,30
with_hba1c,3241,0,0.185305,32
with_hba1c,3243,1,0.545029,64
with_hba1c,3244,0,0.381079,63
with_hba1c,3245,0,0.593185,67
with_hba1c,3246,1,0.658127,75
with_hba1c,3247,0,0.464783,51
with_hba1c,3248,1,0.634786,75
with_hba1c,3249,1,0.318834,34
with_hba1c,3250,1,0.696878,65
with_hba1c,3251,1,0.306499,51
with_hba1c,3252,0,0.558982,64
with_hba1c,3253,1,0.667576,78
with_hba1c,3254,0,0.428032,69
with_hba1c,3255,0,0.256296,45
with_hba1c,3256,1,0.228005,43
with_hba1c,3257,0,0.351356,39
with_hba1c,3258,0,0.596395,72
with_hba1c,3259,0,0.207197,36
with_hba1c,3261,1,0.466166,38
with_hba1c,3262,0,0.268769,44
with_hba1c,3263,0,0.644787,67
with_hba1c,3264,1,0.324579,38
with_hba1c,3265,1,0.521329,56
with_hba1c,3266,0,0.397724,42
with_hba1c,3267,1,0.518646,57
with_hba1c,3268,0,0.659949,80
with_hba1c,3269,0,0.543429,70
with_hba1c,3270,0,0.244076,44
with_hba1c,3271,0,0.590743,73
with_hba1c,3272,0,0.184277,30
with_hba1c,3273,1,0.613396,47
with_hba1c,3274,0,0.699984,80
with_hba1c,3275,0,0.410216,67
with_hba1c,3276,1,0.299523,30
with_hba1c,3277,0,0.199194,32
with_hba1c,3278,0,0.575048,64
with_hba1c,3279,0,0.512024,80
with_hba1c,3280,1,0.490109,55
with_hba1c,3281,0,0.497195,54
with_hba1c,3282,0,0.299523,30
with_hba1c,3283,1,0.474744,30
with_hba1c,3284,0,0.273895,45
with_hba1c,3285,0,0.449296,50
with_hba1c,3286,0,0.512387,35
with_hba1c,3287,0,0.525425,80
with_hba1c,3288,0,0.374253,61
with_hba1c,3289,1,0.42607,47
with_hba1c,3290,0,0.204964,32
with_hba1c,3291,0,0.178958,30
with_hba1c,3292,0,0.408285,47
with_hba1c,3293,0,0.485317,52
with_hba1c,3294,0,0.54023,56
with_hba1c,3295,0,0.199399,35
with_hba1c,3296,1,0.471601,49
with_hba1c,3297,1,0.628045,77
with_hba1c,3298,1,0.292473,38
with_hba1c,3299,0,0.186142,31
with_hba1c,3300,0,0.310809,30
with_hba1c,3301,1,0.664569,58
with_hba1c,3302,1,0.495524,53
with_hba1c,3303,0,0.465469,30
with_hba1c,3304,0,0.377801,41
with_hba1c,3305,0,0.419466,48
with_hba1c,3306,0,0.561092,63
with_hba1c,3307,1,0.452755,53
with_hba1c,3308,0,0.345671,38
with_hba1c,3309,1,0.325855,55
with_hba1c,3310,0,0.50102,65
with_hba1c,3311,1,0.289827,46
with_hba1c,3312,1,0.314158,51
with_hba1c,3313,0,0.404992,43
with_hba1c,3314,1,0.661117,80
with_hba1c,3316,0,0.419966,48
with_hba1c,3317,0,0.657097,80
with_hba1c,3318,0,0.434772,50
with_hba1c,3319,0,0.597418,68
with_hba1c,3320,0,0.539352,46
with_hba1c,3321,1,0.486245,55
with_hba1c,3322,0,0.284658,31
with_hba1c,3323,0,0.438495,71
with_hba1c,3324,1,0.579246,62
with_hba1c,3325,0,0.548667,41
with_hba1c,3326,0,0.507525,53
with_hba1c,3327,0,0.239603,41
with_hba1c,3328,0,0.509017,78
with_hba1c,3329,1,0.672858,68
with_hba1c,3330,1,0.26127,46
with_hba1c,3331,0,0.524126,80
with_hba1c,3332,1,0.2508,43
with_hba1c,3333,0,0.433382,66
with_hba1c,3334,0,0.351622,57
with_hba1c,3335,0,0.537044,64
with_hba1c,3336,1,0.238596,42
with_hba1c,3337,0,0.375551,60
with_hba1c,3338,0,0.241803,43
with_hba1c,3339,1,0.711759,77
with_hba1c,3340,1,0.653815,76
with_hba1c,3341,0,0.342043,54
with_hba1c,3342,1,0.448092,56
with_hba1c,3343,1,0.386554,44
with_hba1c,3344,0,0.350096,40
with_hba1c,3345,0,0.334321,57
with_hba1c,3346,0,0.522791,54
with_hba1c,3347,0,0.605989,47
with_hba1c,3348,0,0.276682,48
with_hba1c,3349,1,0.603804,69
with_hba1c,3350,0,0.264237,40
with_hba1c,3351,0,0.660739,54
with_hba1c,3352,1,0.31269,49
with_hba1c,3353,0,0.187178,33
with_hba1c,3354,0,0.396398,43
with_hba1c,3355,1,0.539876,61
with_hba1c,3356,0,0.206289,37
with_hba1c,3357,0,0.762561,69
with_hba1c,3358,1,0.352545,39
with_hba1c,3359,0,0.204273,36
with_hba1c,3360,1,0.433698,69
with_hba1c,3361,1,0.481089,56
with_hba1c,3362,0,0.181602,30
with_hba1c,3363,1,0.396046,67
with_hba1c,3365,1,0.54561,61
with_hba1c,3366,0,0.231926,39
with_hba1c,3367,0,0.633202,73
with_hba1c,3368,0,0.470827,50
with_hba1c,3369,0,0.359898,56
with_hba1c,3370,0,0.332188,35
with_hba1c,3371,1,0.452755,53
with_hba1c,3372,1,0.669604,53
with_hba1c,3373,1,0.372581,60
with_hba1c,3374,0,0.238363,39
with_hba1c,3375,0,0.760471,68
with_hba1c,3376,0,0.451457,51
with_hba1c,3377,0,0.554216,40
with_hba1c,3378,1,0.399359,44
with_hba1c,3379,0,0.627519,70
with_hba1c,3380,0,0.377152,62
with_hba1c,3381,1,0.5592,64
with_hba1c,3382,0,0.392787,63
with_hba1c,3383,1,0.528873,57
with_hba1c,3384,0,0.675824,80
with_hba1c,3385,0,0.36012,60
with_hba1c,3386,0,0.402917,66
with_hba1c,3387,0,0.299523,30
with_hba1c,3388,0,0.386477,45
with_hba1c,3389,0,0.286617,53
with_hba1c,3390,0,0.286157,46
with_hba1c,3391,1,0.287248,31
with_hba1c,3392,1,0.528587,80
with_hba1c,3393,0,0.673039,80
with_hba1c,3394,0,0.240849,43
with_hba1c,3396,0,0.314435,54
with_hba1c,3397,0,0.529664,80
with_hba1c,3398,0,0.641469,52
with_hba1c,3399,0,0.431737,49
with_hba1c,3400,0,0.48117,55
with_hba1c,3401,0,0.68859,80
with_hba1c,3402,1,0.683669,60
with_hba1c,3403,1,0.644307,53
with_hba1c,3404,1,0.697775,47
with_hba1c,3405,0,0.449012,73
with_hba1c,3406,0,0.696281,79
with_hba1c,3407,0,0.443257,66
with_hba1c,3408,0,0.632215,77
with_hba1c,3409,1,0.307677,50
with_hba1c,3410,1,0.713821,42
with_hba1c,3412,0,0.451753,71
with_hba1c,3413,1,0.252886,41
with_hba1c,3414,0,0.333417,34
with_hba1c,3415,1,0.589839,48
with_hba1c,3416,0,0.384699,57
with_hba1c,3417,1,0.678798,55
with_hba1c,3418,0,0.381365,62
with_hba1c,3419,0,0.657097,80
with_hba1c,3420,0,0.497303,80
with_hba1c,3421,0,0.375202,43
with_hba1c,3422,0,0.444589,73
with_hba1c,3423,1,0.501736,33
with_hba1c,3424,1,0.819266,73
with_hba1c,3426,1,0.49035,59
with_hba1c,3427,0,0.546977,39
with_hba1c,3428,0,0.398032,45
with_hba1c,3429,0,0.310315,51
with_hba1c,3430,1,0.482659,50
with_hba1c,3431,1,0.535543,52
with_hba1c,3432,0,0.197382,35
with_hba1c,3433,0,0.180781,31
with_hba1c,3434,0,0.384589,66
with_hba1c,3435,1,0.586098,70
with_hba1c,3436,0,0.278862,32
with_hba1c,3437,0,0.48946,51
with_hba1c,3438,0,0.707798,65
with_hba1c,3439,1,0.457192,53
with_hba1c,3440,1,0.359824,57
with_hba1c,3441,0,0.423578,70
with_hba1c,3442,0,0.607463,63
with_hba1c,3443,1,0.441903,48
with_hba1c,3444,0,0.277984,51
with_hba1c,3445,1,0.332474,38
with_hba1c,3446,1,0.329381,35
with_hba1c,3447,1,0.436877,49
with_hba1c,3448,1,0.218255,37
with_hba1c,3449,1,0.405414,37
with_hba1c,3450,0,0.607973,44
with_hba1c,3451,1,0.601435,49
with_hba1c,3452,1,0.365565,44
with_hba1c,3453,1,0.72241,62
with_hba1c,3454,0,0.402995,65
with_hba1c,3456,0,0.209884,34
with_hba1c,3457,0,0.501736,33
with_hba1c,3458,1,0.309722,31
with_hba1c,3459,1,0.279977,30
with_hba1c,3460,0,0.598148,65
with_hba1c,3461,0,0.659949,80
with_hba1c,3462,0,0.29663,53
with_hba1c,3463,0,0.778392,73
with_hba1c,3464,0,0.583423,44
with_hba1c,3465,1,0.717995,63
with_hba1c,3466,1,0.320388,35
with_hba1c,3467,0,0.267151,47
with_hba1c,3469,0,0.627438,50
with_hba1c,3470,0,0.314158,51
with_hba1c,3471,1,0.271977,35
with_hba1c,3472,1,0.648032,56
with_hba1c,3473,0,0.453124,70
with_hba1c,3474,0,0.247453,43
with_hba1c,3475,0,0.464069,48
with_hba1c,3476,0,0.338933,36
with_hba1c,3477,0,0.533649,60
with_hba1c,3478,1,0.602825,70
with_hba1c,3479,1,0.478425,61
with_hba1c,3480,1,0.573062,63
with_hba1c,3481,1,0.50625,80
with_hba1c,3482,0,0.316827,52
with_hba1c,3483,0,0.592504,66
with_hba1c,3484,1,0.38071,42
with_hba1c,3485,1,0.194613,34
with_hba1c,3486,0,0.192633,34
with_hba1c,3487,1,0.221323,37
with_hba1c,3488,0,0.319454,58
with_hba1c,3489,0,0.543714,47
with_hba1c,3490,0,0.280277,48
with_hba1c,3491,1,0.553099,62
with_hba1c,3492,0,0.256527,44
with_hba1c,3493,0,0.679731,80
with_hba1c,3494,1,0.476012,34
with_hba1c,3495,0,0.320108,32
with_hba1c,3496,0,0.195483,33
with_hba1c,3497,0,0.362406,40
with_hba1c,3498,0,0.53397,63
with_hba1c,3500,0,0.47279,51
with_hba1c,3501,0,0.332474,38
with_hba1c,3502,0,0.217312,38
with_hba1c,3503,0,0.800068,73
with_hba1c,3504,1,0.626148,72
with_hba1c,3505,1,0.54157,63
with_hba1c,3506,0,0.408285,47
with_hba1c,3507,1,0.524814,59
with_hba1c,3508,1,0.423578,70
with_hba1c,3509,0,0.228754,39
with_hba1c,3510,0,0.208107,35
with_hba1c,3511,0,0.317853,36
with_hba1c,3512,0,0.395738,64
with_hba1c,3513,0,0.306156,49
with_hba1c,3514,0,0.542613,78
with_hba1c,3515,0,0.569676,66
with_hba1c,3516,1,0.424695,65
with_hba1c,3517,0,0.187128,34
with_hba1c,3518,0,0.319437,54
with_hba1c,3519,0,0.227779,40
with_hba1c,3520,0,0.314435,54
with_hba1c,3521,0,0.439094,51
with_hba1c,3522,0,0.524528,48
with_hba1c,3523,0,0.434478,30
with_hba1c,3524,0,0.225387,36
with_hba1c,3525,0,0.483245,74
with_hba1c,3526,1,0.610565,71
with_hba1c,3527,0,0.616121,70
with_hba1c,3528,1,0.653054,80
with_hba1c,3529,0,0.68474,80
with_hba1c,3531,1,0.519661,80
with_hba1c,3532,0,0.181554,31
with_hba1c,3533,0,0.307607,51
with_hba1c,3534,0,0.597727,71
with_hba1c,3535,0,0.341708,37
with_hba1c,3536,1,0.269577,48
with_hba1c,3537,1,0.661582,73
with_hba1c,3538,0,0.476623,56
with_hba1c,3539,0,0.263412,44
with_hba1c,3540,0,0.298152,46
with_hba1c,3541,1,0.791119,78
with_hba1c,3542,0,0.599444,72
with_hba1c,3543,0,0.331831,33
with_hba1c,3544,1,0.722273,57
with_hba1c,3545,0,0.398032,45
with_hba1c,3546,0,0.521042,79
with_hba1c,3548,1,0.515034,41
with_hba1c,3549,1,0.680865,80
with_hba1c,3550,0,0.420249,66
with_hba1c,3551,0,0.226581,38
with_hba1c,3552,1,0.488726,56
with_hba1c,3553,0,0.221767,43
with_hba1c,3554,1,0.660558,78
with_hba1c,3555,1,0.664476,75
with_hba1c,3556,0,0.193546,32
with_hba1c,3557,0,0.428708,48
with_hba1c,3558,0,0.355492,53
with_hba1c,3559,1,0.391113,47
with_hba1c,3560,1,0.442783,32
with_hba1c,3561,0,0.18447,33
with_hba1c,3562,0,0.290926,30
with_hba1c,3563,0,0.248725,45
with_hba1c,3564,0,0.576039,71
with_hba1c,3565,1,0.493911,80
with_hba1c,3566,0,0.353253,58
with_hba1c,3567,1,0.553094,41
with_hba1c,3568,1,0.353884,37
with_hba1c,3569,0,0.219642,42
with_hba1c,3570,0,0.614501,47
with_hba1c,3571,0,0.537124,63
with_hba1c,3572,1,0.532529,39
with_hba1c,3573,0,0.624568,74
with_hba1c,3574,1,0.503885,50
with_hba1c,3575,0,0.382016,41
with_hba1c,3576,0,0.544067,76
with_hba1c,3577,0,0.486653,78
with_hba1c,3578,1,0.588126,61
with_hba1c,3579,0,0.374253,61
with_hba1c,3580,0,0.339555,56
with_hba1c,3581,0,0.508323,58
with_hba1c,3582,1,0.625522,49
with_hba1c,3583,0,0.487715,74
with_hba1c,3584,1,0.623855,77
with_hba1c,3585,1,0.351753,36
with_hba1c,3586,0,0.227779,40
with_hba1c,3587,1,0.415896,66
with_hba1c,3588,1,0.552129,65
with_hba1c,3589,0,0.305323,52
with_hba1c,3590,0,0.274215,47
with_hba1c,3591,1,0.340463,38
with_hba1c,3592,0,0.315031,33
with_hba1c,3593,1,0.544637,64
with_hba1c,3594,0,0.365707,32
with_hba1c,3595,0,0.467785,55
with_hba1c,3596,1,0.666697,52
with_hba1c,3597,0,0.302437,48
with_hba1c,3598,0,0.268236,46
with_hba1c,3599,1,0.566322,41
with_hba1c,3600,0,0.401045,60
with_hba1c,3601,0,0.711033,67
with_hba1c,3602,1,0.68725,57
with_hba1c,3603,1,0.505769,37
with_hba1c,3604,0,0.402394,63
with_hba1c,3605,0,0.629644,53
with_hba1c,3606,0,0.193546,32
with_hba1c,3607,0,0.615193,73
with_hba1c,3608,0,0.392125,43
with_hba1c,3609,0,0.624928,72
with_hba1c,3610,0,0.312054,56
with_hba1c,3611,1,0.324906,55
with_hba1c,3612,0,0.200284,34
with_hba1c,3613,0,0.335084,41
with_hba1c,3614,1,0.28159,51
with_hba1c,3615,1,0.692811,62
with_hba1c,3616,1,0.599031,44
with_hba1c,3617,1,0.566346,66
with_hba1c,3618,1,0.689846,78
with_hba1c,3619,1,0.588582,56
with_hba1c,3620,1,0.557915,64
with_hba1c,3621,0,0.556152,63
with_hba1c,3622,0,0.266005,49
with_hba1c,3623,1,0.340431,32
with_hba1c,3624,0,0.50694,59
with_hba1c,3625,0,0.381013,45
with_hba1c,3626,0,0.400256,68
with_hba1c,3627,1,0.512795,58
with_hba1c,3628,0,0.571112,64
with_hba1c,3629,0,0.198312,33
with_hba1c,3630,1,0.680865,80
with_hba1c,3631,1,0.295208,51
with_hba1c,3632,1,0.655922,80
with_hba1c,3633,1,0.557978,44
with_hba1c,3634,0,0.285028,47
with_hba1c,3635,0,0.608472,80
with_hba1c,3636,0,0.424331,48
with_hba1c,3637,0,0.235129,39
with_hba1c,3638,1,0.462749,31
with_hba1c,3639,1,0.226806,41
with_hba1c,3640,1,0.496132,59
with_hba1c,3641,0,0.580482,70
with_hba1c,3642,0,0.533043,80
with_hba1c,3643,0,0.596817,66
with_hba1c,3644,1,0.427352,49
with_hba1c,3645,0,0.376263,57
with_hba1c,3646,1,0.423051,46
with_hba1c,3647,1,0.588176,66
with_hba1c,3648,0,0.616916,66
with_hba1c,3649,1,0.671891,80
with_hba1c,3650,1,0.591848,68
with_hba1c,3651,0,0.358624,57
with_hba1c,3652,0,0.416288,68
with_hba1c,3653,0,0.756414,72
with_hba1c,3654,1,0.47332,55
with_hba1c,3655,0,0.646274,70
with_hba1c,3656,1,0.494013,53
with_hba1c,3657,0,0.38071,42
with_hba1c,3658,0,0.402672,45
with_hba1c,3659,0,0.489623,38
with_hba1c,3660,0,0.44261,51
with_hba1c,3661,1,0.590432,70
with_hba1c,3662,0,0.472316,52
with_hba1c,3663,0,0.412224,45
with_hba1c,3664,0,0.501776,80
with_hba1c,3665,0,0.245397,45
with_hba1c,3666,1,0.420038,45
with_hba1c,3667,0,0.590121,67
with_hba1c,3668,0,0.424695,65
with_hba1c,3669,0,0.762136,72
with_hba1c,3670,0,0.215162,38
with_hba1c,3671,1,0.632826,55
with_hba1c,3672,1,0.471029,61
with_hba1c,3673,0,0.416958,47
with_hba1c,3674,0,0.36012,60
with_hba1c,3675,0,0.541251,60
with_hba1c,3676,1,0.226581,38
with_hba1c,3677,1,0.516494,80
with_hba1c,3678,1,0.50316,79
with_hba1c,3679,1,0.466006,54
with_hba1c,3680,1,0.510028,60
with_hba1c,3681,0,0.191824,34
with_hba1c,3682,1,0.607652,54
with_hba1c,3683,0,0.426109,44
with_hba1c,3684,0,0.22996,41
with_hba1c,3685,0,0.478778,74
with_hba1c,3686,1,0.532352,60
with_hba1c,3687,0,0.570736,66
with_hba1c,3688,0,0.784852,72
with_hba1c,3689,1,0.221323,37
with_hba1c,3690,0,0.547943,53
with_hba1c,3691,1,0.550042,61
with_hba1c,3692,0,0.324297,35
with_hba1c,3693,0,0.244136,43
with_hba1c,3694,0,0.439174,50
with_hba1c,3695,0,0.182618,32
with_hba1c,3696,0,0.326656,34
with_hba1c,3697,0,0.609248,72
with_hba1c,3698,0,0.524241,71
with_hba1c,3699,0,0.572782,66
with_hba1c,3700,0,0.717868,80
with_hba1c,3701,1,0.54194,80
with_hba1c,3702,0,0.33035,57
with_hba1c,3703,0,0.630511,62
with_hba1c,3704,0,0.669833,76
with_hba1c,3705,1,0.297449,50
with_hba1c,3706,1,0.422979,49
with_hba1c,3707,1,0.368408,60
with_hba1c,3708,1,0.411556,66
with_hba1c,3709,0,0.190769,32
with_hba1c,3710,0,0.459941,51
with_hba1c,3711,0,0.516575,79
with_hba1c,3712,0,0.294631,31
with_hba1c,3713,0,0.39834,48
with_hba1c,3714,0,0.257831,46
with_hba1c,3715,1,0.599675,76
with_hba1c,3716,1,0.421791,55
with_hba1c,3717,0,0.335267,53
with_hba1c,3718,0,0.417384,41
with_hba1c,3719,0,0.411806,44
with_hba1c,3720,0,0.254265,34
with_hba1c,3721,0,0.373669,59
with_hba1c,3722,1,0.479536,71
with_hba1c,3723,0,0.311777,53
with_hba1c,3724,0,0.5104,77
with_hba1c,3725,0,0.324015,32
with_hba1c,3726,0,0.427387,41
with_hba1c,3727,1,0.535923,39
with_hba1c,3728,1,0.504544,78
with_hba1c,3729,1,0.500761,57
with_hba1c,3730,0,0.433412,51
with_hba1c,3731,0,0.510722,80
with_hba1c,3732,0,0.483092,32
with_hba1c,3733,1,0.510463,57
with_hba1c,3734,0,0.34832,32
with_hba1c,3735,1,0.508242,59
with_hba1c,3736,1,0.614196,44
with_hba1c,3737,0,0.291166,49
with_hba1c,3738,0,0.667934,80
with_hba1c,3739,1,0.322733,34
with_hba1c,3740,1,0.572612,64
with_hba1c,3741,1,0.596086,69
with_hba1c,3742,1,0.411634,65
with_hba1c,3743,1,0.443973,71
with_hba1c,3744,0,0.451873,48
with_hba1c,3745,0,0.811497,50
with_hba1c,3746,0,0.528135,64
with_hba1c,3747,0,0.450428,45
with_hba1c,3748,1,0.336457,38
with_hba1c,3749,1,0.333345,35
with_hba1c,3750,1,0.487715,74
with_hba1c,3751,1,0.519181,38
with_hba1c,3752,0,0.182378,30
with_hba1c,3753,0,0.292002,31
with_hba1c,3754,0,0.662488,54
with_hba1c,3755,1,0.259955,44
with_hba1c,3757,0,0.630403,71
with_hba1c,3758,0,0.203166,34
with_hba1c,3759,1,0.568318,67
with_hba1c,3760,1,0.648476,73
with_hba1c,3761,1,0.617351,54
with_hba1c,3762,1,0.294631,31
with_hba1c,3763,0,0.349729,38
with_hba1c,3764,0,0.592861,47
with_hba1c,3765,1,0.53434,80
with_hba1c,3767,1,0.281395,47
with_hba1c,3768,1,0.634792,68
with_hba1c,3769,0,0.305323,52
with_hba1c,3770,0,0.198517,36
with_hba1c,3771,0,0.242098,45
with_hba1c,3772,1,0.709217,76
with_hba1c,3773,1,0.52988,59
with_hba1c,3774,1,0.773797,65
with_hba1c,3776,1,0.49759,57
with_hba1c,3777,1,0.378453,61
with_hba1c,3778,0,0.511376,53
with_hba1c,3779,0,0.620648,73
with_hba1c,3780,1,0.58533,61
with_hba1c,3781,0,0.346997,36
with_hba1c,3782,1,0.546762,60
with_hba1c,3783,0,0.186982,30
with_hba1c,3784,0,0.384285,63
with_hba1c,3785,1,0.410962,45
with_hba1c,3786,0,0.235361,42
with_hba1c,3787,0,0.641469,52
with_hba1c,3788,0,0.303809,51
with_hba1c,3789,1,0.625945,51
with_hba1c,3790,0,0.477139,52
with_hba1c,3791,1,0.476778,52
with_hba1c,3792,0,0.526805,79
with_hba1c,3793,0,0.699984,80
with_hba1c,3794,1,0.474601,51
with_hba1c,3795,1,0.704629,80
with_hba1c,3797,1,0.590199,66
with_hba1c,3798,0,0.390876,41
with_hba1c,3799,0,0.35415,55
with_hba1c,3800,1,0.494132,80
with_hba1c,3801,0,0.198312,33
with_hba1c,3802,1,0.655922,80
with_hba1c,3803,1,0.478182,41
with_hba1c,3804,1,0.402995,65
with_hba1c,3805,1,0.317633,35
with_hba1c,3806,1,0.602926,51
with_hba1c,3807,0,0.215162,38
with_hba1c,3809,1,0.352545,39
with_hba1c,3810,0,0.294058,52
with_hba1c,3811,1,0.392787,63
with_hba1c,3812,0,0.530356,38
with_hba1c,3813,1,0.404327,64
with_hba1c,3814,0,0.464023,75
with_hba1c,3815,1,0.590199,66
with_hba1c,3816,1,0.166187,30
with_hba1c,3817,0,0.319508,53
with_hba1c,3818,0,0.238596,42
with_hba1c,3819,1,0.554865,63
with_hba1c,3820,0,0.509385,54
with_hba1c,3821,0,0.553168,80
with_hba1c,3822,0,0.614506,68
with_hba1c,3823,0,0.394415,65
with_hba1c,3824,0,0.431342,47
with_hba1c,3826,0,0.626293,68
with_hba1c,3827,1,0.525425,80
with_hba1c,3828,0,0.539494,63
with_hba1c,3829,1,0.269577,48
with_hba1c,3830,0,0.374598,37
with_hba1c,3831,1,0.560775,60
with_hba1c,3832,0,0.200078,31
with_hba1c,3833,0,0.402249,46
with_hba1c,3834,0,0.291233,48
with_hba1c,3835,0,0.244136,43
with_hba1c,3836,1,0.398311,63
with_hba1c,3837,0,0.665591,61
with_hba1c,3838,0,0.61188,70
with_hba1c,3839,0,0.296979,43
with_hba1c,3840,1,0.438092,48
with_hba1c,3841,0,0.791135,59
with_hba1c,3842,0,0.399359,44
with_hba1c,3843,0,0.432368,50
with_hba1c,3844,0,0.443586,50
with_hba1c,3845,0,0.266859,30
with_hba1c,3846,1,0.648108,71
with_hba1c,3847,1,0.352683,56
with_hba1c,3848,0,0.32544,35
with_hba1c,3850,0,0.459575,75
with_hba1c,3851,0,0.335554,56
with_hba1c,3852,0,0.529885,80
with_hba1c,3853,1,0.512024,80
with_hba1c,3854,1,0.520983,36
with_hba1c,3855,1,0.257584,43
with_hba1c,3856,0,0.256282,41
with_hba1c,3858,0,0.444555,47
with_hba1c,3859,1,0.545228,33
with_hba1c,3860,0,0.528587,80
with_hba1c,3861,1,0.574057,66
with_hba1c,3862,0,0.427831,57
with_hba1c,3864,0,0.558176,56
with_hba1c,3865,0,0.377076,63
with_hba1c,3866,1,0.583601,62
with_hba1c,3867,1,0.633296,76
with_hba1c,3868,1,0.37826,49
with_hba1c,3869,1,0.523112,57
with_hba1c,3870,0,0.288383,30
with_hba1c,3871,0,0.529595,62
with_hba1c,3872,0,0.525425,80
with_hba1c,3873,1,0.619756,68
with_hba1c,3874,0,0.31349,32
with_hba1c,3875,0,0.293257,43
with_hba1c,3876,1,0.570071,68
with_hba1c,3877,1,0.582849,48
with_hba1c,3878,0,0.249761,44
with_hba1c,3881,0,0.666347,79
with_hba1c,3882,0,0.394025,42
with_hba1c,3883,0,0.477397,75
with_hba1c,3884,0,0.188818,32
with_hba1c,3885,0,0.318905,33
with_hba1c,3886,0,0.713733,80
with_hba1c,3887,0,0.400334,67
with_hba1c,3888,0,0.299793,33
with_hba1c,3889,1,0.238363,39
with_hba1c,3891,0,0.462007,70
with_hba1c,3892,0,0.816357,50
with_hba1c,3893,0,0.30415,53
with_hba1c,3894,1,0.401664,66
with_hba1c,3895,0,0.195483,33
with_hba1c,3896,0,0.232684,35
with_hba1c,3897,0,0.348883,55
with_hba1c,3898,0,0.303563,33
with_hba1c,3899,0,0.499377,58
with_hba1c,3900,1,0.608941,69
with_hba1c,3901,1,0.335841,59
with_hba1c,3902,1,0.735958,69
with_hba1c,3903,1,0.476774,73
with_hba1c,3904,1,0.475215,30
with_hba1c,3905,1,0.395075,44
with_hba1c,3906,1,0.750095,71
with_hba1c,3907,0,0.627443,71
with_hba1c,3908,1,0.563625,68
with_hba1c,3909,0,0.484577,59
with_hba1c,3910,0,0.576527,60
with_hba1c,3911,0,0.606302,71
with_hba1c,3912,0,0.427352,49
with_hba1c,3913,0,0.577099,55
with_hba1c,3914,0,0.533348,61
with_hba1c,3916,0,0.369697,59
with_hba1c,3917,1,0.500141,34
with_hba1c,3918,1,0.742161,68
with_hba1c,3919,1,0.454047,53
with_hba1c,3920,1,0.411634,65
with_hba1c,3921,1,0.24952,41
with_hba1c,3922,1,0.512319,56
with_hba1c,3923,1,0.427998,43
with_hba1c,3924,1,0.425998,50
with_hba1c,3925,0,0.485879,59
with_hba1c,3926,0,0.65966,77
with_hba1c,3927,0,0.50385,58
with_hba1c,3928,1,0.581203,63
with_hba1c,3929,1,0.241862,42
with_hba1c,3930,0,0.529885,80
with_hba1c,3931,1,0.493439,60
with_hba1c,3932,0,0.596395,72
with_hba1c,3933,1,0.700979,62
with_hba1c,3934,1,0.671891,80
with_hba1c,3935,0,0.364049,60
with_hba1c,3936,0,0.302123,31
with_hba1c,3937,0,0.661117,80
with_hba1c,3938,1,0.591463,50
with_hba1c,3939,1,0.365612,58
with_hba1c,3940,1,0.64528,49
with_hba1c,3941,1,0.515192,80
with_hba1c,3942,1,0.601709,47
with_hba1c,3943,0,0.573844,45
with_hba1c,3944,1,0.3749,40
with_hba1c,3945,1,0.68474,80
with_hba1c,3946,1,0.53434,80
with_hba1c,3947,1,0.473174,79
with_hba1c,3948,0,0.323944,33
with_hba1c,3950,1,0.40134,41
with_hba1c,3951,0,0.480373,50
with_hba1c,3952,0,0.600174,69
with_hba1c,3953,0,0.661117,80
with_hba1c,3954,0,0.499427,72
with_hba1c,3955,1,0.518348,37
with_hba1c,3956,0,0.373603,41
with_hba1c,3957,0,0.300064,36
with_hba1c,3958,0,0.362406,40
with_hba1c,3959,0,0.366545,42
with_hba1c,3960,0,0.192684,33
with_hba1c,3961,1,0.687472,80
with_hba1c,3962,1,0.448694,70
with_hba1c,3963,0,0.184277,30
with_hba1c,3964,0,0.467538,49
with_hba1c,3965,1,0.760856,68
with_hba1c,3966,0,0.199347,36
with_hba1c,3967,0,0.328515,37
with_hba1c,3968,0,0.252084,45
with_hba1c,3969,0,0.533043,80
with_hba1c,3970,1,0.203113,35
with_hba1c,3971,0,0.672646,64
with_hba1c,3972,1,0.20832,38
with_hba1c,3973,0,0.562008,61
with_hba1c,3974,0,0.337406,34
with_hba1c,3975,1,0.694474,58
with_hba1c,3976,1,0.533043,80
with_hba1c,3977,0,0.515255,60
with_hba1c,3978,0,0.454127,52
with_hba1c,3979,1,0.589284,61
with_hba1c,3980,1,0.661117,80
with_hba1c,3981,0,0.241862,42
without_hba1c,0,0,0.646695,69
without_hba1c,1,1,0.683995,54
without_hba1c,2,0,0.667886,72
without_hba1c,3,0,0.466469,73
without_hba1c,4,1,0.495594,56
without_hba1c,5,0,0.375026,61
without_hba1c,6,1,0.496221,56
without_hba1c,7,0,0.731745,65
without_hba1c,8,0,0.692069,76
without_hba1c,9,0,0.199574,33
without_hba1c,10,1,0.316392,32
without_hba1c,11,0,0.225809,38
without_hba1c,12,0,0.445194,50
without_hba1c,13,0,0.3339,35
without_hba1c,14,1,0.511275,58
without_hba1c,15,0,0.349352,57
without_hba1c,16,1,0.529183,37
without_hba1c,17,0,0.3339,35
without_hba1c,18,0,0.596918,69
without_hba1c,19,0,0.640683,75
without_hba1c,20,0,0.391819,43
without_hba1c,21,0,0.367704,60
without_hba1c,22,0,0.505109,55
without_hba1c,23,0,0.385787,62
without_hba1c,24,0,0.325134,54
without_hba1c,25,0,0.217453,36
without_hba1c,26,1,0.61537,72
without_hba1c,27,0,0.313308,32
without_hba1c,28,0,0.189741,31
without_hba1c,29,0,0.458672,72
without_hba1c,30,1,0.675936,80
without_hba1c,31,1,0.512948,56
without_hba1c,32,0,0.254396,43
without_hba1c,33,1,0.625078,63
without_hba1c,34,0,0.61132,71
without_hba1c,35,1,0.562602,64
without_hba1c,36,0,0.520781,57
without_hba1c,37,1,0.595074,62
without_hba1c,38,1,0.37717,54
without_hba1c,39,0,0.610265,61
without_hba1c,40,0,0.414456,46
without_hba1c,41,1,0.399318,44
without_hba1c,42,1,0.476356,54
without_hba1c,43,0,0.3339,35
without_hba1c,44,1,0.519109,59
without_hba1c,45,0,0.597247,39
without_hba1c,46,0,0.184966,30
without_hba1c,47,0,0.450895,71
without_hba1c,48,1,0.43746,49
without_hba1c,49,0,0.626118,73
without_hba1c,50,0,0.406865,45
without_hba1c,51,0,0.266477,45
without_hba1c,52,0,0.569569,44
without_hba1c,53,0,0.375026,61
without_hba1c,54,0,0.456497,51
without_hba1c,55,0,0.60669,64
without_hba1c,56,1,0.511275,58
without_hba1c,57,1,0.497785,77
without_hba1c,58,1,0.614149,65
without_hba1c,59,0,0.562473,78
without_hba1c,60,0,0.465187,66
without_hba1c,61,0,0.346111,57
without_hba1c,62,0,0.425578,47
without_hba1c,63,1,0.46047,48
without_hba1c,64,1,0.225809,38
without_hba1c,65,0,0.703599,54
without_hba1c,66,1,0.406865,45
without_hba1c,67,1,0.646695,69
without_hba1c,68,0,0.554535,64
without_hba1c,69,0,0.265471,38
without_hba1c,70,1,0.634976,53
without_hba1c,71,0,0.482898,48
without_hba1c,72,1,0.521296,80
without_hba1c,73,1,0.420062,67
without_hba1c,74,1,0.417929,46
without_hba1c,75,0,0.601738,48
without_hba1c,76,1,0.672798,80
without_hba1c,77,0,0.484185,55
without_hba1c,78,0,0.275496,46
without_hba1c,79,0,0.346111,57
without_hba1c,80,0,0.278917,47
without_hba1c,81,0,0.521296,80
without_hba1c,82,1,0.551045,61
without_hba1c,83,0,0.495594,56
without_hba1c,84,0,0.705046,64
without_hba1c,85,0,0.324681,31
without_hba1c,86,1,0.651287,54
without_hba1c,87,1,0.539196,75
without_hba1c,88,0,0.209784,35
without_hba1c,89,0,0.29823,50
without_hba1c,90,1,0.231339,39
without_hba1c,91,0,0.574356,80
without_hba1c,92,1,0.595074,62
without_hba1c,93,0,0.705916,62
without_hba1c,94,1,0.658841,78
without_hba1c,95,0,0.285269,48
without_hba1c,96,0,0.588742,68
without_hba1c,97,0,0.414456,46
without_hba1c,98,0,0.61132,71
without_hba1c,99,0,0.519109,59
without_hba1c,100,0,0.37717,54
without_hba1c,101,0,0.272653,46
without_hba1c,102,0,0.541261,55
without_hba1c,103,0,0.321039,30
without_hba1c,104,1,0.550314,63
without_hba1c,105,0,0.29823,50
without_hba1c,106,0,0.31829,53
without_hba1c,107,1,0.487933,52
without_hba1c,108,0,0.429757,48
without_hba1c,109,1,0.558063,64
without_hba1c,110,0,0.204631,34
without_hba1c,111,1,0.627781,72
without_hba1c,112,1,0.558063,64
without_hba1c,113,0,0.492022,56
without_hba1c,114,0,0.339047,56
without_hba1c,115,1,0.3339,35
without_hba1c,116,0,0.397326,64
without_hba1c,117,0,0.288192,48
without_hba1c,118,0,0.204631,34
without_hba1c,119,1,0.636194,68
without_hba1c,120,0,0.501358,77
without_hba1c,121,1,0.468538,53
without_hba1c,122,1,0.384371,42
without_hba1c,123,0,0.443142,70
without_hba1c,124,1,0.330113,34
without_hba1c,125,1,0.408309,65
without_hba1c,126,0,0.468024,30
without_hba1c,127,0,0.236964,40
without_hba1c,128,0,0.425955,38
without_hba1c,129,1,0.517823,52
without_hba1c,130,0,0.527559,38
without_hba1c,131,1,0.64413,53
without_hba1c,132,0,0.382406,62
without_hba1c,133,1,0.591359,48
without_hba1c,134,0,0.281801,47
without_hba1c,135,0,0.313308,32
without_hba1c,136,0,0.355145,38
without_hba1c,137,1,0.38984,63
without_hba1c,138,0,0.675936,80
without_hba1c,139,0,0.39523,43
without_hba1c,140,0,0.266477,45
without_hba1c,141,0,0.534923,58
without_hba1c,142,1,0.513553,50
without_hba1c,143,0,0.358424,38
without_hba1c,144,1,0.391819,43
without_hba1c,145,1,0.397326,64
without_hba1c,146,0,0.545497,56
without_hba1c,147,0,0.553262,57
without_hba1c,148,0,0.573473,66
without_hba1c,149,0,0.476356,54
without_hba1c,150,1,0.204631,34
without_hba1c,151,1,0.729631,67
without_hba1c,152,0,0.452953,51
without_hba1c,153,1,0.518449,52
without_hba1c,154,1,0.475944,32
without_hba1c,155,1,0.688531,61
without_hba1c,156,1,0.524862,80
without_hba1c,157,1,0.48211,75
without_hba1c,158,0,0.23389,39
without_hba1c,159,1,0.579872,60
without_hba1c,160,1,0.554535,64
without_hba1c,161,1,0.443142,70
without_hba1c,162,1,0.220372,37
without_hba1c,163,0,0.474348,30
without_hba1c,164,1,0.3066,31
without_hba1c,165,0,0.712385,63
without_hba1c,166,1,0.242682,41
without_hba1c,167,0,0.433263,48
without_hba1c,168,1,0.387758,42
without_hba1c,169,0,0.26928,45
without_hba1c,170,0,0.189741,31
without_hba1c,171,1,0.44098,49
without_hba1c,172,1,0.406865,45
without_hba1c,173,0,0.48211,75
without_hba1c,174,0,0.32696,34
without_hba1c,175,0,0.57511,64
without_hba1c,176,0,0.302982,30
without_hba1c,177,0,0.375026,61
without_hba1c,178,1,0.39523,43
without_hba1c,179,0,0.215031,36
without_hba1c,180,1,0.297153,43
without_hba1c,181,0,0.29823,50
without_hba1c,182,0,0.67791,57
without_hba1c,183,0,0.34413,36
without_hba1c,184,1,0.236964,40
without_hba1c,185,0,0.19461,32
without_hba1c,186,0,0.569974,66
without_hba1c,187,1,0.662912,48
without_hba1c,188,1,0.550314,63
without_hba1c,189,1,0.484392,68
without_hba1c,190,0,0.189741,31
without_hba1c,191,0,0.340282,34
without_hba1c,192,0,0.369638,40
without_hba1c,193,1,0.53771,55
without_hba1c,194,1,0.480823,68
without_hba1c,195,0,0.342257,56
without_hba1c,196,0,0.43746,49
without_hba1c,197,0,0.596486,66
without_hba1c,198,0,0.588342,45
without_hba1c,199,0,0.384371,42
without_hba1c,200,0,0.396093,57
without_hba1c,201,1,0.672798,80
without_hba1c,202,0,0.325134,54
without_hba1c,203,0,0.579872,60
without_hba1c,204,0,0.242682,41
without_hba1c,205,1,0.772179,73
without_hba1c,206,1,0.355145,38
without_hba1c,207,0,0.245318,41
without_hba1c,208,1,0.236964,40
without_hba1c,209,0,0.675936,80
without_hba1c,210,0,0.382406,62
without_hba1c,211,0,0.260391,44
without_hba1c,212,1,0.239557,40
without_hba1c,213,1,0.503436,57
without_hba1c,214,0,0.355145,38
without_hba1c,215,1,0.38984,63
without_hba1c,216,0,0.531524,60
without_hba1c,217,0,0.499863,57
without_hba1c,218,1,0.472999,67
without_hba1c,219,0,0.450895,71
without_hba1c,220,1,0.360442,59
without_hba1c,221,1,0.550314,63
without_hba1c,222,1,0.67142,59
without_hba1c,223,0,0.546774,63
without_hba1c,224,0,0.672798,80
without_hba1c,225,1,0.411192,59
without_hba1c,226,1,0.521296,80
without_hba1c,227,1,0.472099,53
without_hba1c,228,0,0.239557,40
without_hba1c,229,0,0.569569,44
without_hba1c,230,1,0.596315,69
without_hba1c,231,0,0.338677,34
without_hba1c,232,1,0.360442,59
without_hba1c,233,1,0.526934,60
without_hba1c,234,0,0.375026,61
without_hba1c,235,0,0.19461,32
without_hba1c,236,1,0.672798,80
without_hba1c,237,1,0.450895,71
without_hba1c,238,1,0.231339,39
without_hba1c,239,1,0.31829,53
without_hba1c,240,0,0.334622,33
without_hba1c,241,0,0.450895,71
without_hba1c,242,0,0.382406,62
without_hba1c,243,1,0.596315,69
without_hba1c,244,0,0.38984,63
without_hba1c,245,0,0.507911,71
without_hba1c,246,0,0.584026,61
without_hba1c,247,0,0.299973,30
without_hba1c,248,0,0.456497,51
without_hba1c,249,1,0.445194,50
without_hba1c,250,0,0.513465,79
without_hba1c,251,0,0.248493,42
without_hba1c,252,1,0.328278,54
without_hba1c,253,0,0.474283,74
without_hba1c,254,0,0.360442,59
without_hba1c,255,1,0.314597,52
without_hba1c,256,0,0.316392,32
without_hba1c,257,0,0.468745,66
without_hba1c,258,0,0.225809,38
without_hba1c,259,0,0.492022,56
without_hba1c,260,0,0.199574,33
without_hba1c,261,0,0.257117,43
without_hba1c,262,0,0.521296,80
without_hba1c,263,0,0.304836,51
without_hba1c,264,0,0.31829,53
without_hba1c,265,0,0.393245,63
without_hba1c,266,0,0.530673,38
without_hba1c,267,1,0.342257,56
without_hba1c,268,1,0.231339,39
without_hba1c,269,0,0.584596,66
without_hba1c,270,0,0.352067,51
without_hba1c,271,1,0.61753,65
without_hba1c,272,0,0.19461,32
without_hba1c,273,1,0.477848,74
without_hba1c,274,0,0.324004,47
without_hba1c,275,1,0.633431,74
without_hba1c,276,1,0.336718,34
without_hba1c,277,0,0.56844,45
without_hba1c,278,1,0.573473,66
without_hba1c,279,1,0.420062,67
without_hba1c,280,1,0.505626,78
without_hba1c,281,0,0.575216,44
without_hba1c,282,0,0.457119,51
without_hba1c,283,0,0.209784,35
without_hba1c,284,1,0.531394,74
without_hba1c,285,1,0.618747,72
without_hba1c,286,0,0.199574,33
without_hba1c,287,0,0.633431,74
without_hba1c,288,1,0.701713,77
without_hba1c,289,1,0.61132,71
without_hba1c,290,0,0.231339,39
without_hba1c,291,0,0.311523,52
without_hba1c,292,0,0.50007,70
without_hba1c,293,0,0.272653,46
without_hba1c,294,0,0.215031,36
without_hba1c,295,1,0.382406,62
without_hba1c,297,0,0.385787,62
without_hba1c,298,1,0.248493,42
without_hba1c,299,0,0.524862,80
without_hba1c,300,1,0.291707,49
without_hba1c,301,0,0.184966,30
without_hba1c,302,1,0.52337,60
without_hba1c,303,0,0.482898,48
without_hba1c,304,0,0.38984,63
without_hba1c,305,0,0.303745,44
without_hba1c,306,0,0.524862,80
without_hba1c,307,0,0.414456,46
without_hba1c,308,1,0.30123,50
without_hba1c,309,1,0.54254,62
without_hba1c,310,1,0.607919,71
without_hba1c,311,1,0.538293,60
without_hba1c,312,1,0.521296,80
without_hba1c,313,0,0.445194,50
without_hba1c,314,0,0.320096,33
without_hba1c,315,0,0.479627,52
without_hba1c,316,1,0.427721,68
without_hba1c,317,0,0.517034,79
without_hba1c,318,0,0.399318,44
without_hba1c,319,1,0.417929,46
without_hba1c,320,0,0.320096,33
without_hba1c,321,0,0.391819,43
without_hba1c,322,0,0.555644,41
without_hba1c,323,1,0.52337,60
without_hba1c,324,0,0.492022,56
without_hba1c,325,1,0.600418,70
without_hba1c,326,1,0.266477,45
without_hba1c,327,0,0.349352,57
without_hba1c,328,1,0.531188,61
without_hba1c,329,0,0.712385,63
without_hba1c,330,0,0.375026,61
without_hba1c,331,0,0.772252,74
without_hba1c,332,1,0.489428,53
without_hba1c,333,1,0.496497,70
without_hba1c,334,1,0.445398,63
without_hba1c,335,0,0.391819,43
without_hba1c,336,1,0.554535,64
without_hba1c,337,1,0.671663,73
without_hba1c,338,1,0.553262,57
without_hba1c,339,0,0.304836,51
without_hba1c,340,1,0.654993,77
without_hba1c,341,0,0.324681,31
without_hba1c,342,1,0.351244,37
without_hba1c,343,0,0.339047,56
without_hba1c,344,1,0.669186,76
without_hba1c,345,0,0.605999,47
without_hba1c,346,0,0.212163,35
without_hba1c,347,1,0.52337,60
without_hba1c,348,0,0.215031,36
without_hba1c,349,1,0.541261,55
without_hba1c,350,1,0.49726,35
without_hba1c,351,0,0.189741,31
without_hba1c,352,1,0.371618,38
without_hba1c,353,0,0.550314,63
without_hba1c,354,1,0.422088,47
without_hba1c,355,1,0.400754,64
without_hba1c,356,0,0.347994,37
without_hba1c,358,1,0.406865,45
without_hba1c,359,0,0.225809,38
without_hba1c,360,0,0.378382,61
without_hba1c,361,1,0.353243,58
without_hba1c,362,1,0.410319,45
without_hba1c,363,1,0.459456,45
without_hba1c,364,0,0.830293,80
without_hba1c,365,0,0.330113,34
without_hba1c,366,0,0.427721,68
without_hba1c,367,1,0.29823,50
without_hba1c,368,0,0.209784,35
without_hba1c,369,1,0.438932,69
without_hba1c,370,1,0.662046,78
without_hba1c,371,0,0.217453,36
without_hba1c,372,0,0.369638,40
without_hba1c,373,1,0.519109,59
without_hba1c,374,0,0.254396,43
without_hba1c,375,1,0.675936,80
without_hba1c,376,1,0.330912,48
without_hba1c,377,0,0.558063,64
without_hba1c,378,0,0.414456,46
without_hba1c,379,0,0.371033,60
without_hba1c,380,0,0.375026,61
without_hba1c,381,0,0.422088,47
without_hba1c,382,1,0.456497,51
without_hba1c,383,0,0.618747,72
without_hba1c,384,1,0.56227,65
without_hba1c,385,0,0.61753,65
without_hba1c,386,0,0.535643,75
without_hba1c,388,1,0.575679,43
without_hba1c,389,0,0.38119,55
without_hba1c,390,0,0.19686,32
without_hba1c,391,1,0.521362,36
without_hba1c,392,0,0.538991,62
without_hba1c,393,0,0.377293,40
without_hba1c,394,1,0.736232,66
without_hba1c,395,0,0.515273,55
without_hba1c,396,1,0.321399,53
without_hba1c,397,0,0.393245,63
without_hba1c,398,0,0.468538,53
without_hba1c,399,1,0.521296,80
without_hba1c,400,0,0.470028,73
without_hba1c,401,1,0.783026,75
without_hba1c,402,1,0.317841,30
without_hba1c,403,0,0.42229,60
without_hba1c,404,0,0.527834,74
without_hba1c,405,1,0.577644,67
without_hba1c,406,0,0.299973,30
without_hba1c,407,0,0.767966,73
without_hba1c,408,0,0.31829,53
without_hba1c,409,1,0.561001,58
without_hba1c,410,0,0.385787,62
without_hba1c,411,1,0.588742,68
without_hba1c,412,0,0.272653,46
without_hba1c,413,1,0.60669,64
without_hba1c,414,0,0.278917,47
without_hba1c,415,0,0.212163,35
without_hba1c,416,0,0.721028,80
without_hba1c,417,0,0.272653,46
without_hba1c,418,0,0.36311,37
without_hba1c,419,0,0.302982,30
without_hba1c,420,0,0.414456,46
without_hba1c,421,0,0.339047,56
without_hba1c,422,0,0.367704,60
without_hba1c,423,0,0.32696,34
without_hba1c,424,0,0.452953,51
without_hba1c,425,0,0.323214,33
without_hba1c,426,0,0.266477,45
without_hba1c,427,0,0.431223,68
without_hba1c,428,1,0.492022,56
without_hba1c,429,0,0.236964,40
without_hba1c,430,1,0.215031,36
without_hba1c,431,1,0.595074,62
without_hba1c,432,1,0.565784,65
without_hba1c,433,0,0.464289,52
without_hba1c,434,0,0.577846,80
without_hba1c,435,0,0.521296,80
without_hba1c,436,1,0.679959,80
without_hba1c,437,0,0.420062,67
without_hba1c,438,1,0.685345,75
without_hba1c,439,0,0.36236,39
without_hba1c,440,0,0.339047,56
without_hba1c,441,1,0.640683,75
without_hba1c,442,1,0.19461,32
without_hba1c,443,1,0.220372,37
without_hba1c,444,0,0.660893,71
without_hba1c,445,1,0.647495,53
without_hba1c,446,1,0.54254,62
without_hba1c,447,1,0.451677,44
without_hba1c,448,0,0.497377,34
without_hba1c,449,1,0.481702,32
without_hba1c,450,0,0.325134,54
without_hba1c,451,0,0.630106,74
without_hba1c,452,0,0.452953,51
without_hba1c,453,1,0.438259,47
without_hba1c,454,0,0.515747,72
without_hba1c,455,0,0.278917,47
without_hba1c,456,0,0.460736,52
without_hba1c,457,0,0.217453,36
without_hba1c,458,1,0.366506,53
without_hba1c,459,0,0.573473,66
without_hba1c,460,1,0.417929,46
without_hba1c,461,0,0.468538,53
without_hba1c,462,0,0.44187,63
without_hba1c,463,1,0.531188,61
without_hba1c,464,0,0.466469,73
without_hba1c,465,0,0.376976,41
without_hba1c,466,0,0.199574,33
without_hba1c,467,1,0.487755,55
without_hba1c,468,1,0.397326,64
without_hba1c,469,1,0.507291,36
without_hba1c,470,0,0.31829,53
without_hba1c,471,1,0.344946,50
without_hba1c,472,1,0.468538,53
without_hba1c,473,0,0.491505,33
without_hba1c,474,1,0.476692,31
without_hba1c,475,1,0.439898,45
without_hba1c,476,0,0.498575,50
without_hba1c,477,0,0.559714,62
without_hba1c,478,0,0.505626,78
without_hba1c,479,0,0.352067,51
without_hba1c,480,0,0.360442,59
without_hba1c,481,1,0.427216,45
without_hba1c,482,0,0.534335,38
without_hba1c,483,0,0.360442,59
without_hba1c,484,0,0.340912,36
without_hba1c,485,1,0.521296,80
without_hba1c,486,0,0.449347,50
without_hba1c,487,0,0.382406,62
without_hba1c,488,0,0.266477,45
without_hba1c,489,0,0.266477,45
without_hba1c,490,0,0.632234,67
without_hba1c,491,0,0.422088,47
without_hba1c,492,0,0.41244,66
without_hba1c,493,0,0.355334,51
without_hba1c,494,0,0.425578,47
without_hba1c,495,0,0.371618,38
without_hba1c,496,0,0.191948,31
without_hba1c,497,1,0.675936,80
without_hba1c,498,1,0.335231,55
without_hba1c,499,1,0.369638,40
without_hba1c,500,1,0.579872,60
without_hba1c,501,0,0.433879,48
without_hba1c,502,0,0.507704,58
without_hba1c,503,0,0.369638,40
without_hba1c,504,0,0.31829,53
without_hba1c,505,0,0.41244,66
without_hba1c,506,0,0.445194,50
without_hba1c,507,0,0.340912,36
without_hba1c,508,1,0.435416,69
without_hba1c,509,0,0.36236,39
without_hba1c,510,1,0.346111,57
without_hba1c,511,1,0.62731,50
without_hba1c,512,0,0.443142,70
without_hba1c,513,1,0.272653,46
without_hba1c,514,1,0.488657,69
without_hba1c,515,1,0.664063,55
without_hba1c,516,0,0.288192,48
without_hba1c,517,0,0.399318,44
without_hba1c,518,0,0.285269,48
without_hba1c,519,0,0.558063,64
without_hba1c,520,0,0.30123,50
without_hba1c,521,0,0.294669,49
without_hba1c,522,0,0.577974,66
without_hba1c,523,0,0.445194,50
without_hba1c,524,0,0.41244,66
without_hba1c,525,0,0.468538,53
without_hba1c,526,0,0.49001,32
without_hba1c,527,0,0.57385,57
without_hba1c,528,0,0.285269,48
without_hba1c,529,1,0.311523,52
without_hba1c,530,0,0.675936,80
without_hba1c,531,0,0.360442,59
without_hba1c,532,0,0.260391,44
without_hba1c,533,0,0.215031,36
without_hba1c,534,1,0.54254,62
without_hba1c,535,0,0.199574,33
without_hba1c,536,0,0.417929,46
without_hba1c,537,0,0.721028,80
without_hba1c,538,0,0.285269,48
without_hba1c,539,1,0.54698,76
without_hba1c,540,0,0.36236,39
without_hba1c,541,0,0.278917,47
without_hba1c,542,0,0.340912,36
without_hba1c,543,0,0.429757,48
without_hba1c,544,0,0.574356,80
without_hba1c,545,1,0.474796,33
without_hba1c,546,0,0.391819,43
without_hba1c,547,1,0.44187,63
without_hba1c,548,0,0.554535,64
without_hba1c,549,0,0.521296,80
without_hba1c,550,0,0.425578,47
without_hba1c,551,0,0.492022,56
without_hba1c,552,1,0.254396,43
without_hba1c,553,1,0.225809,38
without_hba1c,554,1,0.310419,45
without_hba1c,555,0,0.272653,46
without_hba1c,556,0,0.469347,51
without_hba1c,557,0,0.311523,52
without_hba1c,558,0,0.521296,80
without_hba1c,559,0,0.492229,69
without_hba1c,560,1,0.526934,60
without_hba1c,561,0,0.639616,54
without_hba1c,562,1,0.481593,52
without_hba1c,563,0,0.328278,54
without_hba1c,564,0,0.248493,42
without_hba1c,565,0,0.339047,56
without_hba1c,566,1,0.495299,54
without_hba1c,567,1,0.418807,60
without_hba1c,568,0,0.228317,38
without_hba1c,569,0,0.519109,59
without_hba1c,570,0,0.488493,53
without_hba1c,571,0,0.511453,55
without_hba1c,572,0,0.41244,66
without_hba1c,573,0,0.313308,32
without_hba1c,574,0,0.371033,60
without_hba1c,575,0,0.503023,34
without_hba1c,576,0,0.374639,39
without_hba1c,577,1,0.692069,76
without_hba1c,578,0,0.260391,44
without_hba1c,579,1,0.618747,72
without_hba1c,580,0,0.474283,74
without_hba1c,581,0,0.320096,33
without_hba1c,582,1,0.458262,50
without_hba1c,583,1,0.41244,66
without_hba1c,584,0,0.421161,39
without_hba1c,585,0,0.437664,62
without_hba1c,586,0,0.489945,76
without_hba1c,587,0,0.496084,48
without_hba1c,588,0,0.260391,44
without_hba1c,589,0,0.417929,46
without_hba1c,590,0,0.497372,55
without_hba1c,591,0,0.484185,55
without_hba1c,592,1,0.675936,80
without_hba1c,593,0,0.470945,32
without_hba1c,594,1,0.718144,80
without_hba1c,595,0,0.324004,47
without_hba1c,596,0,0.675936,80
without_hba1c,597,1,0.569286,64
without_hba1c,598,0,0.399318,44
without_hba1c,599,0,0.3339,35
without_hba1c,600,0,0.19461,32
without_hba1c,601,0,0.406865,45
without_hba1c,602,0,0.577846,80
without_hba1c,603,0,0.206967,34
without_hba1c,604,0,0.199574,33
without_hba1c,605,0,0.495594,56
without_hba1c,606,0,0.184966,30
without_hba1c,607,0,0.455219,44
without_hba1c,608,1,0.340282,34
without_hba1c,609,1,0.490734,49
without_hba1c,610,0,0.387758,42
without_hba1c,611,0,0.231339,39
without_hba1c,612,0,0.450895,71
without_hba1c,613,1,0.347128,34
without_hba1c,614,1,0.387758,42
without_hba1c,615,1,0.492022,56
without_hba1c,616,1,0.524862,80
without_hba1c,617,1,0.588742,68
without_hba1c,618,0,0.723871,64
without_hba1c,619,1,0.442631,47
without_hba1c,620,0,0.479922,54
without_hba1c,621,0,0.398645,42
without_hba1c,622,1,0.406865,45
without_hba1c,623,0,0.695107,76
without_hba1c,624,1,0.32696,34
without_hba1c,625,0,0.397326,64
without_hba1c,626,1,0.363743,59
without_hba1c,627,0,0.236964,40
without_hba1c,628,1,0.515541,59
without_hba1c,629,0,0.554025,41
without_hba1c,630,0,0.396093,57
without_hba1c,631,1,0.602214,62
without_hba1c,632,0,0.449619,64
without_hba1c,633,1,0.565784,65
without_hba1c,634,0,0.351244,37
without_hba1c,635,0,0.484185,55
without_hba1c,636,1,0.382016,40
without_hba1c,637,1,0.479922,54
without_hba1c,638,1,0.479922,54
without_hba1c,639,1,0.374639,39
without_hba1c,640,1,0.583322,44
without_hba1c,641,0,0.438932,69
without_hba1c,642,1,0.717558,63
without_hba1c,643,1,0.447452,43
without_hba1c,644,1,0.564646,44
without_hba1c,645,0,0.672798,80
without_hba1c,646,0,0.375026,61
without_hba1c,647,0,0.688419,75
without_hba1c,648,0,0.600418,70
without_hba1c,649,0,0.427721,68
without_hba1c,650,0,0.521296,80
without_hba1c,651,0,0.248493,42
without_hba1c,652,0,0.474283,74
without_hba1c,653,0,0.664709,72
without_hba1c,654,0,0.675936,80
without_hba1c,655,1,0.515541,59
without_hba1c,656,0,0.231339,39
without_hba1c,657,1,0.678542,74
without_hba1c,658,0,0.577644,67
without_hba1c,659,0,0.521296,80
without_hba1c,660,0,0.554535,64
without_hba1c,661,0,0.31829,53
without_hba1c,662,0,0.32696,34
without_hba1c,663,0,0.254396,43
without_hba1c,664,1,0.661677,55
without_hba1c,665,0,0.316392,32
without_hba1c,666,0,0.402751,44
without_hba1c,667,0,0.299973,30
without_hba1c,668,1,0.474283,74
without_hba1c,669,1,0.499346,34
without_hba1c,670,0,0.671663,73
without_hba1c,671,0,0.721028,80
without_hba1c,672,0,0.54254,62
without_hba1c,673,0,0.325134,54
without_hba1c,674,1,0.376976,41
without_hba1c,675,0,0.382406,62
without_hba1c,676,1,0.65462,54
without_hba1c,677,0,0.524862,80
without_hba1c,678,0,0.302982,30
without_hba1c,679,1,0.521296,80
without_hba1c,680,1,0.369638,40
without_hba1c,681,1,0.369638,40
without_hba1c,682,0,0.531188,61
without_hba1c,683,0,0.31829,53
without_hba1c,684,1,0.514254,52
without_hba1c,685,0,0.468538,53
without_hba1c,686,0,0.31829,53
without_hba1c,687,0,0.435416,69
without_hba1c,688,1,0.651287,54
without_hba1c,689,0,0.584026,61
without_hba1c,690,0,0.254396,43
without_hba1c,691,0,0.340912,36
without_hba1c,692,0,0.330271,31
without_hba1c,693,0,0.321039,30
without_hba1c,694,1,0.472099,53
without_hba1c,695,1,0.43415,62
without_hba1c,696,0,0.531394,74
without_hba1c,697,1,0.39523,43
without_hba1c,698,1,0.594198,47
without_hba1c,699,0,0.492022,56
without_hba1c,700,0,0.242682,41
without_hba1c,701,1,0.554535,64
without_hba1c,702,0,0.402923,41
without_hba1c,703,1,0.384371,42
without_hba1c,704,0,0.204631,34
without_hba1c,705,0,0.260391,44
without_hba1c,706,0,0.189741,31
without_hba1c,707,0,0.393245,63
without_hba1c,708,0,0.515541,59
without_hba1c,709,0,0.630106,74
without_hba1c,710,0,0.291707,49
without_hba1c,711,0,0.199574,33
without_hba1c,712,1,0.450895,71
without_hba1c,713,1,0.545497,56
without_hba1c,714,0,0.675936,80
without_hba1c,715,0,0.584026,61
without_hba1c,716,0,0.715389,63
without_hba1c,717,0,0.304836,51
without_hba1c,718,0,0.335231,55
without_hba1c,719,0,0.271632,39
without_hba1c,720,0,0.476356,54
without_hba1c,721,0,0.23389,39
without_hba1c,722,0,0.378382,61
without_hba1c,723,1,0.435416,69
without_hba1c,724,0,0.726572,66
without_hba1c,725,0,0.311523,52
without_hba1c,726,1,0.663536,57
without_hba1c,727,1,0.351244,37
without_hba1c,728,1,0.456497,51
without_hba1c,729,0,0.499863,57
without_hba1c,730,1,0.621555,66
without_hba1c,731,1,0.61537,72
without_hba1c,732,0,0.576387,60
without_hba1c,733,0,0.485679,75
without_hba1c,734,0,0.199574,33
without_hba1c,735,0,0.628904,67
without_hba1c,736,0,0.458159,49
without_hba1c,737,0,0.303745,44
without_hba1c,738,0,0.507704,58
without_hba1c,739,0,0.433263,48
without_hba1c,740,0,0.40362,58
without_hba1c,741,0,0.231339,39
without_hba1c,742,0,0.361712,37
without_hba1c,743,0,0.34413,36
without_hba1c,744,0,0.248493,42
without_hba1c,745,1,0.215031,36
without_hba1c,746,0,0.474283,74
without_hba1c,747,1,0.465187,66
without_hba1c,748,0,0.220372,37
without_hba1c,749,1,0.543162,62
without_hba1c,750,0,0.225809,38
without_hba1c,751,0,0.574356,80
without_hba1c,752,1,0.574356,80
without_hba1c,753,0,0.347994,37
without_hba1c,754,1,0.721133,66
without_hba1c,755,1,0.499863,57
without_hba1c,756,1,0.431223,68
without_hba1c,757,1,0.476562,67
without_hba1c,758,0,0.475071,47
without_hba1c,759,0,0.526934,60
without_hba1c,760,0,0.531394,74
without_hba1c,761,1,0.311523,52
without_hba1c,762,0,0.3066,31
without_hba1c,763,0,0.316392,32
without_hba1c,764,1,0.406865,45
without_hba1c,765,1,0.355145,38
without_hba1c,766,0,0.435416,69
without_hba1c,767,0,0.204631,34
without_hba1c,768,1,0.507187,35
without_hba1c,769,0,0.385787,62
without_hba1c,770,0,0.587494,61
without_hba1c,771,1,0.558063,64
without_hba1c,772,0,0.524862,80
without_hba1c,773,0,0.332054,55
without_hba1c,774,0,0.299973,30
without_hba1c,775,0,0.34413,36
without_hba1c,776,1,0.311523,52
without_hba1c,777,1,0.360442,59
without_hba1c,778,1,0.42229,60
without_hba1c,779,0,0.443142,70
without_hba1c,780,1,0.363743,59
without_hba1c,781,1,0.458672,72
without_hba1c,782,1,0.544201,60
without_hba1c,783,1,0.347358,35
without_hba1c,784,0,0.291707,49
without_hba1c,785,0,0.254396,43
without_hba1c,786,0,0.646695,69
without_hba1c,787,0,0.369638,40
without_hba1c,788,1,0.337893,49
without_hba1c,789,1,0.360442,59
without_hba1c,790,0,0.260391,44
without_hba1c,792,0,0.347994,37
without_hba1c,793,1,0.441156,46
without_hba1c,794,0,0.554535,64
without_hba1c,795,0,0.731749,60
without_hba1c,796,0,0.398402,41
without_hba1c,797,0,0.435502,40
without_hba1c,798,0,0.201867,33
without_hba1c,799,0,0.382406,62
without_hba1c,800,0,0.376976,41
without_hba1c,801,0,0.396093,57
without_hba1c,802,0,0.511275,58
without_hba1c,803,0,0.604442,70
without_hba1c,804,1,0.477848,74
without_hba1c,805,0,0.521296,80
without_hba1c,806,1,0.382406,62
without_hba1c,807,0,0.360442,59
without_hba1c,808,0,0.29823,50
without_hba1c,809,0,0.263153,44
without_hba1c,810,0,0.184966,30
without_hba1c,811,0,0.479922,54
without_hba1c,812,1,0.574356,80
without_hba1c,813,1,0.316392,32
without_hba1c,814,1,0.335231,55
without_hba1c,815,0,0.733147,59
without_hba1c,816,0,0.422088,47
without_hba1c,817,0,0.347994,37
without_hba1c,818,0,0.629452,72
without_hba1c,819,1,0.521296,80
without_hba1c,820,1,0.787446,69
without_hba1c,821,0,0.600418,70
without_hba1c,822,0,0.425578,47
without_hba1c,823,1,0.541261,55
without_hba1c,824,0,0.242682,41
without_hba1c,825,0,0.422088,47
without_hba1c,826,1,0.426461,61
without_hba1c,827,0,0.316392,32
without_hba1c,828,0,0.414456,46
without_hba1c,829,0,0.61537,72
without_hba1c,830,0,0.650586,70
without_hba1c,831,1,0.675936,80
without_hba1c,832,0,0.61753,65
without_hba1c,833,0,0.556792,57
without_hba1c,834,0,0.61537,72
without_hba1c,835,1,0.564518,58
without_hba1c,836,0,0.387758,42
without_hba1c,837,0,0.792807,79
without_hba1c,838,1,0.442631,47
without_hba1c,839,1,0.495773,53
without_hba1c,840,0,0.19461,32
without_hba1c,841,0,0.688419,75
without_hba1c,842,0,0.254396,43
without_hba1c,843,0,0.204631,34
without_hba1c,844,0,0.254396,43
without_hba1c,845,0,0.29823,50
without_hba1c,846,0,0.236964,40
without_hba1c,847,0,0.254396,43
without_hba1c,848,0,0.204631,34
without_hba1c,849,1,0.482175,31
without_hba1c,850,0,0.672798,80
without_hba1c,851,0,0.236964,40
without_hba1c,852,1,0.402923,41
without_hba1c,853,1,0.73523,59
without_hba1c,854,1,0.515541,59
without_hba1c,855,0,0.220372,37
without_hba1c,856,0,0.204631,34
without_hba1c,857,1,0.52337,60
without_hba1c,858,0,0.311523,52
without_hba1c,859,1,0.565959,62
without_hba1c,860,0,0.239557,40
without_hba1c,861,0,0.346111,57
without_hba1c,862,0,0.499863,57
without_hba1c,863,0,0.476356,54
without_hba1c,864,0,0.440574,48
without_hba1c,865,0,0.369638,40
without_hba1c,866,0,0.260391,44
without_hba1c,867,0,0.254396,43
without_hba1c,868,1,0.524862,80
without_hba1c,869,1,0.275496,46
without_hba1c,870,0,0.332054,55
without_hba1c,871,1,0.324681,31
without_hba1c,872,1,0.496497,70
without_hba1c,873,0,0.231339,39
without_hba1c,874,0,0.369638,40
without_hba1c,875,0,0.299973,30
without_hba1c,876,1,0.577644,67
without_hba1c,877,1,0.718144,80
without_hba1c,878,1,0.337245,32
without_hba1c,879,0,0.38984,63
without_hba1c,880,0,0.404861,65
without_hba1c,881,1,0.672798,80
without_hba1c,882,1,0.299973,30
without_hba1c,883,0,0.629624,51
without_hba1c,884,1,0.462104,30
without_hba1c,885,0,0.189741,31
without_hba1c,886,0,0.376976,41
without_hba1c,887,1,0.602154,46
without_hba1c,888,0,0.209784,35
without_hba1c,889,1,0.701713,77
without_hba1c,890,1,0.236033,33
without_hba1c,891,1,0.800942,78
without_hba1c,892,1,0.681765,60
without_hba1c,893,0,0.236964,40
without_hba1c,894,0,0.19461,32
without_hba1c,895,1,0.325134,54
without_hba1c,896,0,0.458672,72
without_hba1c,897,1,0.644604,76
without_hba1c,898,1,0.554535,64
without_hba1c,899,0,0.607919,71
without_hba1c,900,1,0.400754,64
without_hba1c,901,0,0.222838,37
without_hba1c,902,1,0.596315,69
without_hba1c,903,1,0.468024,30
without_hba1c,904,0,0.56227,65
without_hba1c,905,0,0.454436,71
without_hba1c,906,0,0.47584,31
without_hba1c,907,1,0.628904,67
without_hba1c,908,0,0.657682,71
without_hba1c,909,0,0.3066,31
without_hba1c,910,1,0.659814,75
without_hba1c,911,0,0.239557,40
without_hba1c,912,0,0.484185,55
without_hba1c,913,1,0.521296,80
without_hba1c,914,1,0.479239,32
without_hba1c,915,1,0.721028,80
without_hba1c,916,0,0.348977,34
without_hba1c,917,0,0.429757,48
without_hba1c,918,1,0.534746,61
without_hba1c,919,1,0.493517,76
without_hba1c,920,1,0.353243,58
without_hba1c,921,0,0.331595,32
without_hba1c,922,0,0.215031,36
without_hba1c,923,0,0.191948,31
without_hba1c,924,1,0.585277,68
without_hba1c,925,1,0.572212,59
without_hba1c,926,0,0.184966,30
without_hba1c,927,1,0.665856,79
without_hba1c,928,0,0.3066,31
without_hba1c,929,1,0.47376,32
without_hba1c,930,1,0.577644,67
without_hba1c,931,0,0.236964,40
without_hba1c,932,0,0.456497,51
without_hba1c,933,1,0.346111,57
without_hba1c,934,0,0.313308,32
without_hba1c,935,0,0.492229,69
without_hba1c,936,1,0.708345,64
without_hba1c,937,0,0.367704,60
without_hba1c,938,0,0.631388,52
without_hba1c,939,0,0.397326,64
without_hba1c,940,1,0.625731,50
without_hba1c,941,1,0.650437,54
without_hba1c,942,0,0.448726,50
without_hba1c,943,0,0.19461,32
without_hba1c,944,0,0.302982,30
without_hba1c,945,0,0.555895,42
without_hba1c,946,0,0.399318,44
without_hba1c,947,0,0.32696,34
without_hba1c,948,1,0.776613,73
without_hba1c,949,0,0.653828,70
without_hba1c,950,0,0.51353,35
without_hba1c,951,1,0.266477,45
without_hba1c,952,0,0.337086,35
without_hba1c,953,0,0.299973,30
without_hba1c,954,0,0.429757,48
without_hba1c,955,1,0.57714,44
without_hba1c,956,1,0.41244,66
without_hba1c,957,0,0.474283,74
without_hba1c,958,0,0.242682,41
without_hba1c,959,0,0.347994,37
without_hba1c,960,0,0.41244,66
without_hba1c,961,0,0.421403,45
without_hba1c,962,0,0.266477,45
without_hba1c,963,1,0.365669,39
without_hba1c,964,0,0.360442,59
without_hba1c,965,0,0.429757,48
without_hba1c,966,1,0.340912,36
without_hba1c,967,0,0.546774,63
without_hba1c,968,1,0.743421,68
without_hba1c,969,0,0.367704,60
without_hba1c,970,1,0.620873,49
without_hba1c,971,0,0.369638,40
without_hba1c,972,1,0.581127,67
without_hba1c,973,0,0.477848,74
without_hba1c,974,0,0.242682,41
without_hba1c,975,1,0.492022,56
without_hba1c,976,1,0.38006,39
without_hba1c,977,0,0.489945,76
without_hba1c,978,0,0.675936,80
without_hba1c,979,0,0.42229,60
without_hba1c,980,1,0.476356,54
without_hba1c,981,1,0.19461,32
without_hba1c,982,0,0.427721,68
without_hba1c,983,1,0.356515,58
without_hba1c,984,1,0.64317,55
without_hba1c,985,1,0.704672,61
without_hba1c,986,0,0.636503,72
without_hba1c,987,1,0.685345,75
without_hba1c,988,0,0.32696,34
without_hba1c,989,1,0.621296,52
without_hba1c,990,0,0.254396,43
without_hba1c,991,0,0.335231,55
without_hba1c,992,1,0.672798,80
without_hba1c,993,1,0.291707,49
without_hba1c,994,0,0.325134,54
without_hba1c,995,0,0.484185,55
without_hba1c,996,1,0.515541,59
without_hba1c,997,0,0.31829,53
without_hba1c,998,1,0.519287,56
without_hba1c,999,0,0.597918,48
without_hba1c,1000,0,0.231339,39
without_hba1c,1001,0,0.388615,56
without_hba1c,1002,1,0.60669,64
without_hba1c,1003,0,0.266477,45
without_hba1c,1004,1,0.225809,38
without_hba1c,1005,1,0.456497,51
without_hba1c,1006,1,0.515541,59
without_hba1c,1007,0,0.204631,34
without_hba1c,1008,0,0.254396,43
without_hba1c,1009,1,0.321399,53
without_hba1c,1010,0,0.217453,36
without_hba1c,1011,0,0.492022,56
without_hba1c,1012,0,0.695107,76
without_hba1c,1013,1,0.55299,43
without_hba1c,1014,1,0.373819,54
without_hba1c,1015,0,0.493517,76
without_hba1c,1016,0,0.277882,40
without_hba1c,1017,0,0.378382,61
without_hba1c,1018,0,0.3339,35
without_hba1c,1019,0,0.363743,59
without_hba1c,1020,1,0.571323,44
without_hba1c,1021,0,0.445194,50
without_hba1c,1022,0,0.443142,70
without_hba1c,1023,0,0.30123,50
without_hba1c,1024,0,0.672798,80
without_hba1c,1025,1,0.602609,63
without_hba1c,1026,0,0.248493,42
without_hba1c,1027,1,0.384371,42
without_hba1c,1028,0,0.675936,80
without_hba1c,1029,0,0.464467,49
without_hba1c,1030,1,0.547109,62
without_hba1c,1031,0,0.369638,40
without_hba1c,1032,1,0.515541,59
without_hba1c,1033,1,0.184966,30
without_hba1c,1034,1,0.248493,42
without_hba1c,1035,0,0.61537,72
without_hba1c,1036,1,0.549637,41
without_hba1c,1037,0,0.199574,33
without_hba1c,1038,1,0.43746,49
without_hba1c,1039,0,0.254396,43
without_hba1c,1040,0,0.569974,66
without_hba1c,1041,0,0.29823,50
without_hba1c,1042,1,0.575212,65
without_hba1c,1043,0,0.359001,38
without_hba1c,1044,0,0.431402,45
without_hba1c,1045,0,0.38984,63
without_hba1c,1046,1,0.297153,43
without_hba1c,1047,0,0.720092,64
without_hba1c,1048,0,0.313308,32
without_hba1c,1049,1,0.521296,80
without_hba1c,1050,1,0.725065,65
without_hba1c,1051,0,0.257117,43
without_hba1c,1052,1,0.337245,32
without_hba1c,1053,0,0.242682,41
without_hba1c,1054,0,0.405622,38
without_hba1c,1055,1,0.41194,43
without_hba1c,1056,0,0.470028,73
without_hba1c,1057,1,0.487755,55
without_hba1c,1058,0,0.2594,37
without_hba1c,1059,1,0.384371,42
without_hba1c,1060,0,0.459183,31
without_hba1c,1061,0,0.290644,42
without_hba1c,1062,0,0.317841,30
without_hba1c,1063,0,0.342257,56
without_hba1c,1064,1,0.34413,36
without_hba1c,1065,1,0.499863,57
without_hba1c,1066,0,0.254396,43
without_hba1c,1067,0,0.577846,80
without_hba1c,1068,1,0.660893,71
without_hba1c,1069,1,0.534746,61
without_hba1c,1070,0,0.521296,80
without_hba1c,1071,0,0.363743,59
without_hba1c,1072,0,0.427721,68
without_hba1c,1073,0,0.29823,50
without_hba1c,1074,0,0.510592,36
without_hba1c,1075,0,0.38984,63
without_hba1c,1076,0,0.41244,66
without_hba1c,1077,0,0.420831,40
without_hba1c,1078,1,0.596315,69
without_hba1c,1079,1,0.531394,74
without_hba1c,1080,0,0.52337,60
without_hba1c,1081,0,0.347994,37
without_hba1c,1082,0,0.719254,63
without_hba1c,1083,0,0.589691,44
without_hba1c,1084,1,0.61022,50
without_hba1c,1085,1,0.662046,78
without_hba1c,1086,1,0.558063,64
without_hba1c,1087,0,0.464467,49
without_hba1c,1088,0,0.550314,63
without_hba1c,1089,0,0.304836,51
without_hba1c,1090,0,0.431838,46
without_hba1c,1091,0,0.521296,80
without_hba1c,1092,0,0.206967,34
without_hba1c,1093,0,0.248493,42
without_hba1c,1094,1,0.435416,69
without_hba1c,1095,0,0.323214,33
without_hba1c,1096,0,0.481593,52
without_hba1c,1097,1,0.454436,71
without_hba1c,1098,0,0.231339,39
without_hba1c,1099,0,0.622766,73
without_hba1c,1100,1,0.618747,72
without_hba1c,1101,0,0.337893,49
without_hba1c,1102,1,0.362551,52
without_hba1c,1103,0,0.466469,73
without_hba1c,1104,1,0.420062,67
without_hba1c,1105,1,0.248493,42
without_hba1c,1106,1,0.546774,63
without_hba1c,1107,1,0.546365,41
without_hba1c,1108,0,0.431223,68
without_hba1c,1109,0,0.358424,38
without_hba1c,1110,0,0.511453,55
without_hba1c,1111,0,0.535129,52
without_hba1c,1112,0,0.458672,72
without_hba1c,1113,0,0.425578,47
without_hba1c,1114,0,0.18713,30
without_hba1c,1115,1,0.588742,68
without_hba1c,1116,0,0.577846,80
without_hba1c,1117,0,0.355145,38
without_hba1c,1118,1,0.581127,67
without_hba1c,1119,0,0.636908,52
without_hba1c,1120,0,0.36311,37
without_hba1c,1121,0,0.215031,36
without_hba1c,1122,0,0.59287,69
without_hba1c,1123,0,0.372974,40
without_hba1c,1124,1,0.595074,62
without_hba1c,1125,0,0.772252,74
without_hba1c,1126,1,0.603842,70
without_hba1c,1127,0,0.339047,56
without_hba1c,1128,0,0.189741,31
without_hba1c,1129,1,0.410319,45
without_hba1c,1130,1,0.479922,54
without_hba1c,1131,0,0.397326,64
without_hba1c,1132,1,0.534746,61
without_hba1c,1133,0,0.521296,80
without_hba1c,1134,0,0.400754,64
without_hba1c,1135,1,0.578987,45
without_hba1c,1136,0,0.245318,41
without_hba1c,1137,1,0.225809,38
without_hba1c,1138,1,0.435416,69
without_hba1c,1139,1,0.524862,80
without_hba1c,1140,1,0.39523,43
without_hba1c,1141,1,0.450895,71
without_hba1c,1142,0,0.294669,49
without_hba1c,1143,0,0.266477,45
without_hba1c,1144,1,0.54254,62
without_hba1c,1145,1,0.358424,38
without_hba1c,1146,0,0.420062,67
without_hba1c,1147,1,0.644604,76
without_hba1c,1148,1,0.275496,46
without_hba1c,1149,0,0.242682,41
without_hba1c,1150,0,0.420831,40
without_hba1c,1151,0,0.754249,63
without_hba1c,1152,0,0.236964,40
without_hba1c,1153,0,0.365669,39
without_hba1c,1154,0,0.236964,40
without_hba1c,1156,1,0.346111,57
without_hba1c,1157,0,0.374542,38
without_hba1c,1158,1,0.595074,62
without_hba1c,1159,1,0.313308,32
without_hba1c,1160,1,0.28422,41
without_hba1c,1161,0,0.596315,69
without_hba1c,1162,0,0.189741,31
without_hba1c,1163,1,0.552077,41
without_hba1c,1164,1,0.456497,51
without_hba1c,1165,0,0.307873,51
without_hba1c,1166,0,0.381918,39
without_hba1c,1167,0,0.521296,80
without_hba1c,1168,0,0.598917,49
without_hba1c,1169,0,0.429757,48
without_hba1c,1170,0,0.254396,43
without_hba1c,1171,0,0.251171,42
without_hba1c,1172,0,0.38984,63
without_hba1c,1173,1,0.569467,43
without_hba1c,1174,1,0.251171,42
without_hba1c,1175,0,0.236964,40
without_hba1c,1176,0,0.242682,41
without_hba1c,1177,1,0.517823,52
without_hba1c,1178,1,0.527834,74
without_hba1c,1179,0,0.515541,59
without_hba1c,1180,0,0.41244,66
without_hba1c,1181,0,0.26928,45
without_hba1c,1182,1,0.291707,49
without_hba1c,1183,0,0.215031,36
without_hba1c,1184,1,0.61132,71
without_hba1c,1185,0,0.260391,44
without_hba1c,1186,0,0.408309,65
without_hba1c,1187,0,0.311523,52
without_hba1c,1188,0,0.266477,45
without_hba1c,1189,0,0.546774,63
without_hba1c,1190,1,0.43746,49
without_hba1c,1191,0,0.236964,40
without_hba1c,1192,0,0.266477,45
without_hba1c,1193,1,0.675936,80
without_hba1c,1194,1,0.290644,42
without_hba1c,1195,1,0.482898,48
without_hba1c,1196,1,0.544193,41
without_hba1c,1197,0,0.488657,69
without_hba1c,1198,1,0.42996,61
without_hba1c,1199,1,0.281801,47
without_hba1c,1200,0,0.330113,34
without_hba1c,1201,0,0.714676,79
without_hba1c,1202,1,0.639496,68
without_hba1c,1203,0,0.358424,38
without_hba1c,1204,0,0.353243,58
without_hba1c,1205,1,0.465187,66
without_hba1c,1206,1,0.468538,53
without_hba1c,1207,1,0.538991,62
without_hba1c,1208,0,0.34413,36
without_hba1c,1209,1,0.515064,50
without_hba1c,1210,1,0.29823,50
without_hba1c,1211,0,0.692727,60
without_hba1c,1212,0,0.272653,46
without_hba1c,1213,1,0.630106,74
without_hba1c,1214,0,0.340912,36
without_hba1c,1215,1,0.512177,72
without_hba1c,1216,0,0.630106,74
without_hba1c,1217,0,0.236964,40
without_hba1c,1218,0,0.231339,39
without_hba1c,1219,0,0.626118,73
without_hba1c,1220,0,0.285269,48
without_hba1c,1221,0,0.688011,58
without_hba1c,1222,0,0.380339,41
without_hba1c,1223,0,0.533945,58
without_hba1c,1224,1,0.184966,30
without_hba1c,1225,0,0.38984,63
without_hba1c,1226,1,0.524862,80
without_hba1c,1227,0,0.239557,40
without_hba1c,1228,0,0.427721,68
without_hba1c,1229,0,0.372974,40
without_hba1c,1230,1,0.603842,70
without_hba1c,1231,0,0.64317,55
without_hba1c,1232,0,0.574356,80
without_hba1c,1233,1,0.215031,36
without_hba1c,1234,1,0.704672,61
without_hba1c,1235,1,0.644604,76
without_hba1c,1236,0,0.248493,42
without_hba1c,1237,1,0.399318,44
without_hba1c,1238,1,0.669028,79
without_hba1c,1239,0,0.375026,61
without_hba1c,1240,0,0.320096,33
without_hba1c,1241,0,0.450895,71
without_hba1c,1242,0,0.450895,71
without_hba1c,1243,1,0.268267,38
without_hba1c,1244,0,0.313487,45
without_hba1c,1245,0,0.251171,42
without_hba1c,1246,0,0.34413,36
without_hba1c,1247,1,0.503436,57
without_hba1c,1248,0,0.339047,56
without_hba1c,1249,1,0.458672,72
without_hba1c,1250,0,0.718144,80
without_hba1c,1251,0,0.328278,54
without_hba1c,1252,1,0.54254,62
without_hba1c,1253,0,0.57714,44
without_hba1c,1254,0,0.325134,54
without_hba1c,1255,1,0.525603,57
without_hba1c,1256,1,0.277882,40
without_hba1c,1257,1,0.394462,40
without_hba1c,1258,0,0.369638,40
without_hba1c,1259,0,0.378382,61
without_hba1c,1260,1,0.54254,62
without_hba1c,1261,1,0.56871,59
without_hba1c,1262,0,0.212163,35
without_hba1c,1263,0,0.669028,79
without_hba1c,1264,1,0.470028,73
without_hba1c,1265,1,0.672798,80
without_hba1c,1266,0,0.340912,36
without_hba1c,1267,1,0.481702,32
without_hba1c,1268,0,0.23389,39
without_hba1c,1269,0,0.524862,80
without_hba1c,1270,0,0.456497,51
without_hba1c,1271,0,0.484185,55
without_hba1c,1272,0,0.521296,80
without_hba1c,1273,0,0.624911,66
without_hba1c,1274,1,0.314597,52
without_hba1c,1275,0,0.299973,30
without_hba1c,1276,0,0.382406,62
without_hba1c,1277,0,0.201867,33
without_hba1c,1278,0,0.335231,55
without_hba1c,1279,0,0.456497,51
without_hba1c,1280,0,0.479922,54
without_hba1c,1281,1,0.672798,80
without_hba1c,1282,1,0.633789,65
without_hba1c,1283,0,0.54254,62
without_hba1c,1284,1,0.371033,60
without_hba1c,1285,0,0.52337,60
without_hba1c,1286,1,0.481593,52
without_hba1c,1287,0,0.492022,56
without_hba1c,1288,1,0.503023,34
without_hba1c,1289,0,0.199574,33
without_hba1c,1290,0,0.313308,32
without_hba1c,1291,1,0.523102,56
without_hba1c,1292,0,0.770707,74
without_hba1c,1293,0,0.550314,63
without_hba1c,1294,0,0.351244,37
without_hba1c,1295,1,0.558063,64
without_hba1c,1296,0,0.587667,58
without_hba1c,1297,1,0.711413,57
without_hba1c,1298,0,0.672798,80
without_hba1c,1299,1,0.622766,73
without_hba1c,1300,0,0.376976,41
without_hba1c,1301,0,0.569467,43
without_hba1c,1302,0,0.535369,39
without_hba1c,1303,0,0.505626,78
without_hba1c,1304,0,0.558063,64
without_hba1c,1305,0,0.495773,53
without_hba1c,1306,0,0.215031,36
without_hba1c,1307,1,0.521296,80
without_hba1c,1308,0,0.376976,41
without_hba1c,1309,0,0.429757,48
without_hba1c,1310,1,0.517953,38
without_hba1c,1311,1,0.349352,57
without_hba1c,1312,1,0.691452,59
without_hba1c,1313,0,0.36236,39
without_hba1c,1314,0,0.337086,35
without_hba1c,1315,1,0.288192,48
without_hba1c,1316,1,0.32696,34
without_hba1c,1317,0,0.646261,52
without_hba1c,1318,0,0.553262,57
without_hba1c,1319,1,0.404861,65
without_hba1c,1320,0,0.225809,38
without_hba1c,1321,1,0.640053,53
without_hba1c,1322,1,0.744863,69
without_hba1c,1323,0,0.447452,43
without_hba1c,1324,1,0.236033,33
without_hba1c,1325,0,0.632234,67
without_hba1c,1326,1,0.581127,67
without_hba1c,1327,1,0.447628,40
without_hba1c,1328,1,0.384371,42
without_hba1c,1329,0,0.521296,80
without_hba1c,1331,0,0.433438,45
without_hba1c,1332,1,0.332054,55
without_hba1c,1333,1,0.628422,44
without_hba1c,1334,1,0.38984,63
without_hba1c,1335,0,0.675936,80
without_hba1c,1336,0,0.32696,34
without_hba1c,1337,0,0.425578,47
without_hba1c,1338,1,0.391819,43
without_hba1c,1339,1,0.476356,54
without_hba1c,1340,0,0.404861,65
without_hba1c,1341,1,0.64939,55
without_hba1c,1342,1,0.479922,54
without_hba1c,1343,1,0.429757,48
without_hba1c,1344,0,0.600418,70
without_hba1c,1345,0,0.346111,57
without_hba1c,1346,1,0.710672,64
without_hba1c,1347,0,0.577846,80
without_hba1c,1348,0,0.622766,73
without_hba1c,1349,0,0.51714,30
without_hba1c,1350,0,0.465187,66
without_hba1c,1351,0,0.3066,31
without_hba1c,1352,0,0.476356,54
without_hba1c,1353,0,0.26928,45
without_hba1c,1354,0,0.521296,80
without_hba1c,1355,1,0.512177,72
without_hba1c,1356,0,0.435416,69
without_hba1c,1357,1,0.563335,62
without_hba1c,1358,0,0.588343,67
without_hba1c,1359,0,0.302982,30
without_hba1c,1360,0,0.759865,70
without_hba1c,1361,1,0.472999,67
without_hba1c,1362,1,0.68472,58
without_hba1c,1363,0,0.248493,42
without_hba1c,1364,1,0.3339,35
without_hba1c,1365,1,0.445194,50
without_hba1c,1366,0,0.632234,67
without_hba1c,1367,1,0.497785,77
without_hba1c,1368,1,0.189741,31
without_hba1c,1369,1,0.349352,57
without_hba1c,1370,0,0.467256,46
without_hba1c,1371,1,0.48211,75
without_hba1c,1372,1,0.32696,34
without_hba1c,1373,1,0.706002,63
without_hba1c,1374,0,0.555337,62
without_hba1c,1375,0,0.31829,53
without_hba1c,1376,0,0.647871,76
without_hba1c,1377,0,0.584026,61
without_hba1c,1378,1,0.353243,58
without_hba1c,1379,0,0.466469,73
without_hba1c,1380,0,0.339047,56
without_hba1c,1381,0,0.251171,42
without_hba1c,1382,0,0.29823,50
without_hba1c,1383,0,0.443142,70
without_hba1c,1384,0,0.245318,41
without_hba1c,1385,0,0.248493,42
without_hba1c,1386,0,0.504338,71
without_hba1c,1387,1,0.564518,58
without_hba1c,1388,0,0.248493,42
without_hba1c,1389,1,0.309647,31
without_hba1c,1390,0,0.32696,34
without_hba1c,1391,0,0.356515,58
without_hba1c,1392,0,0.302982,30
without_hba1c,1393,0,0.278917,47
without_hba1c,1394,0,0.359001,38
without_hba1c,1395,1,0.458672,72
without_hba1c,1396,1,0.465187,66
without_hba1c,1397,0,0.339047,56
without_hba1c,1398,0,0.236964,40
without_hba1c,1399,1,0.521296,80
without_hba1c,1400,0,0.353243,58
without_hba1c,1401,1,0.435416,69
without_hba1c,1402,0,0.555895,42
without_hba1c,1403,0,0.28422,41
without_hba1c,1404,1,0.429757,48
without_hba1c,1405,0,0.304836,51
without_hba1c,1406,0,0.521296,80
without_hba1c,1407,0,0.519287,56
without_hba1c,1408,1,0.521296,80
without_hba1c,1409,1,0.503436,57
without_hba1c,1410,1,0.52337,60
without_hba1c,1411,1,0.278917,47
without_hba1c,1412,1,0.560287,41
without_hba1c,1413,0,0.534087,54
without_hba1c,1414,0,0.431223,68
without_hba1c,1415,0,0.346111,57
without_hba1c,1416,1,0.675936,80
without_hba1c,1417,0,0.355145,38
without_hba1c,1418,0,0.231339,39
without_hba1c,1419,1,0.5664,65
without_hba1c,1420,0,0.429757,48
without_hba1c,1421,0,0.515541,59
without_hba1c,1422,1,0.626118,73
without_hba1c,1423,0,0.19461,32
without_hba1c,1424,0,0.260391,44
without_hba1c,1425,1,0.519109,59
without_hba1c,1426,1,0.215031,36
without_hba1c,1427,0,0.51353,35
without_hba1c,1428,0,0.466469,73
without_hba1c,1429,0,0.585277,68
without_hba1c,1430,0,0.472999,67
without_hba1c,1431,1,0.708237,78
without_hba1c,1432,1,0.505101,36
without_hba1c,1433,0,0.371033,60
without_hba1c,1434,0,0.299973,30
without_hba1c,1435,1,0.534746,61
without_hba1c,1436,0,0.260391,44
without_hba1c,1437,0,0.242682,41
without_hba1c,1438,1,0.52337,60
without_hba1c,1439,1,0.472099,53
without_hba1c,1440,0,0.228317,38
without_hba1c,1441,0,0.565784,65
without_hba1c,1442,0,0.31829,53
without_hba1c,1443,1,0.418647,44
without_hba1c,1444,0,0.458151,30
without_hba1c,1445,0,0.420062,67
without_hba1c,1446,1,0.367704,60
without_hba1c,1447,0,0.528603,58
without_hba1c,1448,1,0.626118,73
without_hba1c,1449,0,0.304836,51
without_hba1c,1450,1,0.405622,38
without_hba1c,1451,1,0.420062,67
without_hba1c,1452,1,0.644604,76
without_hba1c,1453,0,0.740838,62
without_hba1c,1454,0,0.452953,51
without_hba1c,1455,1,0.209784,35
without_hba1c,1456,1,0.254396,43
without_hba1c,1457,0,0.476356,54
without_hba1c,1458,0,0.340912,36
without_hba1c,1459,1,0.603842,70
without_hba1c,1460,1,0.429757,48
without_hba1c,1461,0,0.242682,41
without_hba1c,1462,0,0.231339,39
without_hba1c,1463,1,0.294669,49
without_hba1c,1464,0,0.516916,37
without_hba1c,1465,0,0.299973,30
without_hba1c,1466,0,0.662046,78
without_hba1c,1467,0,0.31829,53
without_hba1c,1468,0,0.574356,80
without_hba1c,1469,0,0.560287,41
without_hba1c,1470,1,0.285269,48
without_hba1c,1471,1,0.254396,43
without_hba1c,1472,0,0.446671,70
without_hba1c,1473,0,0.474283,74
without_hba1c,1474,1,0.579872,60
without_hba1c,1475,0,0.414456,46
without_hba1c,1476,1,0.672798,80
without_hba1c,1477,1,0.625033,52
without_hba1c,1478,0,0.189741,31
without_hba1c,1479,0,0.580725,44
without_hba1c,1480,0,0.414456,46
without_hba1c,1481,0,0.507291,36
without_hba1c,1482,0,0.37717,54
without_hba1c,1483,0,0.38984,63
without_hba1c,1484,0,0.367704,60
without_hba1c,1485,1,0.705916,62
without_hba1c,1486,0,0.672798,80
without_hba1c,1487,1,0.483484,53
without_hba1c,1488,1,0.419558,44
without_hba1c,1489,0,0.513465,79
without_hba1c,1490,1,0.225809,38
without_hba1c,1491,1,0.403355,44
without_hba1c,1492,1,0.313308,32
without_hba1c,1493,0,0.462223,72
without_hba1c,1494,1,0.721028,80
without_hba1c,1495,0,0.672798,80
without_hba1c,1496,1,0.681652,74
without_hba1c,1497,0,0.441361,40
without_hba1c,1498,1,0.736232,66
without_hba1c,1499,1,0.199574,33
without_hba1c,1500,0,0.493517,76
without_hba1c,1501,0,0.353243,58
without_hba1c,1502,0,0.245318,41
without_hba1c,1503,1,0.610095,64
without_hba1c,1504,0,0.712385,63
without_hba1c,1505,0,0.353243,58
without_hba1c,1506,1,0.527112,57
without_hba1c,1507,1,0.606427,50
without_hba1c,1508,0,0.29823,50
without_hba1c,1509,1,0.479922,54
without_hba1c,1510,0,0.423547,67
without_hba1c,1511,1,0.54254,62
without_hba1c,1512,0,0.189741,31
without_hba1c,1513,0,0.429757,48
without_hba1c,1514,1,0.519109,59
without_hba1c,1515,1,0.594616,45
without_hba1c,1516,1,0.549278,40
without_hba1c,1517,1,0.294669,49
without_hba1c,1518,1,0.521296,80
without_hba1c,1519,0,0.633431,74
without_hba1c,1520,1,0.499346,34
without_hba1c,1521,0,0.672798,80
without_hba1c,1522,0,0.360442,59
without_hba1c,1523,0,0.3066,31
without_hba1c,1524,1,0.519109,59
without_hba1c,1525,0,0.184966,30
without_hba1c,1526,0,0.391819,43
without_hba1c,1527,0,0.472099,53
without_hba1c,1528,1,0.721028,80
without_hba1c,1529,1,0.482623,34
without_hba1c,1530,1,0.672798,80
without_hba1c,1531,0,0.376976,41
without_hba1c,1532,1,0.800467,80
without_hba1c,1533,0,0.404861,65
without_hba1c,1534,1,0.425578,47
without_hba1c,1535,0,0.52963,40
without_hba1c,1536,1,0.614149,65
without_hba1c,1537,1,0.431223,68
without_hba1c,1538,0,0.368984,38
without_hba1c,1539,0,0.391819,43
without_hba1c,1540,0,0.52337,60
without_hba1c,1541,1,0.561761,42
without_hba1c,1542,0,0.391819,43
without_hba1c,1543,1,0.34413,36
without_hba1c,1544,1,0.646695,69
without_hba1c,1545,1,0.339047,56
without_hba1c,1546,1,0.589116,59
without_hba1c,1547,0,0.42229,60
without_hba1c,1548,0,0.408309,65
without_hba1c,1549,1,0.285269,48
without_hba1c,1550,0,0.499863,57
without_hba1c,1551,0,0.299973,30
without_hba1c,1552,0,0.201867,33
without_hba1c,1553,1,0.406865,45
without_hba1c,1554,0,0.521296,80
without_hba1c,1555,1,0.310183,31
without_hba1c,1556,0,0.209784,35
without_hba1c,1557,0,0.34413,36
without_hba1c,1558,0,0.29823,50
without_hba1c,1559,0,0.359255,52
without_hba1c,1560,1,0.490734,49
without_hba1c,1561,1,0.670502,58
without_hba1c,1562,1,0.669028,79
without_hba1c,1563,0,0.436193,42
without_hba1c,1564,0,0.339047,56
without_hba1c,1565,0,0.40791,42
without_hba1c,1566,0,0.375026,61
without_hba1c,1567,0,0.375026,61
without_hba1c,1568,0,0.209784,35
without_hba1c,1569,0,0.32696,34
without_hba1c,1570,0,0.589349,68
without_hba1c,1571,0,0.346111,57
without_hba1c,1572,0,0.410319,45
without_hba1c,1573,0,0.360442,59
without_hba1c,1574,0,0.365669,39
without_hba1c,1575,1,0.420062,67
without_hba1c,1576,1,0.593953,46
without_hba1c,1577,1,0.393245,63
without_hba1c,1578,0,0.526934,60
without_hba1c,1579,0,0.311523,52
without_hba1c,1580,1,0.636194,68
without_hba1c,1581,1,0.332054,55
without_hba1c,1582,1,0.573473,66
without_hba1c,1583,0,0.574356,80
without_hba1c,1584,0,0.317841,30
without_hba1c,1585,0,0.384371,42
without_hba1c,1586,0,0.590354,47
without_hba1c,1587,1,0.320096,33
without_hba1c,1588,0,0.32696,34
without_hba1c,1589,1,0.498575,50
without_hba1c,1590,1,0.672798,80
without_hba1c,1591,0,0.231339,39
without_hba1c,1592,0,0.291707,49
without_hba1c,1593,1,0.304836,51
without_hba1c,1594,0,0.347994,37
without_hba1c,1595,0,0.184966,30
without_hba1c,1596,0,0.450383,48
without_hba1c,1597,1,0.675936,80
without_hba1c,1598,0,0.242682,41
without_hba1c,1599,1,0.550314,63
without_hba1c,1600,0,0.520772,38
without_hba1c,1601,0,0.482898,48
without_hba1c,1602,1,0.542915,34
without_hba1c,1603,0,0.417929,46
without_hba1c,1604,1,0.43746,49
without_hba1c,1605,1,0.310419,45
without_hba1c,1606,1,0.718144,80
without_hba1c,1607,1,0.632234,67
without_hba1c,1608,0,0.336718,34
without_hba1c,1609,1,0.400754,64
without_hba1c,1610,1,0.676485,58
without_hba1c,1611,1,0.466469,73
without_hba1c,1612,0,0.493144,33
without_hba1c,1613,0,0.518697,36
without_hba1c,1614,0,0.672798,80
without_hba1c,1615,0,0.515541,59
without_hba1c,1616,1,0.340912,36
without_hba1c,1617,0,0.484185,55
without_hba1c,1618,0,0.423547,67
without_hba1c,1619,0,0.550314,63
without_hba1c,1620,0,0.363743,59
without_hba1c,1621,1,0.54254,62
without_hba1c,1622,1,0.562602,64
without_hba1c,1623,0,0.323214,33
without_hba1c,1624,0,0.714339,56
without_hba1c,1625,1,0.492229,69
without_hba1c,1626,0,0.411192,59
without_hba1c,1627,0,0.215031,36
without_hba1c,1628,0,0.445194,50
without_hba1c,1629,0,0.352067,51
without_hba1c,1630,1,0.637386,75
without_hba1c,1631,0,0.260391,44
without_hba1c,1632,1,0.640683,75
without_hba1c,1633,0,0.204631,34
without_hba1c,1634,1,0.320096,33
without_hba1c,1635,1,0.404861,65
without_hba1c,1636,1,0.635524,51
without_hba1c,1637,0,0.463609,30
without_hba1c,1638,1,0.494306,49
without_hba1c,1639,1,0.65985,55
without_hba1c,1640,0,0.621555,66
without_hba1c,1641,0,0.468538,53
without_hba1c,1642,0,0.701713,77
without_hba1c,1643,1,0.426461,61
without_hba1c,1644,0,0.521296,80
without_hba1c,1645,0,0.525238,52
without_hba1c,1646,1,0.254396,43
without_hba1c,1647,0,0.534746,61
without_hba1c,1648,1,0.420062,67
without_hba1c,1649,0,0.472099,53
without_hba1c,1650,1,0.495594,56
without_hba1c,1651,0,0.384371,42
without_hba1c,1652,0,0.417929,46
without_hba1c,1653,1,0.204631,34
without_hba1c,1654,1,0.745239,61
without_hba1c,1655,0,0.577241,45
without_hba1c,1656,0,0.667886,72
without_hba1c,1657,1,0.577644,67
without_hba1c,1658,0,0.323214,33
without_hba1c,1659,0,0.367223,37
without_hba1c,1660,0,0.480823,68
without_hba1c,1661,1,0.53858,40
without_hba1c,1662,0,0.53699,38
without_hba1c,1663,0,0.52337,60
without_hba1c,1664,1,0.746216,68
without_hba1c,1665,1,0.346111,57
without_hba1c,1666,1,0.248493,42
without_hba1c,1667,0,0.690351,52
without_hba1c,1668,1,0.399517,57
without_hba1c,1669,0,0.43677,47
without_hba1c,1670,1,0.546774,63
without_hba1c,1671,1,0.236964,40
without_hba1c,1672,0,0.38119,55
without_hba1c,1673,0,0.527834,74
without_hba1c,1674,0,0.400357,41
without_hba1c,1675,0,0.44187,63
without_hba1c,1676,1,0.369638,40
without_hba1c,1677,0,0.495594,56
without_hba1c,1678,0,0.189741,31
without_hba1c,1679,1,0.44187,63
without_hba1c,1680,1,0.700739,61
without_hba1c,1681,0,0.509198,78
without_hba1c,1682,1,0.690362,58
without_hba1c,1683,0,0.204631,34
without_hba1c,1684,0,0.349352,57
without_hba1c,1685,0,0.427721,68
without_hba1c,1686,0,0.746216,68
without_hba1c,1687,0,0.391819,43
without_hba1c,1688,1,0.515024,36
without_hba1c,1689,0,0.288192,48
without_hba1c,1690,0,0.466469,73
without_hba1c,1691,1,0.664709,72
without_hba1c,1692,1,0.38119,55
without_hba1c,1693,1,0.628228,50
without_hba1c,1694,0,0.355145,38
without_hba1c,1695,0,0.199574,33
without_hba1c,1696,0,0.242682,41
without_hba1c,1697,1,0.338584,33
without_hba1c,1698,0,0.260391,44
without_hba1c,1699,0,0.215031,36
without_hba1c,1700,0,0.222838,37
without_hba1c,1701,0,0.313308,32
without_hba1c,1702,0,0.475071,47
without_hba1c,1703,0,0.337086,35
without_hba1c,1704,1,0.503436,57
without_hba1c,1705,1,0.626118,73
without_hba1c,1706,1,0.438932,69
without_hba1c,1707,1,0.614149,65
without_hba1c,1708,1,0.628647,53
without_hba1c,1709,1,0.184966,30
without_hba1c,1710,1,0.647871,76
without_hba1c,1711,1,0.558063,64
without_hba1c,1712,0,0.406865,45
without_hba1c,1713,0,0.509988,51
without_hba1c,1714,0,0.199574,33
without_hba1c,1715,0,0.189741,31
without_hba1c,1716,0,0.189741,31
without_hba1c,1717,1,0.524862,80
without_hba1c,1718,0,0.199574,33
without_hba1c,1719,0,0.675936,80
without_hba1c,1720,0,0.776613,73
without_hba1c,1721,0,0.323214,33
without_hba1c,1722,0,0.266477,45
without_hba1c,1723,1,0.583758,47
without_hba1c,1724,1,0.281801,47
without_hba1c,1725,1,0.565784,65
without_hba1c,1726,1,0.248493,42
without_hba1c,1727,1,0.559714,62
without_hba1c,1728,0,0.320096,33
without_hba1c,1729,0,0.41204,44
without_hba1c,1730,0,0.760016,64
without_hba1c,1731,0,0.378382,61
without_hba1c,1732,0,0.3066,31
without_hba1c,1733,0,0.299973,30
without_hba1c,1734,0,0.476562,67
without_hba1c,1735,0,0.360442,59
without_hba1c,1736,1,0.393245,63
without_hba1c,1737,0,0.747261,61
without_hba1c,1738,0,0.644358,72
without_hba1c,1739,0,0.391819,43
without_hba1c,1740,0,0.369638,40
without_hba1c,1741,0,0.291707,49
without_hba1c,1742,0,0.640683,75
without_hba1c,1743,0,0.422088,47
without_hba1c,1744,0,0.497785,77
without_hba1c,1745,1,0.592371,46
without_hba1c,1746,1,0.701713,77
without_hba1c,1747,1,0.456497,51
without_hba1c,1748,1,0.622766,73
without_hba1c,1749,1,0.399061,40
without_hba1c,1750,1,0.507704,58
without_hba1c,1751,0,0.38984,63
without_hba1c,1752,1,0.369638,40
without_hba1c,1753,1,0.644913,53
without_hba1c,1754,0,0.55197,61
without_hba1c,1755,0,0.771271,66
without_hba1c,1756,0,0.23389,39
without_hba1c,1757,0,0.355334,51
without_hba1c,1758,0,0.242682,41
without_hba1c,1759,0,0.61537,72
without_hba1c,1760,1,0.672798,80
without_hba1c,1761,1,0.577846,80
without_hba1c,1762,1,0.715389,63
without_hba1c,1763,0,0.215031,36
without_hba1c,1764,1,0.497268,54
without_hba1c,1765,1,0.43746,49
without_hba1c,1766,1,0.313308,32
without_hba1c,1767,0,0.519735,59
without_hba1c,1768,0,0.470028,73
without_hba1c,1769,0,0.414456,46
without_hba1c,1770,1,0.632234,67
without_hba1c,1771,1,0.231339,39
without_hba1c,1772,1,0.346111,57
without_hba1c,1773,1,0.675936,80
without_hba1c,1774,0,0.564112,57
without_hba1c,1775,0,0.621555,66
without_hba1c,1776,1,0.579872,60
without_hba1c,1777,0,0.281801,47
without_hba1c,1778,0,0.648034,73
without_hba1c,1779,1,0.306776,44
without_hba1c,1780,0,0.491505,33
without_hba1c,1781,0,0.376079,38
without_hba1c,1782,0,0.640683,75
without_hba1c,1783,0,0.242682,41
without_hba1c,1784,0,0.395599,34
without_hba1c,1785,0,0.3339,35
without_hba1c,1786,0,0.644604,76
without_hba1c,1787,0,0.577644,67
without_hba1c,1788,0,0.378382,61
without_hba1c,1789,0,0.311523,52
without_hba1c,1790,1,0.521296,80
without_hba1c,1791,0,0.546774,63
without_hba1c,1792,0,0.304836,51
without_hba1c,1793,1,0.423547,67
without_hba1c,1794,0,0.242682,41
without_hba1c,1795,1,0.624911,66
without_hba1c,1796,1,0.320096,33
without_hba1c,1797,0,0.566671,79
without_hba1c,1798,0,0.477848,74
without_hba1c,1799,0,0.330271,31
without_hba1c,1800,0,0.325134,54
without_hba1c,1801,0,0.356137,35
without_hba1c,1802,0,0.586065,66
without_hba1c,1803,1,0.521296,80
without_hba1c,1804,0,0.260391,44
without_hba1c,1805,0,0.242682,41
without_hba1c,1806,0,0.330113,34
without_hba1c,1807,1,0.530673,38
without_hba1c,1808,0,0.19461,32
without_hba1c,1809,1,0.569974,66
without_hba1c,1810,0,0.524862,80
without_hba1c,1811,0,0.299973,30
without_hba1c,1812,1,0.451404,30
without_hba1c,1813,0,0.54698,76
without_hba1c,1814,1,0.348301,36
without_hba1c,1815,0,0.422088,47
without_hba1c,1816,0,0.36236,39
without_hba1c,1817,0,0.574356,80
without_hba1c,1818,0,0.278917,47
without_hba1c,1819,0,0.830882,78
without_hba1c,1820,1,0.512177,72
without_hba1c,1821,1,0.53858,40
without_hba1c,1822,0,0.524862,80
without_hba1c,1823,1,0.242682,41
without_hba1c,1824,0,0.313308,32
without_hba1c,1825,0,0.349352,57
without_hba1c,1826,1,0.369638,40
without_hba1c,1827,1,0.484185,55
without_hba1c,1828,0,0.497785,77
without_hba1c,1829,1,0.521296,80
without_hba1c,1830,0,0.242682,41
without_hba1c,1831,1,0.316392,32
without_hba1c,1832,1,0.260391,44
without_hba1c,1833,1,0.443142,70
without_hba1c,1834,1,0.651757,77
without_hba1c,1835,1,0.225809,38
without_hba1c,1836,0,0.302982,30
without_hba1c,1837,0,0.572212,59
without_hba1c,1838,1,0.404861,65
without_hba1c,1839,1,0.355145,38
without_hba1c,1840,1,0.688419,75
without_hba1c,1841,1,0.41194,43
without_hba1c,1842,1,0.445398,63
without_hba1c,1843,0,0.215031,36
without_hba1c,1844,0,0.278917,47
without_hba1c,1845,0,0.38984,63
without_hba1c,1846,0,0.321039,30
without_hba1c,1847,1,0.521296,80
without_hba1c,1848,0,0.245318,41
without_hba1c,1849,0,0.602609,63
without_hba1c,1850,1,0.484185,55
without_hba1c,1851,0,0.365669,39
without_hba1c,1852,1,0.736232,66
without_hba1c,1853,1,0.466469,73
without_hba1c,1854,0,0.209784,35
without_hba1c,1855,0,0.390909,40
without_hba1c,1856,1,0.466981,32
without_hba1c,1857,0,0.320096,33
without_hba1c,1858,0,0.254396,43
without_hba1c,1859,1,0.589691,44
without_hba1c,1860,0,0.204631,34
without_hba1c,1861,0,0.266477,45
without_hba1c,1862,0,0.209784,35
without_hba1c,1863,0,0.368984,38
without_hba1c,1864,1,0.474348,30
without_hba1c,1865,0,0.460736,52
without_hba1c,1866,0,0.184966,30
without_hba1c,1867,1,0.291707,49
without_hba1c,1868,1,0.402751,44
without_hba1c,1869,0,0.385787,62
without_hba1c,1870,0,0.278917,47
without_hba1c,1871,1,0.586613,46
without_hba1c,1872,0,0.455219,44
without_hba1c,1873,0,0.317841,30
without_hba1c,1874,0,0.597926,67
without_hba1c,1875,1,0.407065,58
without_hba1c,1876,0,0.646695,69
without_hba1c,1877,0,0.524862,80
without_hba1c,1878,1,0.402751,44
without_hba1c,1879,0,0.266477,45
without_hba1c,1880,1,0.555644,41
without_hba1c,1881,1,0.215031,36
without_hba1c,1882,0,0.583322,44
without_hba1c,1883,0,0.460736,52
without_hba1c,1884,1,0.339047,56
without_hba1c,1885,0,0.410319,45
without_hba1c,1886,1,0.599745,68
without_hba1c,1887,1,0.521296,80
without_hba1c,1888,0,0.313308,32
without_hba1c,1889,1,0.581127,67
without_hba1c,1890,0,0.483773,33
without_hba1c,1891,0,0.184966,30
without_hba1c,1892,0,0.503436,57
without_hba1c,1893,0,0.360442,59
without_hba1c,1894,0,0.385787,62
without_hba1c,1895,0,0.550314,63
without_hba1c,1896,0,0.199574,33
without_hba1c,1897,0,0.313308,32
without_hba1c,1898,0,0.511275,58
without_hba1c,1899,1,0.484392,68
without_hba1c,1900,1,0.438932,69
without_hba1c,1901,0,0.184966,30
without_hba1c,1902,1,0.526934,60
without_hba1c,1903,0,0.410319,45
without_hba1c,1904,0,0.497785,77
without_hba1c,1905,0,0.422088,47
without_hba1c,1906,1,0.278917,47
without_hba1c,1907,0,0.687386,79
without_hba1c,1908,1,0.367704,60
without_hba1c,1909,0,0.521296,80
without_hba1c,1910,0,0.224909,31
without_hba1c,1911,1,0.750591,64
without_hba1c,1912,0,0.509198,78
without_hba1c,1913,1,0.340912,36
without_hba1c,1914,0,0.512177,72
without_hba1c,1915,1,0.67791,57
without_hba1c,1916,1,0.635524,51
without_hba1c,1917,1,0.369638,40
without_hba1c,1918,0,0.485993,31
without_hba1c,1919,1,0.584776,45
without_hba1c,1920,0,0.355145,38
without_hba1c,1921,1,0.603842,70
without_hba1c,1922,0,0.307873,51
without_hba1c,1923,0,0.367704,60
without_hba1c,1924,0,0.299973,30
without_hba1c,1925,0,0.462223,72
without_hba1c,1926,0,0.517953,38
without_hba1c,1927,0,0.52337,60
without_hba1c,1928,0,0.450383,48
without_hba1c,1929,0,0.420062,67
without_hba1c,1930,1,0.574356,80
without_hba1c,1931,1,0.28422,41
without_hba1c,1932,0,0.215031,36
without_hba1c,1933,0,0.360442,59
without_hba1c,1934,1,0.544201,60
without_hba1c,1935,0,0.672798,80
without_hba1c,1936,1,0.603187,48
without_hba1c,1937,1,0.391819,43
without_hba1c,1938,0,0.452953,51
without_hba1c,1939,0,0.722373,78
without_hba1c,1940,0,0.260391,44
without_hba1c,1941,1,0.529905,54
without_hba1c,1942,0,0.245318,41
without_hba1c,1943,1,0.346111,57
without_hba1c,1944,1,0.43746,49
without_hba1c,1945,0,0.740039,61
without_hba1c,1946,1,0.599181,63
without_hba1c,1947,0,0.515024,36
without_hba1c,1948,1,0.414456,46
without_hba1c,1949,1,0.384371,42
without_hba1c,1950,1,0.68917,59
without_hba1c,1951,0,0.418807,60
without_hba1c,1952,0,0.346111,57
without_hba1c,1953,0,0.378382,61
without_hba1c,1954,1,0.554535,64
without_hba1c,1955,0,0.445194,50
without_hba1c,1956,1,0.452953,51
without_hba1c,1957,0,0.59287,69
without_hba1c,1958,1,0.505109,55
without_hba1c,1959,0,0.369638,40
without_hba1c,1960,1,0.573473,66
without_hba1c,1961,0,0.347994,37
without_hba1c,1962,1,0.498575,50
without_hba1c,1963,1,0.248493,42
without_hba1c,1964,0,0.375026,61
without_hba1c,1965,0,0.3339,35
without_hba1c,1966,1,0.715168,64
without_hba1c,1967,0,0.492022,56
without_hba1c,1968,0,0.347994,37
without_hba1c,1969,1,0.482898,48
without_hba1c,1970,1,0.550314,63
without_hba1c,1971,0,0.420062,67
without_hba1c,1972,1,0.353965,31
without_hba1c,1973,0,0.19461,32
without_hba1c,1974,1,0.375026,61
without_hba1c,1975,0,0.231339,39
without_hba1c,1976,0,0.260391,44
without_hba1c,1977,0,0.321399,53
without_hba1c,1978,0,0.339047,56
without_hba1c,1979,1,0.574356,80
without_hba1c,1980,0,0.248493,42
without_hba1c,1981,0,0.231339,39
without_hba1c,1982,1,0.675936,80
without_hba1c,1983,0,0.515541,59
without_hba1c,1984,1,0.658377,55
without_hba1c,1985,0,0.222838,37
without_hba1c,1986,0,0.231339,39
without_hba1c,1987,0,0.656497,56
without_hba1c,1988,0,0.365834,36
without_hba1c,1989,0,0.495773,53
without_hba1c,1990,1,0.397326,64
without_hba1c,1991,0,0.272653,46
without_hba1c,1992,1,0.266477,45
without_hba1c,1993,1,0.368748,37
without_hba1c,1994,0,0.415908,66
without_hba1c,1995,0,0.446671,70
without_hba1c,1996,0,0.399318,44
without_hba1c,1997,0,0.560287,41
without_hba1c,1998,0,0.472099,53
without_hba1c,1999,0,0.347994,37
without_hba1c,2000,1,0.642323,53
without_hba1c,2001,0,0.332054,55
without_hba1c,2002,0,0.496497,70
without_hba1c,2003,0,0.654993,77
without_hba1c,2004,0,0.517034,79
without_hba1c,2005,0,0.236964,40
without_hba1c,2006,1,0.61753,65
without_hba1c,2007,1,0.189741,31
without_hba1c,2008,1,0.471804,51
without_hba1c,2009,0,0.320096,33
without_hba1c,2010,0,0.414456,46
without_hba1c,2011,0,0.204631,34
without_hba1c,2012,0,0.376976,41
without_hba1c,2013,0,0.672798,80
without_hba1c,2014,0,0.184966,30
without_hba1c,2015,1,0.505213,56
without_hba1c,2016,0,0.632399,64
without_hba1c,2017,0,0.521296,80
without_hba1c,2018,0,0.637386,75
without_hba1c,2019,1,0.391819,43
without_hba1c,2020,0,0.56753,64
without_hba1c,2021,0,0.347994,37
without_hba1c,2022,0,0.26928,45
without_hba1c,2023,0,0.525891,37
without_hba1c,2024,0,0.400754,64
without_hba1c,2025,1,0.434908,46
without_hba1c,2026,1,0.376976,41
without_hba1c,2028,0,0.254396,43
without_hba1c,2029,0,0.220372,37
without_hba1c,2030,0,0.647871,76
without_hba1c,2031,0,0.225809,38
without_hba1c,2032,0,0.585277,68
without_hba1c,2033,0,0.380506,38
without_hba1c,2034,1,0.592192,67
without_hba1c,2035,1,0.251171,42
without_hba1c,2036,0,0.355145,38
without_hba1c,2037,0,0.313308,32
without_hba1c,2038,0,0.339047,56
without_hba1c,2039,0,0.605999,47
without_hba1c,2040,1,0.662046,78
without_hba1c,2041,1,0.592192,67
without_hba1c,2042,1,0.38984,63
without_hba1c,2043,1,0.372974,40
without_hba1c,2044,1,0.581127,67
without_hba1c,2045,1,0.701713,77
without_hba1c,2046,0,0.215031,36
without_hba1c,2047,0,0.375026,61
without_hba1c,2048,1,0.311523,52
without_hba1c,2049,0,0.38119,55
without_hba1c,2050,0,0.29823,50
without_hba1c,2051,0,0.593915,66
without_hba1c,2052,0,0.320096,33
without_hba1c,2053,0,0.443142,70
without_hba1c,2054,0,0.625477,51
without_hba1c,2055,0,0.375026,61
without_hba1c,2056,1,0.54254,62
without_hba1c,2057,0,0.515541,59
without_hba1c,2058,0,0.38984,63
without_hba1c,2059,0,0.222838,37
without_hba1c,2060,0,0.672798,80
without_hba1c,2061,1,0.602609,63
without_hba1c,2062,1,0.573473,66
without_hba1c,2063,1,0.534746,61
without_hba1c,2064,0,0.302982,30
without_hba1c,2065,0,0.398402,41
without_hba1c,2066,1,0.417929,46
without_hba1c,2067,1,0.342257,56
without_hba1c,2068,1,0.489945,76
without_hba1c,2069,0,0.367704,60
without_hba1c,2070,1,0.577644,67
without_hba1c,2071,0,0.278917,47
without_hba1c,2072,1,0.29823,50
without_hba1c,2073,1,0.57714,44
without_hba1c,2074,1,0.450895,71
without_hba1c,2075,1,0.445194,50
without_hba1c,2076,0,0.667465,55
without_hba1c,2077,1,0.404861,65
without_hba1c,2078,0,0.215031,36
without_hba1c,2079,1,0.509825,56
without_hba1c,2080,0,0.391819,43
without_hba1c,2081,0,0.523577,73
without_hba1c,2082,1,0.524862,80
without_hba1c,2083,0,0.303745,44
without_hba1c,2084,1,0.712385,63
without_hba1c,2085,1,0.231339,39
without_hba1c,2086,0,0.314597,52
without_hba1c,2087,1,0.688065,52
without_hba1c,2088,1,0.337086,35
without_hba1c,2089,0,0.245318,41
without_hba1c,2090,0,0.44187,63
without_hba1c,2091,0,0.266477,45
without_hba1c,2092,0,0.701368,54
without_hba1c,2093,1,0.433263,48
without_hba1c,2094,0,0.285269,48
without_hba1c,2095,0,0.655342,68
without_hba1c,2096,0,0.450895,71
without_hba1c,2097,0,0.460736,52
without_hba1c,2098,1,0.302982,30
without_hba1c,2099,1,0.639496,68
without_hba1c,2100,1,0.640683,75
without_hba1c,2101,0,0.531188,61
without_hba1c,2102,0,0.325134,54
without_hba1c,2103,0,0.34413,36
without_hba1c,2104,0,0.41194,43
without_hba1c,2105,0,0.399318,44
without_hba1c,2106,1,0.311523,52
without_hba1c,2107,0,0.574356,80
without_hba1c,2108,1,0.564518,58
without_hba1c,2109,0,0.328278,54
without_hba1c,2110,1,0.610095,64
without_hba1c,2111,1,0.721028,80
without_hba1c,2112,1,0.584026,61
without_hba1c,2113,0,0.266477,45
without_hba1c,2114,1,0.402751,44
without_hba1c,2115,0,0.248493,42
without_hba1c,2116,0,0.313308,32
without_hba1c,2117,0,0.325134,54
without_hba1c,2118,0,0.464289,52
without_hba1c,2119,1,0.491505,33
without_hba1c,2120,0,0.560287,41
without_hba1c,2121,1,0.52267,58
without_hba1c,2122,0,0.311523,52
without_hba1c,2123,0,0.565784,65
without_hba1c,2124,0,0.3066,31
without_hba1c,2125,0,0.527834,74
without_hba1c,2126,0,0.209784,35
without_hba1c,2127,0,0.189741,31
without_hba1c,2128,0,0.355334,51
without_hba1c,2129,1,0.482898,48
without_hba1c,2130,0,0.215031,36
without_hba1c,2131,1,0.299973,30
without_hba1c,2132,0,0.31829,53
without_hba1c,2133,0,0.675936,80
without_hba1c,2134,0,0.489945,76
without_hba1c,2135,0,0.251171,42
without_hba1c,2136,0,0.385396,39
without_hba1c,2137,0,0.272653,46
without_hba1c,2138,0,0.505109,55
without_hba1c,2140,1,0.521296,80
without_hba1c,2141,1,0.571323,44
without_hba1c,2142,0,0.32696,34
without_hba1c,2143,0,0.658841,78
without_hba1c,2145,1,0.392016,56
without_hba1c,2146,0,0.385787,62
without_hba1c,2147,0,0.285269,48
without_hba1c,2148,1,0.400754,64
without_hba1c,2149,1,0.579872,60
without_hba1c,2150,0,0.590463,67
without_hba1c,2151,1,0.42229,60
without_hba1c,2152,0,0.291707,49
without_hba1c,2153,1,0.382485,38
without_hba1c,2154,1,0.320096,33
without_hba1c,2155,0,0.472099,53
without_hba1c,2156,1,0.61132,71
without_hba1c,2157,0,0.184966,30
without_hba1c,2158,1,0.332054,55
without_hba1c,2159,0,0.323214,33
without_hba1c,2160,0,0.408309,65
without_hba1c,2161,0,0.19461,32
without_hba1c,2162,0,0.474283,74
without_hba1c,2163,1,0.452953,51
without_hba1c,2164,0,0.655559,55
without_hba1c,2165,0,0.391819,43
without_hba1c,2166,1,0.718144,80
without_hba1c,2167,1,0.521296,80
without_hba1c,2168,1,0.340282,34
without_hba1c,2169,0,0.672798,80
without_hba1c,2170,1,0.669028,79
without_hba1c,2171,0,0.577846,80
without_hba1c,2172,0,0.332054,55
without_hba1c,2173,1,0.630106,74
without_hba1c,2174,0,0.376976,41
without_hba1c,2175,0,0.367704,60
without_hba1c,2176,1,0.590362,66
without_hba1c,2177,0,0.598485,46
without_hba1c,2178,0,0.640683,75
without_hba1c,2179,0,0.667886,72
without_hba1c,2180,0,0.311523,52
without_hba1c,2181,0,0.231339,39
without_hba1c,2182,1,0.189741,31
without_hba1c,2183,1,0.574356,80
without_hba1c,2184,1,0.320096,33
without_hba1c,2185,0,0.484185,55
without_hba1c,2186,1,0.637004,53
without_hba1c,2187,0,0.454436,71
without_hba1c,2188,1,0.384371,42
without_hba1c,2189,0,0.464289,52
without_hba1c,2190,0,0.317841,30
without_hba1c,2191,1,0.632234,67
without_hba1c,2192,0,0.422088,47
without_hba1c,2193,1,0.629624,51
without_hba1c,2194,0,0.275496,46
without_hba1c,2195,1,0.519109,59
without_hba1c,2196,1,0.407065,58
without_hba1c,2197,1,0.61753,65
without_hba1c,2198,0,0.335231,55
without_hba1c,2199,0,0.236964,40
without_hba1c,2200,0,0.291707,49
without_hba1c,2201,0,0.442734,48
without_hba1c,2202,1,0.263153,44
without_hba1c,2203,1,0.538991,62
without_hba1c,2204,0,0.441599,49
without_hba1c,2205,0,0.204631,34
without_hba1c,2206,0,0.689676,79
without_hba1c,2207,1,0.68472,58
without_hba1c,2208,0,0.184966,30
without_hba1c,2209,1,0.413206,39
without_hba1c,2210,1,0.353243,58
without_hba1c,2211,0,0.382406,62
without_hba1c,2212,1,0.55049,60
without_hba1c,2213,0,0.36236,39
without_hba1c,2214,1,0.275496,46
without_hba1c,2215,0,0.414456,46
without_hba1c,2216,0,0.231339,39
without_hba1c,2217,0,0.236964,40
without_hba1c,2218,0,0.600418,70
without_hba1c,2219,0,0.281801,47
without_hba1c,2220,1,0.664063,55
without_hba1c,2221,1,0.49001,32
without_hba1c,2222,0,0.266477,45
without_hba1c,2223,1,0.420062,67
without_hba1c,2224,0,0.603842,70
without_hba1c,2225,0,0.521296,80
without_hba1c,2226,1,0.263153,44
without_hba1c,2227,0,0.458672,72
without_hba1c,2228,1,0.521296,80
without_hba1c,2229,1,0.51353,35
without_hba1c,2230,1,0.670502,58
without_hba1c,2231,1,0.304836,51
without_hba1c,2232,0,0.406865,45
without_hba1c,2233,1,0.376317,39
without_hba1c,2234,1,0.546079,61
without_hba1c,2235,0,0.399318,44
without_hba1c,2236,1,0.418807,60
without_hba1c,2237,0,0.224909,31
without_hba1c,2238,0,0.19461,32
without_hba1c,2239,1,0.711158,62
without_hba1c,2240,1,0.581127,67
without_hba1c,2241,0,0.332054,55
without_hba1c,2242,1,0.694704,59
without_hba1c,2243,0,0.260391,44
without_hba1c,2244,1,0.384371,42
without_hba1c,2245,1,0.302982,30
without_hba1c,2246,1,0.550314,63
without_hba1c,2247,0,0.294669,49
without_hba1c,2248,0,0.356515,58
without_hba1c,2249,0,0.352771,35
without_hba1c,2250,1,0.625731,50
without_hba1c,2251,0,0.667886,72
without_hba1c,2252,0,0.541438,52
without_hba1c,2253,1,0.254396,43
without_hba1c,2254,0,0.399318,44
without_hba1c,2255,0,0.499863,57
without_hba1c,2256,1,0.358424,38
without_hba1c,2257,1,0.420062,67
without_hba1c,2258,1,0.484185,55
without_hba1c,2259,0,0.311523,52
without_hba1c,2260,0,0.19461,32
without_hba1c,2261,1,0.435416,69
without_hba1c,2262,0,0.468334,43
without_hba1c,2263,1,0.446671,70
without_hba1c,2264,0,0.346111,57
without_hba1c,2265,0,0.558063,64
without_hba1c,2266,1,0.672798,80
without_hba1c,2267,1,0.496497,70
without_hba1c,2268,1,0.3066,31
without_hba1c,2269,0,0.272653,46
without_hba1c,2270,0,0.468538,53
without_hba1c,2271,0,0.239557,40
without_hba1c,2272,1,0.492022,56
without_hba1c,2273,0,0.674807,73
without_hba1c,2274,0,0.285269,48
without_hba1c,2275,0,0.29823,50
without_hba1c,2276,1,0.466469,73
without_hba1c,2277,1,0.590463,67
without_hba1c,2278,1,0.406865,45
without_hba1c,2279,1,0.399318,44
without_hba1c,2280,1,0.675936,80
without_hba1c,2281,0,0.425578,47
without_hba1c,2282,0,0.368748,37
without_hba1c,2283,1,0.635939,54
without_hba1c,2284,0,0.360442,59
without_hba1c,2285,0,0.220372,37
without_hba1c,2286,1,0.639496,68
without_hba1c,2287,0,0.464913,30
without_hba1c,2288,1,0.71247,64
without_hba1c,2289,0,0.320096,33
without_hba1c,2290,0,0.215031,36
without_hba1c,2291,0,0.514254,52
without_hba1c,2292,1,0.675936,80
without_hba1c,2293,0,0.384371,42
without_hba1c,2294,0,0.41244,66
without_hba1c,2295,1,0.385787,62
without_hba1c,2296,0,0.225809,38
without_hba1c,2297,1,0.61537,72
without_hba1c,2298,1,0.50314,55
without_hba1c,2299,0,0.248493,42
without_hba1c,2300,0,0.32696,34
without_hba1c,2301,0,0.204631,34
without_hba1c,2302,0,0.476356,54
without_hba1c,2303,1,0.520781,57
without_hba1c,2304,0,0.38984,63
without_hba1c,2305,1,0.480823,68
without_hba1c,2306,1,0.37717,54
without_hba1c,2307,0,0.410319,45
without_hba1c,2308,0,0.462223,72
without_hba1c,2309,0,0.526934,60
without_hba1c,2310,0,0.236964,40
without_hba1c,2311,0,0.526934,60
without_hba1c,2312,1,0.472276,50
without_hba1c,2313,0,0.512177,72
without_hba1c,2314,0,0.505626,78
without_hba1c,2315,0,0.199574,33
without_hba1c,2316,0,0.393245,63
without_hba1c,2317,1,0.550314,63
without_hba1c,2318,0,0.361712,37
without_hba1c,2319,0,0.496497,70
without_hba1c,2320,1,0.433879,48
without_hba1c,2321,1,0.52001,73
without_hba1c,2322,0,0.220372,37
without_hba1c,2323,1,0.43746,49
without_hba1c,2324,0,0.583322,44
without_hba1c,2325,0,0.184966,30
without_hba1c,2326,0,0.231339,39
without_hba1c,2327,1,0.285269,48
without_hba1c,2328,0,0.281801,47
without_hba1c,2329,0,0.472099,53
without_hba1c,2330,0,0.521296,80
without_hba1c,2332,1,0.189741,31
without_hba1c,2333,1,0.313308,32
without_hba1c,2334,1,0.720297,65
without_hba1c,2335,0,0.68917,59
without_hba1c,2336,0,0.507002,56
without_hba1c,2337,1,0.753782,61
without_hba1c,2338,0,0.521296,80
without_hba1c,2339,1,0.470652,51
without_hba1c,2340,0,0.204631,34
without_hba1c,2341,0,0.666156,56
without_hba1c,2342,1,0.465187,66
without_hba1c,2343,0,0.337086,35
without_hba1c,2344,0,0.199574,33
without_hba1c,2345,0,0.242682,41
without_hba1c,2346,0,0.391151,41
without_hba1c,2347,1,0.603842,70
without_hba1c,2348,1,0.360442,59
without_hba1c,2349,1,0.443921,43
without_hba1c,2350,0,0.384371,42
without_hba1c,2351,0,0.47584,31
without_hba1c,2352,1,0.422088,47
without_hba1c,2353,1,0.700952,62
without_hba1c,2354,0,0.507704,58
without_hba1c,2355,0,0.644604,76
without_hba1c,2356,1,0.481593,52
without_hba1c,2357,0,0.340912,36
without_hba1c,2358,0,0.460736,52
without_hba1c,2359,0,0.320096,33
without_hba1c,2360,0,0.36236,39
without_hba1c,2361,0,0.372974,40
without_hba1c,2362,0,0.521296,80
without_hba1c,2363,0,0.452953,51
without_hba1c,2364,0,0.288192,48
without_hba1c,2365,0,0.19686,32
without_hba1c,2366,0,0.3066,31
without_hba1c,2367,0,0.438932,69
without_hba1c,2368,1,0.38984,63
without_hba1c,2369,0,0.278917,47
without_hba1c,2370,0,0.427721,68
without_hba1c,2371,0,0.313308,32
without_hba1c,2372,1,0.344946,50
without_hba1c,2373,1,0.396832,41
without_hba1c,2374,0,0.38984,63
without_hba1c,2375,0,0.521296,80
without_hba1c,2376,1,0.3066,31
without_hba1c,2377,0,0.553262,57
without_hba1c,2378,0,0.204631,34
without_hba1c,2379,1,0.199574,33
without_hba1c,2380,1,0.577644,67
without_hba1c,2381,0,0.189741,31
without_hba1c,2382,0,0.618747,72
without_hba1c,2383,1,0.64939,55
without_hba1c,2384,1,0.484185,55
without_hba1c,2385,0,0.242682,41
without_hba1c,2386,1,0.278917,47
without_hba1c,2387,0,0.225809,38
without_hba1c,2388,0,0.474283,74
without_hba1c,2389,0,0.30123,50
without_hba1c,2390,0,0.468745,66
without_hba1c,2391,0,0.342257,56
without_hba1c,2392,1,0.352067,51
without_hba1c,2393,1,0.414456,46
without_hba1c,2394,0,0.236964,40
without_hba1c,2395,0,0.355145,38
without_hba1c,2396,1,0.209784,35
without_hba1c,2397,1,0.291707,49
without_hba1c,2398,0,0.519109,59
without_hba1c,2399,0,0.435416,69
without_hba1c,2400,1,0.703973,57
without_hba1c,2401,0,0.456674,48
without_hba1c,2402,0,0.228317,38
without_hba1c,2403,1,0.317173,46
without_hba1c,2404,1,0.549906,62
without_hba1c,2405,0,0.302982,30
without_hba1c,2406,0,0.239557,40
without_hba1c,2407,1,0.406865,45
without_hba1c,2408,0,0.460736,52
without_hba1c,2409,1,0.41244,66
without_hba1c,2410,0,0.481585,33
without_hba1c,2411,1,0.564693,55
without_hba1c,2412,0,0.800467,80
without_hba1c,2413,1,0.201867,33
without_hba1c,2414,1,0.355145,38
without_hba1c,2415,0,0.78463,75
without_hba1c,2416,1,0.614149,65
without_hba1c,2417,1,0.427317,46
without_hba1c,2418,0,0.640683,75
without_hba1c,2419,0,0.43746,49
without_hba1c,2420,1,0.662046,78
without_hba1c,2421,0,0.487755,55
without_hba1c,2422,0,0.422088,47
without_hba1c,2423,1,0.541391,41
without_hba1c,2424,1,0.603842,70
without_hba1c,2425,0,0.425578,47
without_hba1c,2426,0,0.399318,44
without_hba1c,2427,0,0.503436,57
without_hba1c,2428,0,0.529905,54
without_hba1c,2429,0,0.347994,37
without_hba1c,2430,1,0.231339,39
without_hba1c,2431,1,0.544201,60
without_hba1c,2432,1,0.521296,80
without_hba1c,2433,1,0.603842,70
without_hba1c,2434,0,0.294669,49
without_hba1c,2435,1,0.433438,45
without_hba1c,2436,0,0.52181,39
without_hba1c,2437,0,0.254396,43
without_hba1c,2438,0,0.48211,75
without_hba1c,2439,0,0.56227,65
without_hba1c,2440,1,0.287136,41
without_hba1c,2441,1,0.311523,52
without_hba1c,2442,0,0.410319,45
without_hba1c,2443,1,0.363743,59
without_hba1c,2444,1,0.299973,30
without_hba1c,2445,1,0.231339,39
without_hba1c,2446,1,0.406865,45
without_hba1c,2447,1,0.479922,54
without_hba1c,2448,0,0.248493,42
without_hba1c,2449,1,0.317931,31
without_hba1c,2450,0,0.659145,77
without_hba1c,2451,0,0.385787,62
without_hba1c,2452,0,0.209784,35
without_hba1c,2453,0,0.754095,69
without_hba1c,2454,0,0.254396,43
without_hba1c,2455,1,0.643423,69
without_hba1c,2456,1,0.299973,30
without_hba1c,2457,0,0.376976,41
without_hba1c,2458,1,0.538991,62
without_hba1c,2459,0,0.507704,58
without_hba1c,2460,0,0.347994,37
without_hba1c,2461,0,0.315137,30
without_hba1c,2462,0,0.55474,77
without_hba1c,2463,0,0.344946,50
without_hba1c,2464,0,0.550314,63
without_hba1c,2465,1,0.60669,64
without_hba1c,2466,1,0.332054,55
without_hba1c,2467,1,0.41244,66
without_hba1c,2468,0,0.603842,70
without_hba1c,2469,1,0.519109,59
without_hba1c,2470,0,0.257117,43
without_hba1c,2471,1,0.498575,50
without_hba1c,2472,1,0.515541,59
without_hba1c,2473,0,0.44098,49
without_hba1c,2474,0,0.55049,60
without_hba1c,2475,1,0.263153,44
without_hba1c,2476,0,0.3066,31
without_hba1c,2477,0,0.281801,47
without_hba1c,2478,1,0.651287,54
without_hba1c,2479,1,0.353243,58
without_hba1c,2480,1,0.667886,72
without_hba1c,2481,0,0.220372,37
without_hba1c,2482,0,0.515747,72
without_hba1c,2483,1,0.658377,55
without_hba1c,2484,0,0.675936,80
without_hba1c,2485,0,0.347994,37
without_hba1c,2486,0,0.311523,52
without_hba1c,2487,0,0.446671,70
without_hba1c,2488,0,0.29823,50
without_hba1c,2489,0,0.359255,52
without_hba1c,2490,0,0.525238,52
without_hba1c,2491,0,0.657682,71
without_hba1c,2492,0,0.341641,34
without_hba1c,2493,0,0.335231,55
without_hba1c,2494,0,0.778781,74
without_hba1c,2495,0,0.361712,37
without_hba1c,2496,0,0.718144,80
without_hba1c,2497,0,0.425578,47
without_hba1c,2498,1,0.590925,45
without_hba1c,2499,0,0.340912,36
without_hba1c,2500,0,0.41244,66
without_hba1c,2501,1,0.503436,57
without_hba1c,2502,0,0.248493,42
without_hba1c,2503,0,0.320096,33
without_hba1c,2504,1,0.337893,49
without_hba1c,2505,0,0.484185,55
without_hba1c,2506,0,0.236964,40
without_hba1c,2507,1,0.422088,47
without_hba1c,2509,0,0.472999,67
without_hba1c,2510,0,0.248493,42
without_hba1c,2511,0,0.36236,39
without_hba1c,2512,0,0.437664,62
without_hba1c,2513,0,0.429757,48
without_hba1c,2514,0,0.369638,40
without_hba1c,2515,1,0.402751,44
without_hba1c,2516,0,0.189741,31
without_hba1c,2517,0,0.285269,48
without_hba1c,2518,0,0.335231,55
without_hba1c,2519,0,0.19461,32
without_hba1c,2520,0,0.546774,63
without_hba1c,2521,1,0.49785,33
without_hba1c,2522,0,0.560287,41
without_hba1c,2523,0,0.23389,39
without_hba1c,2524,1,0.539797,38
without_hba1c,2525,1,0.446671,70
without_hba1c,2526,1,0.398645,42
without_hba1c,2527,0,0.36732,38
without_hba1c,2528,0,0.654993,77
without_hba1c,2529,0,0.360442,59
without_hba1c,2530,0,0.199574,33
without_hba1c,2531,1,0.382406,62
without_hba1c,2532,0,0.260391,44
without_hba1c,2533,0,0.245318,41
without_hba1c,2534,0,0.204631,34
without_hba1c,2535,1,0.544779,39
without_hba1c,2536,0,0.278917,47
without_hba1c,2537,1,0.251171,42
without_hba1c,2538,1,0.460039,50
without_hba1c,2539,0,0.32696,34
without_hba1c,2540,0,0.316392,32
without_hba1c,2541,0,0.614149,65
without_hba1c,2542,0,0.521296,80
without_hba1c,2543,0,0.718144,80
without_hba1c,2544,1,0.446671,70
without_hba1c,2545,0,0.513465,79
without_hba1c,2546,0,0.376976,41
without_hba1c,2547,0,0.574356,80
without_hba1c,2548,0,0.184966,30
without_hba1c,2549,0,0.304836,51
without_hba1c,2550,1,0.565784,65
without_hba1c,2551,0,0.404861,65
without_hba1c,2552,0,0.346111,57
without_hba1c,2553,0,0.429757,48
without_hba1c,2554,0,0.299973,30
without_hba1c,2555,0,0.346111,57
without_hba1c,2556,1,0.645632,53
without_hba1c,2557,0,0.538991,62
without_hba1c,2558,0,0.260391,44
without_hba1c,2559,0,0.199574,33
without_hba1c,2560,1,0.52337,60
without_hba1c,2561,1,0.545048,60
without_hba1c,2562,0,0.718144,80
without_hba1c,2563,0,0.524862,80
without_hba1c,2564,0,0.460942,65
without_hba1c,2565,0,0.585277,68
without_hba1c,2566,0,0.512948,56
without_hba1c,2567,0,0.7566,71
without_hba1c,2568,1,0.600418,70
without_hba1c,2569,1,0.351244,37
without_hba1c,2570,0,0.503436,57
without_hba1c,2571,1,0.644604,76
without_hba1c,2572,0,0.452953,51
without_hba1c,2573,0,0.351406,34
without_hba1c,2574,0,0.51294,37
without_hba1c,2575,1,0.718144,80
without_hba1c,2576,1,0.61753,65
without_hba1c,2577,0,0.469657,30
without_hba1c,2578,0,0.23389,39
without_hba1c,2579,1,0.445194,50
without_hba1c,2580,1,0.320096,33
without_hba1c,2581,1,0.554535,64
without_hba1c,2582,0,0.31829,53
without_hba1c,2583,1,0.212163,35
without_hba1c,2584,1,0.460736,52
without_hba1c,2585,1,0.512018,35
without_hba1c,2586,1,0.38984,63
without_hba1c,2587,0,0.530673,38
without_hba1c,2588,1,0.290644,42
without_hba1c,2589,0,0.29823,50
without_hba1c,2590,1,0.554535,64
without_hba1c,2591,0,0.490459,35
without_hba1c,2592,1,0.535643,75
without_hba1c,2593,0,0.435416,69
without_hba1c,2594,1,0.531188,61
without_hba1c,2595,1,0.678302,60
without_hba1c,2596,1,0.655559,55
without_hba1c,2597,0,0.199574,33
without_hba1c,2598,0,0.41194,43
without_hba1c,2599,1,0.399318,44
without_hba1c,2600,0,0.375026,61
without_hba1c,2601,1,0.499863,57
without_hba1c,2602,1,0.38984,63
without_hba1c,2603,0,0.624465,49
without_hba1c,2604,0,0.577644,67
without_hba1c,2605,1,0.519109,59
without_hba1c,2606,0,0.573648,63
without_hba1c,2607,0,0.294669,49
without_hba1c,2608,0,0.351244,37
without_hba1c,2609,0,0.462223,72
without_hba1c,2610,0,0.285269,48
without_hba1c,2611,0,0.277882,40
without_hba1c,2612,1,0.468024,30
without_hba1c,2613,1,0.351244,37
without_hba1c,2614,0,0.348301,36
without_hba1c,2615,0,0.515541,59
without_hba1c,2616,0,0.199574,33
without_hba1c,2617,1,0.375026,61
without_hba1c,2618,0,0.250203,35
without_hba1c,2619,0,0.528603,58
without_hba1c,2620,0,0.62228,50
without_hba1c,2621,0,0.61537,72
without_hba1c,2622,0,0.189741,31
without_hba1c,2623,0,0.189741,31
without_hba1c,2624,0,0.372974,40
without_hba1c,2625,0,0.225809,38
without_hba1c,2626,1,0.470028,73
without_hba1c,2627,0,0.514254,52
without_hba1c,2628,0,0.209784,35
without_hba1c,2629,0,0.435416,69
without_hba1c,2630,1,0.531188,61
without_hba1c,2631,0,0.242682,41
without_hba1c,2632,1,0.399318,44
without_hba1c,2633,0,0.346111,57
without_hba1c,2634,0,0.355145,38
without_hba1c,2635,1,0.189741,31
without_hba1c,2636,0,0.260391,44
without_hba1c,2637,0,0.502148,50
without_hba1c,2638,0,0.355145,38
without_hba1c,2639,1,0.558063,64
without_hba1c,2640,1,0.373141,37
without_hba1c,2641,0,0.46991,31
without_hba1c,2642,0,0.435416,69
without_hba1c,2643,0,0.48211,75
without_hba1c,2644,0,0.225809,38
without_hba1c,2645,0,0.558681,64
without_hba1c,2646,0,0.375026,61
without_hba1c,2647,0,0.323214,33
without_hba1c,2648,1,0.39523,43
without_hba1c,2649,1,0.334864,32
without_hba1c,2650,0,0.485679,75
without_hba1c,2651,1,0.36236,39
without_hba1c,2652,1,0.260391,44
without_hba1c,2653,1,0.52963,40
without_hba1c,2654,1,0.371033,60
without_hba1c,2655,1,0.618747,72
without_hba1c,2656,1,0.332054,55
without_hba1c,2657,0,0.49785,33
without_hba1c,2658,1,0.525238,52
without_hba1c,2659,0,0.454436,71
without_hba1c,2660,1,0.492229,69
without_hba1c,2661,1,0.622766,73
without_hba1c,2662,0,0.266477,45
without_hba1c,2663,1,0.220372,37
without_hba1c,2664,1,0.534746,61
without_hba1c,2665,1,0.450895,71
without_hba1c,2666,1,0.260391,44
without_hba1c,2667,0,0.317931,31
without_hba1c,2668,0,0.248493,42
without_hba1c,2669,0,0.382406,62
without_hba1c,2670,0,0.367704,60
without_hba1c,2671,0,0.278917,47
without_hba1c,2672,0,0.204631,34
without_hba1c,2673,0,0.558063,64
without_hba1c,2674,1,0.507911,71
without_hba1c,2675,0,0.58808,46
without_hba1c,2676,0,0.189741,31
without_hba1c,2677,0,0.231339,39
without_hba1c,2678,0,0.384371,42
without_hba1c,2679,0,0.422088,47
without_hba1c,2680,1,0.581127,67
without_hba1c,2681,0,0.36236,39
without_hba1c,2682,1,0.675936,80
without_hba1c,2683,0,0.662046,78
without_hba1c,2684,1,0.272653,46
without_hba1c,2685,1,0.588742,68
without_hba1c,2686,0,0.248493,42
without_hba1c,2687,1,0.367704,60
without_hba1c,2688,0,0.675936,80
without_hba1c,2689,0,0.569974,66
without_hba1c,2690,0,0.701315,60
without_hba1c,2691,0,0.3066,31
without_hba1c,2692,0,0.573473,66
without_hba1c,2693,1,0.225809,38
without_hba1c,2694,0,0.254396,43
without_hba1c,2695,1,0.422088,47
without_hba1c,2696,0,0.544779,39
without_hba1c,2697,1,0.367704,60
without_hba1c,2698,1,0.514254,52
without_hba1c,2699,0,0.495594,56
without_hba1c,2700,0,0.417929,46
without_hba1c,2701,0,0.382406,62
without_hba1c,2702,1,0.466469,73
without_hba1c,2703,0,0.275496,46
without_hba1c,2704,1,0.278917,47
without_hba1c,2705,0,0.291707,49
without_hba1c,2706,1,0.242682,41
without_hba1c,2707,0,0.355145,38
without_hba1c,2708,1,0.550314,63
without_hba1c,2709,0,0.278917,47
without_hba1c,2710,1,0.518449,52
without_hba1c,2711,0,0.474283,74
without_hba1c,2712,1,0.538991,62
without_hba1c,2713,0,0.332054,55
without_hba1c,2714,0,0.435416,69
without_hba1c,2715,0,0.199574,33
without_hba1c,2716,0,0.466469,73
without_hba1c,2717,0,0.209784,35
without_hba1c,2718,0,0.692141,52
without_hba1c,2719,1,0.285269,48
without_hba1c,2720,1,0.717173,64
without_hba1c,2721,1,0.57714,44
without_hba1c,2722,0,0.414456,46
without_hba1c,2723,0,0.468538,53
without_hba1c,2724,1,0.19461,32
without_hba1c,2725,0,0.266477,45
without_hba1c,2726,1,0.236964,40
without_hba1c,2727,0,0.435416,69
without_hba1c,2728,0,0.3954,40
without_hba1c,2729,0,0.248493,42
without_hba1c,2730,1,0.484185,55
without_hba1c,2731,0,0.487933,52
without_hba1c,2732,0,0.215031,36
without_hba1c,2733,0,0.236964,40
without_hba1c,2734,0,0.380339,41
without_hba1c,2735,0,0.484185,55
without_hba1c,2736,0,0.636908,52
without_hba1c,2737,0,0.204631,34
without_hba1c,2738,0,0.209784,35
without_hba1c,2739,0,0.46047,48
without_hba1c,2740,0,0.68601,59
without_hba1c,2741,0,0.272653,46
without_hba1c,2742,0,0.41244,66
without_hba1c,2743,1,0.721514,65
without_hba1c,2744,1,0.675936,80
without_hba1c,2745,0,0.369638,40
without_hba1c,2746,0,0.215031,36
without_hba1c,2747,0,0.484185,55
without_hba1c,2748,1,0.692069,76
without_hba1c,2749,1,0.462223,72
without_hba1c,2750,0,0.242682,41
without_hba1c,2751,0,0.38119,55
without_hba1c,2752,1,0.637386,75
without_hba1c,2753,0,0.452953,51
without_hba1c,2754,0,0.376976,41
without_hba1c,2755,0,0.266477,45
without_hba1c,2756,0,0.502326,47
without_hba1c,2757,0,0.272653,46
without_hba1c,2758,1,0.477848,74
without_hba1c,2759,0,0.38984,63
without_hba1c,2760,0,0.399318,44
without_hba1c,2761,0,0.376976,41
without_hba1c,2762,0,0.34413,36
without_hba1c,2763,1,0.360442,59
without_hba1c,2764,1,0.418102,43
without_hba1c,2765,0,0.550314,63
without_hba1c,2766,0,0.42229,60
without_hba1c,2767,1,0.41244,66
without_hba1c,2768,0,0.483669,32
without_hba1c,2769,0,0.654993,77
without_hba1c,2770,0,0.507911,71
without_hba1c,2771,1,0.458672,72
without_hba1c,2772,0,0.189741,31
without_hba1c,2773,1,0.674009,58
without_hba1c,2774,0,0.248493,42
without_hba1c,2775,1,0.49001,32
without_hba1c,2776,0,0.491505,33
without_hba1c,2777,1,0.26928,45
without_hba1c,2778,0,0.231339,39
without_hba1c,2779,1,0.556792,57
without_hba1c,2780,1,0.184966,30
without_hba1c,2781,0,0.272653,46
without_hba1c,2782,1,0.51766,57
without_hba1c,2783,0,0.291707,49
without_hba1c,2785,0,0.313308,32
without_hba1c,2786,1,0.675936,80
without_hba1c,2787,1,0.36236,39
without_hba1c,2788,1,0.330113,34
without_hba1c,2789,0,0.460736,52
without_hba1c,2790,0,0.391819,43
without_hba1c,2791,0,0.397326,64
without_hba1c,2792,0,0.68421,60
without_hba1c,2793,1,0.212163,35
without_hba1c,2794,0,0.184966,30
without_hba1c,2795,1,0.199574,33
without_hba1c,2796,0,0.452953,51
without_hba1c,2797,1,0.628228,50
without_hba1c,2798,0,0.406865,45
without_hba1c,2799,1,0.215031,36
without_hba1c,2800,0,0.376976,41
without_hba1c,2801,1,0.338584,33
without_hba1c,2802,0,0.445194,50
without_hba1c,2803,1,0.434908,46
without_hba1c,2804,0,0.458672,72
without_hba1c,2805,0,0.61132,71
without_hba1c,2806,1,0.254396,43
without_hba1c,2807,1,0.266477,45
without_hba1c,2808,1,0.521296,80
without_hba1c,2809,1,0.511275,58
without_hba1c,2810,1,0.433263,48
without_hba1c,2811,0,0.201867,33
without_hba1c,2812,1,0.272653,46
without_hba1c,2813,0,0.603842,70
without_hba1c,2814,0,0.347994,37
without_hba1c,2816,1,0.348977,34
without_hba1c,2817,1,0.626118,73
without_hba1c,2818,1,0.189741,31
without_hba1c,2819,0,0.501984,55
without_hba1c,2820,0,0.476356,54
without_hba1c,2821,1,0.445194,50
without_hba1c,2822,0,0.61537,72
without_hba1c,2823,0,0.415908,66
without_hba1c,2824,1,0.515541,59
without_hba1c,2825,0,0.285269,48
without_hba1c,2826,1,0.520772,38
without_hba1c,2827,0,0.406865,45
without_hba1c,2828,1,0.350868,36
without_hba1c,2829,1,0.44187,63
without_hba1c,2830,0,0.225809,38
without_hba1c,2831,0,0.459183,31
without_hba1c,2832,1,0.548568,39
without_hba1c,2833,0,0.232968,32
without_hba1c,2834,1,0.464289,52
without_hba1c,2835,1,0.619655,47
without_hba1c,2836,0,0.376976,41
without_hba1c,2837,0,0.220372,37
without_hba1c,2838,1,0.369638,40
without_hba1c,2839,0,0.184966,30
without_hba1c,2840,0,0.231339,39
without_hba1c,2841,0,0.31829,53
without_hba1c,2842,1,0.603842,70
without_hba1c,2843,1,0.616672,50
without_hba1c,2844,0,0.382406,62
without_hba1c,2845,0,0.521296,80
without_hba1c,2846,1,0.577644,67
without_hba1c,2847,0,0.19461,32
without_hba1c,2848,0,0.19461,32
without_hba1c,2849,0,0.231339,39
without_hba1c,2850,0,0.404861,65
without_hba1c,2851,1,0.522854,37
without_hba1c,2852,0,0.531188,61
without_hba1c,2853,0,0.739657,69
without_hba1c,2854,0,0.515541,59
without_hba1c,2855,0,0.34413,36
without_hba1c,2856,1,0.434908,46
without_hba1c,2857,0,0.489945,76
without_hba1c,2858,0,0.313308,32
without_hba1c,2859,1,0.382406,62
without_hba1c,2860,0,0.577846,80
without_hba1c,2861,0,0.204631,34
without_hba1c,2862,0,0.189741,31
without_hba1c,2863,1,0.19461,32
without_hba1c,2864,1,0.489945,76
without_hba1c,2865,0,0.376976,41
without_hba1c,2866,0,0.222838,37
without_hba1c,2867,0,0.492022,56
without_hba1c,2868,0,0.492022,56
without_hba1c,2869,1,0.339047,56
without_hba1c,2870,0,0.189741,31
without_hba1c,2871,1,0.675936,80
without_hba1c,2872,1,0.373819,54
without_hba1c,2873,0,0.215031,36
without_hba1c,2874,1,0.355145,38
without_hba1c,2875,0,0.675936,80
without_hba1c,2876,0,0.285269,48
without_hba1c,2877,1,0.471688,30
without_hba1c,2878,1,0.320096,33
without_hba1c,2879,0,0.217453,36
without_hba1c,2880,1,0.491505,33
without_hba1c,2881,0,0.558063,64
without_hba1c,2882,1,0.53771,55
without_hba1c,2883,0,0.416517,44
without_hba1c,2884,1,0.718144,80
without_hba1c,2885,0,0.501358,77
without_hba1c,2886,0,0.521296,80
without_hba1c,2887,0,0.387758,42
without_hba1c,2888,0,0.209784,35
without_hba1c,2889,0,0.565784,65
without_hba1c,2890,0,0.652493,75
without_hba1c,2891,0,0.220372,37
without_hba1c,2892,0,0.65462,54
without_hba1c,2893,1,0.375026,61
without_hba1c,2894,1,0.573473,66
without_hba1c,2895,0,0.215031,36
without_hba1c,2896,0,0.446263,47
without_hba1c,2897,0,0.457393,65
without_hba1c,2898,0,0.285269,48
without_hba1c,2899,0,0.184966,30
without_hba1c,2900,1,0.316392,32
without_hba1c,2901,0,0.457393,65
without_hba1c,2902,0,0.360442,59
without_hba1c,2903,0,0.392016,56
without_hba1c,2904,0,0.476562,67
without_hba1c,2905,0,0.815996,76
without_hba1c,2906,0,0.569974,66
without_hba1c,2907,0,0.311169,30
without_hba1c,2908,1,0.531188,61
without_hba1c,2909,1,0.526275,53
without_hba1c,2910,1,0.399318,44
without_hba1c,2911,1,0.41244,66
without_hba1c,2912,0,0.231339,39
without_hba1c,2913,0,0.330113,34
without_hba1c,2914,0,0.382406,62
without_hba1c,2915,1,0.408309,65
without_hba1c,2916,0,0.622766,73
without_hba1c,2917,1,0.528595,39
without_hba1c,2918,1,0.56227,65
without_hba1c,2919,0,0.355145,38
without_hba1c,2920,0,0.478636,47
without_hba1c,2921,1,0.304836,51
without_hba1c,2922,1,0.509198,78
without_hba1c,2923,0,0.534746,61
without_hba1c,2924,0,0.52337,60
without_hba1c,2925,1,0.515747,72
without_hba1c,2926,0,0.61132,71
without_hba1c,2927,0,0.242682,41
without_hba1c,2928,1,0.458672,72
without_hba1c,2929,1,0.369638,40
without_hba1c,2930,0,0.278917,47
without_hba1c,2931,0,0.515541,59
without_hba1c,2932,1,0.419558,44
without_hba1c,2933,1,0.309647,31
without_hba1c,2934,0,0.414456,46
without_hba1c,2936,0,0.408309,65
without_hba1c,2937,1,0.598485,46
without_hba1c,2938,0,0.510863,35
without_hba1c,2939,0,0.445194,50
without_hba1c,2940,1,0.607426,48
without_hba1c,2941,1,0.641585,51
without_hba1c,2942,0,0.371033,60
without_hba1c,2943,0,0.505692,34
without_hba1c,2944,0,0.39523,43
without_hba1c,2945,0,0.369638,40
without_hba1c,2946,1,0.406865,45
without_hba1c,2947,0,0.60725,69
without_hba1c,2948,0,0.524862,80
without_hba1c,2949,1,0.615453,43
without_hba1c,2950,0,0.526934,60
without_hba1c,2951,1,0.61132,71
without_hba1c,2952,1,0.32696,34
without_hba1c,2953,1,0.52337,60
without_hba1c,2954,0,0.406865,45
without_hba1c,2955,1,0.485267,52
without_hba1c,2956,1,0.550314,63
without_hba1c,2957,1,0.374542,38
without_hba1c,2958,1,0.544193,41
without_hba1c,2959,0,0.260391,44
without_hba1c,2960,1,0.285269,48
without_hba1c,2961,1,0.294669,49
without_hba1c,2962,0,0.521296,80
without_hba1c,2963,0,0.515541,59
without_hba1c,2964,0,0.3066,31
without_hba1c,2965,0,0.302982,30
without_hba1c,2966,1,0.476693,53
without_hba1c,2967,0,0.644604,76
without_hba1c,2968,0,0.367704,60
without_hba1c,2969,0,0.215031,36
without_hba1c,2970,0,0.325134,54
without_hba1c,2971,1,0.477729,32
without_hba1c,2972,0,0.215031,36
without_hba1c,2973,0,0.354502,36
without_hba1c,2974,0,0.225809,38
without_hba1c,2975,1,0.59603,67
without_hba1c,2976,0,0.325134,54
without_hba1c,2977,0,0.551207,77
without_hba1c,2978,0,0.339047,56
without_hba1c,2979,0,0.526934,60
without_hba1c,2980,1,0.236964,40
without_hba1c,2981,0,0.220372,37
without_hba1c,2982,1,0.534746,61
without_hba1c,2983,0,0.220372,37
without_hba1c,2984,0,0.44098,49
without_hba1c,2985,0,0.248493,42
without_hba1c,2986,1,0.367704,60
without_hba1c,2987,1,0.43746,49
without_hba1c,2988,1,0.275496,46
without_hba1c,2989,0,0.470028,73
without_hba1c,2990,0,0.330113,34
without_hba1c,2991,0,0.492022,56
without_hba1c,2992,0,0.204631,34
without_hba1c,2993,0,0.184966,30
without_hba1c,2994,1,0.448726,50
without_hba1c,2995,0,0.339047,56
without_hba1c,2996,0,0.49785,33
without_hba1c,2997,1,0.566671,79
without_hba1c,2998,1,0.456497,51
without_hba1c,2999,1,0.52001,73
without_hba1c,3000,0,0.330113,34
without_hba1c,3001,1,0.291707,49
without_hba1c,3002,1,0.29823,50
without_hba1c,3003,1,0.189741,31
without_hba1c,3004,0,0.672798,80
without_hba1c,3005,0,0.225809,38
without_hba1c,3006,1,0.285269,48
without_hba1c,3007,0,0.398645,42
without_hba1c,3008,0,0.39523,43
without_hba1c,3009,0,0.242682,41
without_hba1c,3010,1,0.324004,47
without_hba1c,3011,1,0.492022,56
without_hba1c,3012,0,0.228317,38
without_hba1c,3013,0,0.538991,62
without_hba1c,3014,0,0.408309,65
without_hba1c,3015,1,0.475071,47
without_hba1c,3016,0,0.435416,69
without_hba1c,3017,1,0.365395,37
without_hba1c,3018,1,0.628228,50
without_hba1c,3019,1,0.448726,50
without_hba1c,3020,0,0.184966,30
without_hba1c,3021,1,0.590925,45
without_hba1c,3022,0,0.32696,34
without_hba1c,3023,0,0.520889,37
without_hba1c,3024,1,0.427721,68
without_hba1c,3025,1,0.347994,37
without_hba1c,3026,0,0.404861,65
without_hba1c,3027,0,0.311523,52
without_hba1c,3028,1,0.41204,44
without_hba1c,3029,1,0.360442,59
without_hba1c,3030,1,0.577644,67
without_hba1c,3031,0,0.347994,37
without_hba1c,3032,0,0.36236,39
without_hba1c,3033,1,0.635524,51
without_hba1c,3034,0,0.278917,47
without_hba1c,3035,0,0.445194,50
without_hba1c,3036,0,0.756919,69
without_hba1c,3037,0,0.637386,75
without_hba1c,3038,0,0.399318,44
without_hba1c,3039,1,0.450895,71
without_hba1c,3040,1,0.548568,39
without_hba1c,3041,1,0.485679,75
without_hba1c,3042,0,0.391819,43
without_hba1c,3043,0,0.313308,32
without_hba1c,3044,1,0.344946,50
without_hba1c,3045,0,0.288192,48
without_hba1c,3046,1,0.420062,67
without_hba1c,3047,0,0.400754,64
without_hba1c,3048,0,0.450895,71
without_hba1c,3049,1,0.302982,30
without_hba1c,3050,1,0.425578,47
without_hba1c,3051,0,0.515541,59
without_hba1c,3052,0,0.550934,63
without_hba1c,3053,1,0.672798,80
without_hba1c,3054,1,0.61537,72
without_hba1c,3055,1,0.746216,68
without_hba1c,3056,1,0.406188,43
without_hba1c,3057,0,0.266477,45
without_hba1c,3058,0,0.225809,38
without_hba1c,3059,0,0.521296,80
without_hba1c,3060,0,0.332054,55
without_hba1c,3061,0,0.448726,50
without_hba1c,3062,0,0.38984,63
without_hba1c,3063,0,0.42996,61
without_hba1c,3064,0,0.487755,55
without_hba1c,3065,0,0.414456,46
without_hba1c,3066,0,0.404861,65
without_hba1c,3067,1,0.519109,59
without_hba1c,3068,1,0.563068,63
without_hba1c,3069,0,0.384371,42
without_hba1c,3070,1,0.34413,36
without_hba1c,3071,0,0.353243,58
without_hba1c,3072,0,0.670502,58
without_hba1c,3073,0,0.692069,76
without_hba1c,3074,1,0.41244,66
without_hba1c,3075,0,0.349352,57
without_hba1c,3076,1,0.355145,38
without_hba1c,3077,1,0.433263,48
without_hba1c,3078,0,0.578436,65
without_hba1c,3079,1,0.410033,43
without_hba1c,3080,0,0.43746,49
without_hba1c,3081,0,0.254396,43
without_hba1c,3082,1,0.672798,80
without_hba1c,3083,0,0.464467,49
without_hba1c,3084,0,0.653209,48
without_hba1c,3085,0,0.466469,73
without_hba1c,3086,1,0.311523,52
without_hba1c,3087,1,0.723871,64
without_hba1c,3088,0,0.317841,30
without_hba1c,3089,0,0.404861,65
without_hba1c,3090,0,0.628904,67
without_hba1c,3091,0,0.29823,50
without_hba1c,3092,0,0.718144,80
without_hba1c,3093,1,0.672798,80
without_hba1c,3094,0,0.375026,61
without_hba1c,3095,1,0.460736,52
without_hba1c,3096,0,0.404861,65
without_hba1c,3097,1,0.54254,62
without_hba1c,3098,0,0.577846,80
without_hba1c,3099,1,0.392016,56
without_hba1c,3100,0,0.32696,34
without_hba1c,3101,1,0.352067,51
without_hba1c,3102,1,0.438932,69
without_hba1c,3103,0,0.339047,56
without_hba1c,3104,0,0.52337,60
without_hba1c,3105,1,0.718144,80
without_hba1c,3106,0,0.266477,45
without_hba1c,3107,0,0.272653,46
without_hba1c,3108,0,0.31829,53
without_hba1c,3109,1,0.31829,53
without_hba1c,3110,0,0.431223,68
without_hba1c,3111,0,0.630106,74
without_hba1c,3112,0,0.677401,78
without_hba1c,3113,0,0.248493,42
without_hba1c,3114,0,0.443142,70
without_hba1c,3115,0,0.43746,49
without_hba1c,3116,0,0.313308,32
without_hba1c,3117,1,0.456497,51
without_hba1c,3118,0,0.633431,74
without_hba1c,3119,1,0.29823,50
without_hba1c,3120,0,0.355145,38
without_hba1c,3121,0,0.36117,32
without_hba1c,3122,1,0.304836,51
without_hba1c,3123,0,0.358424,38
without_hba1c,3124,0,0.458672,72
without_hba1c,3125,1,0.254396,43
without_hba1c,3126,0,0.675936,80
without_hba1c,3127,0,0.311523,52
without_hba1c,3128,0,0.59287,69
without_hba1c,3129,0,0.511275,58
without_hba1c,3130,0,0.332054,55
without_hba1c,3131,1,0.346111,57
without_hba1c,3132,1,0.674807,73
without_hba1c,3133,1,0.51353,35
without_hba1c,3134,0,0.630421,73
without_hba1c,3135,1,0.294669,49
without_hba1c,3136,1,0.275496,46
without_hba1c,3137,0,0.335231,55
without_hba1c,3138,0,0.351244,37
without_hba1c,3139,1,0.545827,60
without_hba1c,3140,1,0.646695,69
without_hba1c,3141,0,0.452953,51
without_hba1c,3142,1,0.382406,62
without_hba1c,3143,0,0.309647,31
without_hba1c,3144,0,0.448726,50
without_hba1c,3145,1,0.464289,52
without_hba1c,3146,1,0.365834,36
without_hba1c,3147,0,0.353243,58
without_hba1c,3148,0,0.330113,34
without_hba1c,3149,1,0.526934,60
without_hba1c,3150,0,0.427721,68
without_hba1c,3151,0,0.718144,80
without_hba1c,3152,1,0.664709,72
without_hba1c,3153,0,0.285269,48
without_hba1c,3154,0,0.588742,68
without_hba1c,3155,1,0.52337,60
without_hba1c,3156,0,0.675936,80
without_hba1c,3157,0,0.3339,35
without_hba1c,3158,1,0.606427,50
without_hba1c,3159,0,0.414456,46
without_hba1c,3160,0,0.446671,70
without_hba1c,3161,0,0.565784,65
without_hba1c,3162,1,0.543436,76
without_hba1c,3163,0,0.391819,43
without_hba1c,3164,0,0.248493,42
without_hba1c,3165,0,0.199574,33
without_hba1c,3166,1,0.529905,54
without_hba1c,3167,0,0.741291,60
without_hba1c,3168,1,0.3066,31
without_hba1c,3169,1,0.402923,41
without_hba1c,3170,1,0.690351,52
without_hba1c,3171,0,0.404861,65
without_hba1c,3172,0,0.557656,63
without_hba1c,3173,0,0.346111,57
without_hba1c,3175,0,0.665856,79
without_hba1c,3176,0,0.446671,70
without_hba1c,3177,0,0.365669,39
without_hba1c,3178,0,0.29823,50
without_hba1c,3179,0,0.311523,52
without_hba1c,3180,0,0.215031,36
without_hba1c,3181,1,0.61911,63
without_hba1c,3182,0,0.742278,67
without_hba1c,3183,0,0.225809,38
without_hba1c,3184,0,0.672798,80
without_hba1c,3185,0,0.338584,33
without_hba1c,3186,1,0.307873,51
without_hba1c,3187,0,0.34413,36
without_hba1c,3188,0,0.220372,37
without_hba1c,3189,0,0.565784,65
without_hba1c,3190,0,0.199574,33
without_hba1c,3191,0,0.477848,74
without_hba1c,3192,0,0.474283,74
without_hba1c,3193,0,0.52337,60
without_hba1c,3194,0,0.498299,36
without_hba1c,3195,0,0.290644,42
without_hba1c,3196,0,0.335231,55
without_hba1c,3197,0,0.215031,36
without_hba1c,3198,0,0.309647,31
without_hba1c,3199,0,0.184966,30
without_hba1c,3200,0,0.464289,52
without_hba1c,3201,1,0.599181,63
without_hba1c,3202,0,0.406865,45
without_hba1c,3203,0,0.406865,45
without_hba1c,3204,0,0.225809,38
without_hba1c,3205,0,0.19461,32
without_hba1c,3206,1,0.573473,66
without_hba1c,3207,0,0.353243,58
without_hba1c,3208,1,0.388354,42
without_hba1c,3209,0,0.3339,35
without_hba1c,3210,0,0.443921,43
without_hba1c,3211,0,0.231339,39
without_hba1c,3212,0,0.236964,40
without_hba1c,3213,0,0.489945,76
without_hba1c,3214,0,0.653828,70
without_hba1c,3215,0,0.39523,43
without_hba1c,3216,0,0.546774,63
without_hba1c,3217,1,0.675936,80
without_hba1c,3218,0,0.380339,41
without_hba1c,3219,0,0.495594,56
without_hba1c,3220,0,0.215031,36
without_hba1c,3221,0,0.604211,61
without_hba1c,3222,1,0.633431,74
without_hba1c,3223,0,0.316392,32
without_hba1c,3224,1,0.456674,48
without_hba1c,3225,1,0.448726,50
without_hba1c,3226,0,0.61067,49
without_hba1c,3227,0,0.44187,63
without_hba1c,3228,0,0.38984,63
without_hba1c,3229,1,0.66434,50
without_hba1c,3230,0,0.399318,44
without_hba1c,3231,1,0.31829,53
without_hba1c,3232,0,0.446671,70
without_hba1c,3233,1,0.32696,34
without_hba1c,3234,0,0.532559,39
without_hba1c,3235,0,0.521296,80
without_hba1c,3236,0,0.448726,50
without_hba1c,3237,1,0.474283,74
without_hba1c,3238,1,0.607919,71
without_hba1c,3239,1,0.472099,53
without_hba1c,3240,0,0.299973,30
without_hba1c,3241,0,0.19461,32
without_hba1c,3242,0,0.369638,40
without_hba1c,3243,1,0.57511,64
without_hba1c,3244,0,0.44187,63
without_hba1c,3245,0,0.577644,67
without_hba1c,3246,1,0.637386,75
without_hba1c,3247,0,0.473768,51
without_hba1c,3248,1,0.640683,75
without_hba1c,3249,1,0.330113,34
without_hba1c,3250,1,0.720297,65
without_hba1c,3251,1,0.304836,51
without_hba1c,3252,0,0.60669,64
without_hba1c,3253,1,0.662046,78
without_hba1c,3254,0,0.435416,69
without_hba1c,3255,0,0.310419,45
without_hba1c,3256,1,0.254396,43
without_hba1c,3257,0,0.36236,39
without_hba1c,3258,0,0.618747,72
without_hba1c,3259,0,0.215031,36
without_hba1c,3260,1,0.345643,34
without_hba1c,3261,1,0.432173,38
without_hba1c,3262,0,0.306776,44
without_hba1c,3263,0,0.628904,67
without_hba1c,3264,1,0.355145,38
without_hba1c,3265,1,0.495594,56
without_hba1c,3266,0,0.384371,42
without_hba1c,3267,1,0.499863,57
without_hba1c,3268,0,0.672798,80
without_hba1c,3269,0,0.496497,70
without_hba1c,3270,0,0.263153,44
without_hba1c,3271,0,0.626118,73
without_hba1c,3272,0,0.184966,30
without_hba1c,3273,1,0.478636,47
without_hba1c,3274,0,0.675936,80
without_hba1c,3275,0,0.423547,67
without_hba1c,3276,1,0.299973,30
without_hba1c,3277,0,0.19461,32
without_hba1c,3278,0,0.622318,64
without_hba1c,3279,0,0.524862,80
without_hba1c,3280,1,0.484185,55
without_hba1c,3281,0,0.500945,54
without_hba1c,3282,0,0.299973,30
without_hba1c,3283,1,0.462104,30
without_hba1c,3284,0,0.26928,45
without_hba1c,3285,0,0.448726,50
without_hba1c,3286,0,0.51353,35
without_hba1c,3287,0,0.524862,80
without_hba1c,3288,0,0.375026,61
without_hba1c,3289,1,0.442631,47
without_hba1c,3290,0,0.19461,32
without_hba1c,3291,0,0.184966,30
without_hba1c,3292,0,0.422088,47
without_hba1c,3293,0,0.460736,52
without_hba1c,3294,0,0.549038,56
without_hba1c,3295,0,0.209784,35
without_hba1c,3296,1,0.43746,49
without_hba1c,3297,1,0.654993,77
without_hba1c,3298,1,0.265471,38
without_hba1c,3299,0,0.189741,31
without_hba1c,3300,0,0.306887,30
without_hba1c,3301,1,0.664463,58
without_hba1c,3302,1,0.481697,53
without_hba1c,3303,0,0.468024,30
without_hba1c,3304,0,0.376976,41
without_hba1c,3305,0,0.440574,48
without_hba1c,3306,0,0.613484,63
without_hba1c,3307,1,0.468538,53
without_hba1c,3308,0,0.358424,38
without_hba1c,3309,1,0.38119,55
without_hba1c,3310,0,0.61753,65
without_hba1c,3311,1,0.272653,46
without_hba1c,3312,1,0.304836,51
without_hba1c,3313,0,0.391819,43
without_hba1c,3314,1,0.675936,80
without_hba1c,3315,1,0.681652,74
without_hba1c,3316,0,0.429757,48
without_hba1c,3317,0,0.675936,80
without_hba1c,3318,0,0.445194,50
without_hba1c,3319,0,0.588742,68
without_hba1c,3320,0,0.467256,46
without_hba1c,3321,1,0.511453,55
without_hba1c,3322,0,0.309647,31
without_hba1c,3323,0,0.450895,71
without_hba1c,3324,1,0.591625,62
without_hba1c,3325,0,0.560287,41
without_hba1c,3326,0,0.493104,53
without_hba1c,3327,0,0.242682,41
without_hba1c,3328,0,0.505626,78
without_hba1c,3329,1,0.639496,68
without_hba1c,3330,1,0.272653,46
without_hba1c,3331,0,0.521296,80
without_hba1c,3332,1,0.254396,43
without_hba1c,3333,0,0.415908,66
without_hba1c,3334,0,0.349352,57
without_hba1c,3335,0,0.558063,64
without_hba1c,3336,1,0.248493,42
without_hba1c,3337,0,0.367704,60
without_hba1c,3338,0,0.257117,43
without_hba1c,3339,1,0.701713,77
without_hba1c,3340,1,0.692069,76
without_hba1c,3341,0,0.325134,54
without_hba1c,3342,1,0.392016,56
without_hba1c,3343,1,0.399318,44
without_hba1c,3344,0,0.369638,40
without_hba1c,3345,0,0.346111,57
without_hba1c,3346,0,0.476356,54
without_hba1c,3347,0,0.605999,47
without_hba1c,3348,0,0.285269,48
without_hba1c,3349,1,0.61291,69
without_hba1c,3350,0,0.236964,40
without_hba1c,3351,0,0.709046,54
without_hba1c,3352,1,0.291707,49
without_hba1c,3353,0,0.199574,33
without_hba1c,3354,0,0.391819,43
without_hba1c,3355,1,0.531188,61
without_hba1c,3356,0,0.220372,37
without_hba1c,3357,0,0.749358,69
without_hba1c,3358,1,0.365669,39
without_hba1c,3359,0,0.215031,36
without_hba1c,3360,1,0.438932,69
without_hba1c,3361,1,0.495594,56
without_hba1c,3362,0,0.184966,30
without_hba1c,3363,1,0.420062,67
without_hba1c,3364,0,0.225809,38
without_hba1c,3365,1,0.534746,61
without_hba1c,3366,0,0.231339,39
without_hba1c,3367,0,0.626118,73
without_hba1c,3368,0,0.472276,50
without_hba1c,3369,0,0.339047,56
without_hba1c,3370,0,0.3339,35
without_hba1c,3371,1,0.468538,53
without_hba1c,3372,1,0.686531,53
without_hba1c,3373,1,0.371033,60
without_hba1c,3374,0,0.231339,39
without_hba1c,3375,0,0.748233,68
without_hba1c,3376,0,0.473768,51
without_hba1c,3377,0,0.543162,40
without_hba1c,3378,1,0.399318,44
without_hba1c,3379,0,0.600418,70
without_hba1c,3380,0,0.382406,62
without_hba1c,3381,1,0.558063,64
without_hba1c,3382,0,0.38984,63
without_hba1c,3383,1,0.503436,57
without_hba1c,3384,0,0.672798,80
without_hba1c,3385,0,0.371033,60
without_hba1c,3386,0,0.415908,66
without_hba1c,3387,0,0.299973,30
without_hba1c,3388,0,0.410319,45
without_hba1c,3389,0,0.321399,53
without_hba1c,3390,0,0.272653,46
without_hba1c,3391,1,0.3066,31
without_hba1c,3392,1,0.521296,80
without_hba1c,3393,0,0.675936,80
without_hba1c,3394,0,0.254396,43
without_hba1c,3395,1,0.32696,34
without_hba1c,3396,0,0.325134,54
without_hba1c,3397,0,0.574356,80
without_hba1c,3398,0,0.642758,52
without_hba1c,3399,0,0.43746,49
without_hba1c,3400,0,0.484185,55
without_hba1c,3401,0,0.675936,80
without_hba1c,3402,1,0.687639,60
without_hba1c,3403,1,0.649927,53
without_hba1c,3404,1,0.508891,47
without_hba1c,3405,0,0.466469,73
without_hba1c,3406,0,0.665856,79
without_hba1c,3407,0,0.468745,66
without_hba1c,3408,0,0.654993,77
without_hba1c,3409,1,0.29823,50
without_hba1c,3410,1,0.623256,42
without_hba1c,3411,0,0.248493,42
without_hba1c,3412,0,0.450895,71
without_hba1c,3413,1,0.242682,41
without_hba1c,3414,0,0.32696,34
without_hba1c,3415,1,0.591359,48
without_hba1c,3416,0,0.396093,57
without_hba1c,3417,1,0.667465,55
without_hba1c,3418,0,0.382406,62
without_hba1c,3419,0,0.675936,80
without_hba1c,3420,0,0.521296,80
without_hba1c,3421,0,0.391819,43
without_hba1c,3422,0,0.466469,73
without_hba1c,3423,1,0.49785,33
without_hba1c,3424,1,0.671663,73
without_hba1c,3425,0,0.347358,35
without_hba1c,3426,1,0.519109,59
without_hba1c,3427,0,0.544779,39
without_hba1c,3428,0,0.406865,45
without_hba1c,3429,0,0.304836,51
without_hba1c,3430,1,0.465024,50
without_hba1c,3431,1,0.514254,52
without_hba1c,3432,0,0.212163,35
without_hba1c,3433,0,0.189741,31
without_hba1c,3434,0,0.41244,66
without_hba1c,3435,1,0.603842,70
without_hba1c,3436,0,0.313308,32
without_hba1c,3437,0,0.475403,51
without_hba1c,3438,0,0.725065,65
without_hba1c,3439,1,0.468538,53
without_hba1c,3440,1,0.349352,57
without_hba1c,3441,0,0.446671,70
without_hba1c,3442,0,0.567428,63
without_hba1c,3443,1,0.429757,48
without_hba1c,3444,0,0.307873,51
without_hba1c,3445,1,0.355145,38
without_hba1c,3446,1,0.337086,35
without_hba1c,3447,1,0.452258,49
without_hba1c,3448,1,0.220372,37
without_hba1c,3449,1,0.398083,37
without_hba1c,3450,0,0.472483,44
without_hba1c,3451,1,0.598917,49
without_hba1c,3452,1,0.399318,44
without_hba1c,3453,1,0.700952,62
without_hba1c,3454,0,0.404861,65
without_hba1c,3455,0,0.48942,34
without_hba1c,3456,0,0.206967,34
without_hba1c,3457,0,0.49785,33
without_hba1c,3458,1,0.3066,31
without_hba1c,3459,1,0.303512,30
without_hba1c,3460,0,0.61753,65
without_hba1c,3461,0,0.672798,80
without_hba1c,3462,0,0.31829,53
without_hba1c,3463,0,0.807689,73
without_hba1c,3464,0,0.564646,44
without_hba1c,3465,1,0.72285,63
without_hba1c,3466,1,0.3339,35
without_hba1c,3467,0,0.278917,47
without_hba1c,3468,1,0.639496,68
without_hba1c,3469,0,0.628228,50
without_hba1c,3470,0,0.304836,51
without_hba1c,3471,1,0.3339,35
without_hba1c,3472,1,0.653946,56
without_hba1c,3473,0,0.443142,70
without_hba1c,3474,0,0.254396,43
without_hba1c,3475,0,0.429757,48
without_hba1c,3476,0,0.340912,36
without_hba1c,3477,0,0.526934,60
without_hba1c,3478,1,0.614705,70
without_hba1c,3479,1,0.584026,61
without_hba1c,3480,1,0.573648,63
without_hba1c,3481,1,0.521296,80
without_hba1c,3482,0,0.311523,52
without_hba1c,3483,0,0.624911,66
without_hba1c,3484,1,0.384371,42
without_hba1c,3485,1,0.204631,34
without_hba1c,3486,0,0.206967,34
without_hba1c,3487,1,0.220372,37
without_hba1c,3488,0,0.407065,58
without_hba1c,3489,0,0.478636,47
without_hba1c,3490,0,0.285269,48
without_hba1c,3491,1,0.54254,62
without_hba1c,3492,0,0.260391,44
without_hba1c,3493,0,0.672798,80
without_hba1c,3494,1,0.482623,34
without_hba1c,3495,0,0.313308,32
without_hba1c,3496,0,0.199574,33
without_hba1c,3497,0,0.369638,40
without_hba1c,3498,0,0.550314,63
without_hba1c,3499,0,0.376976,41
without_hba1c,3500,0,0.463879,51
without_hba1c,3501,0,0.355145,38
without_hba1c,3502,0,0.225809,38
without_hba1c,3503,0,0.77333,73
without_hba1c,3504,1,0.618747,72
without_hba1c,3505,1,0.546774,63
without_hba1c,3506,0,0.422088,47
without_hba1c,3507,1,0.515541,59
without_hba1c,3508,1,0.446671,70
without_hba1c,3509,0,0.231339,39
without_hba1c,3510,0,0.209784,35
without_hba1c,3511,0,0.355888,36
without_hba1c,3512,0,0.397326,64
without_hba1c,3513,0,0.294669,49
without_hba1c,3514,0,0.562473,78
without_hba1c,3515,0,0.573473,66
without_hba1c,3516,1,0.404861,65
without_hba1c,3517,0,0.206967,34
without_hba1c,3518,0,0.328278,54
without_hba1c,3519,0,0.236964,40
without_hba1c,3520,0,0.325134,54
without_hba1c,3521,0,0.456497,51
without_hba1c,3522,0,0.486468,48
without_hba1c,3523,0,0.468024,30
without_hba1c,3524,0,0.215031,36
without_hba1c,3525,0,0.474283,74
without_hba1c,3526,1,0.61132,71
without_hba1c,3527,0,0.603842,70
without_hba1c,3528,1,0.675936,80
without_hba1c,3529,0,0.675936,80
without_hba1c,3530,1,0.513057,36
without_hba1c,3531,1,0.521296,80
without_hba1c,3532,0,0.191948,31
without_hba1c,3533,0,0.307873,51
without_hba1c,3534,0,0.61132,71
without_hba1c,3535,0,0.347994,37
without_hba1c,3536,1,0.285269,48
without_hba1c,3537,1,0.671663,73
without_hba1c,3538,0,0.495594,56
without_hba1c,3539,0,0.260391,44
without_hba1c,3540,0,0.317173,46
without_hba1c,3541,1,0.798587,78
without_hba1c,3542,0,0.61537,72
without_hba1c,3543,0,0.323214,33
without_hba1c,3544,1,0.553262,57
without_hba1c,3545,0,0.406865,45
without_hba1c,3546,0,0.513465,79
without_hba1c,3547,0,0.347994,37
without_hba1c,3548,1,0.428495,41
without_hba1c,3549,1,0.675936,80
without_hba1c,3550,0,0.415908,66
without_hba1c,3551,0,0.225809,38
without_hba1c,3552,1,0.492022,56
without_hba1c,3553,0,0.254396,43
without_hba1c,3554,1,0.708237,78
without_hba1c,3555,1,0.535643,75
without_hba1c,3556,0,0.19461,32
without_hba1c,3557,0,0.429757,48
without_hba1c,3558,0,0.31829,53
without_hba1c,3559,1,0.422088,47
without_hba1c,3560,1,0.475944,32
without_hba1c,3561,0,0.199574,33
without_hba1c,3562,0,0.303512,30
without_hba1c,3563,0,0.266477,45
without_hba1c,3564,0,0.61132,71
without_hba1c,3565,1,0.574356,80
without_hba1c,3566,0,0.353243,58
without_hba1c,3567,1,0.560287,41
without_hba1c,3568,1,0.347994,37
without_hba1c,3569,0,0.248493,42
without_hba1c,3570,0,0.605999,47
without_hba1c,3571,0,0.546774,63
without_hba1c,3572,1,0.528595,39
without_hba1c,3573,0,0.681652,74
without_hba1c,3574,1,0.502148,50
without_hba1c,3575,0,0.376976,41
without_hba1c,3576,0,0.543436,76
without_hba1c,3577,0,0.505626,78
without_hba1c,3578,1,0.539326,61
without_hba1c,3579,0,0.375026,61
without_hba1c,3580,0,0.339047,56
without_hba1c,3581,0,0.507704,58
without_hba1c,3582,1,0.624465,49
without_hba1c,3583,0,0.474283,74
without_hba1c,3584,1,0.654993,77
without_hba1c,3585,1,0.354502,36
without_hba1c,3586,0,0.236964,40
without_hba1c,3587,1,0.415908,66
without_hba1c,3588,1,0.56227,65
without_hba1c,3589,0,0.311523,52
without_hba1c,3590,0,0.278917,47
without_hba1c,3591,1,0.355145,38
without_hba1c,3592,0,0.320096,33
without_hba1c,3593,1,0.554535,64
without_hba1c,3594,0,0.377759,32
without_hba1c,3595,0,0.484185,55
without_hba1c,3596,1,0.646261,52
without_hba1c,3597,0,0.285269,48
without_hba1c,3598,0,0.272653,46
without_hba1c,3599,1,0.560287,41
without_hba1c,3600,0,0.367704,60
without_hba1c,3601,0,0.628904,67
without_hba1c,3602,1,0.66708,57
without_hba1c,3603,1,0.526523,37
without_hba1c,3604,0,0.44187,63
without_hba1c,3605,0,0.637004,53
without_hba1c,3606,0,0.19461,32
without_hba1c,3607,0,0.622766,73
without_hba1c,3608,0,0.391819,43
without_hba1c,3609,0,0.61537,72
without_hba1c,3610,0,0.339047,56
without_hba1c,3611,1,0.332054,55
without_hba1c,3612,0,0.204631,34
without_hba1c,3613,0,0.28422,41
without_hba1c,3614,1,0.307873,51
without_hba1c,3615,1,0.700952,62
without_hba1c,3616,1,0.451677,44
without_hba1c,3617,1,0.624911,66
without_hba1c,3618,1,0.658841,78
without_hba1c,3619,1,0.549038,56
without_hba1c,3620,1,0.554535,64
without_hba1c,3621,0,0.550314,63
without_hba1c,3622,0,0.294669,49
without_hba1c,3623,1,0.337245,32
without_hba1c,3624,0,0.515541,59
without_hba1c,3625,0,0.406865,45
without_hba1c,3626,0,0.431223,68
without_hba1c,3627,1,0.507704,58
without_hba1c,3628,0,0.554535,64
without_hba1c,3629,0,0.199574,33
without_hba1c,3630,1,0.675936,80
without_hba1c,3631,1,0.304836,51
without_hba1c,3632,1,0.672798,80
without_hba1c,3633,1,0.571323,44
without_hba1c,3634,0,0.278917,47
without_hba1c,3635,0,0.574356,80
without_hba1c,3636,0,0.429757,48
without_hba1c,3637,0,0.231339,39
without_hba1c,3638,1,0.474907,31
without_hba1c,3639,1,0.242682,41
without_hba1c,3640,1,0.411192,59
without_hba1c,3641,0,0.600418,70
without_hba1c,3642,0,0.521296,80
without_hba1c,3643,0,0.624911,66
without_hba1c,3644,1,0.43746,49
without_hba1c,3645,0,0.396093,57
without_hba1c,3646,1,0.434908,46
without_hba1c,3647,1,0.624911,66
without_hba1c,3648,0,0.621555,66
without_hba1c,3649,1,0.672798,80
without_hba1c,3650,1,0.585277,68
without_hba1c,3651,0,0.346111,57
without_hba1c,3652,0,0.427721,68
without_hba1c,3653,0,0.771125,72
without_hba1c,3654,1,0.53771,55
without_hba1c,3655,0,0.653828,70
without_hba1c,3656,1,0.502338,53
without_hba1c,3657,0,0.384371,42
without_hba1c,3658,0,0.424159,45
without_hba1c,3659,0,0.517953,38
without_hba1c,3660,0,0.473768,51
without_hba1c,3661,1,0.603842,70
without_hba1c,3662,0,0.481593,52
without_hba1c,3663,0,0.410319,45
without_hba1c,3664,0,0.521296,80
without_hba1c,3665,0,0.266477,45
without_hba1c,3666,1,0.427216,45
without_hba1c,3667,0,0.581127,67
without_hba1c,3668,0,0.404861,65
without_hba1c,3669,0,0.759434,72
without_hba1c,3670,0,0.228317,38
without_hba1c,3671,1,0.646814,55
without_hba1c,3672,1,0.426461,61
without_hba1c,3673,0,0.422088,47
without_hba1c,3674,0,0.371033,60
without_hba1c,3675,0,0.52337,60
without_hba1c,3676,1,0.225809,38
without_hba1c,3677,1,0.524862,80
without_hba1c,3678,1,0.513465,79
without_hba1c,3679,1,0.479922,54
without_hba1c,3680,1,0.52337,60
without_hba1c,3681,0,0.204631,34
without_hba1c,3682,1,0.635939,54
without_hba1c,3683,0,0.413775,44
without_hba1c,3684,0,0.242682,41
without_hba1c,3685,0,0.474283,74
without_hba1c,3686,1,0.52337,60
without_hba1c,3687,0,0.624911,66
without_hba1c,3688,0,0.771125,72
without_hba1c,3689,1,0.220372,37
without_hba1c,3690,0,0.31829,53
without_hba1c,3691,1,0.534746,61
without_hba1c,3692,0,0.3339,35
without_hba1c,3693,0,0.254396,43
without_hba1c,3694,0,0.445194,50
without_hba1c,3695,0,0.19461,32
without_hba1c,3696,0,0.330113,34
without_hba1c,3697,0,0.618747,72
without_hba1c,3698,0,0.504338,71
without_hba1c,3699,0,0.569974,66
without_hba1c,3700,0,0.696348,80
without_hba1c,3701,1,0.521296,80
without_hba1c,3702,0,0.346111,57
without_hba1c,3703,0,0.591625,62
without_hba1c,3704,0,0.692069,76
without_hba1c,3705,1,0.30123,50
without_hba1c,3706,1,0.43746,49
without_hba1c,3707,1,0.371033,60
without_hba1c,3708,1,0.415908,66
without_hba1c,3709,0,0.19461,32
without_hba1c,3710,0,0.452953,51
without_hba1c,3711,0,0.513465,79
without_hba1c,3712,0,0.3066,31
without_hba1c,3713,0,0.429757,48
without_hba1c,3714,0,0.272653,46
without_hba1c,3715,1,0.647871,76
without_hba1c,3716,1,0.38119,55
without_hba1c,3717,0,0.31829,53
without_hba1c,3718,0,0.428495,41
without_hba1c,3719,0,0.40992,44
without_hba1c,3720,0,0.241736,34
without_hba1c,3721,0,0.411192,59
without_hba1c,3722,1,0.504338,71
without_hba1c,3723,0,0.31829,53
without_hba1c,3724,0,0.497785,77
without_hba1c,3725,0,0.313308,32
without_hba1c,3726,0,0.431998,41
without_hba1c,3727,1,0.543278,39
without_hba1c,3728,1,0.505626,78
without_hba1c,3729,1,0.499863,57
without_hba1c,3730,0,0.452953,51
without_hba1c,3731,0,0.521296,80
without_hba1c,3732,0,0.479239,32
without_hba1c,3733,1,0.51484,57
without_hba1c,3734,0,0.331595,32
without_hba1c,3735,1,0.519109,59
without_hba1c,3736,1,0.583322,44
without_hba1c,3737,0,0.294669,49
without_hba1c,3738,0,0.672798,80
without_hba1c,3739,1,0.330113,34
without_hba1c,3740,1,0.397326,64
without_hba1c,3741,1,0.596315,69
without_hba1c,3742,1,0.404861,65
without_hba1c,3743,1,0.504338,71
without_hba1c,3744,0,0.463198,48
without_hba1c,3745,0,0.498575,50
without_hba1c,3746,0,0.558063,64
without_hba1c,3747,0,0.406865,45
without_hba1c,3748,1,0.355145,38
without_hba1c,3749,1,0.337086,35
without_hba1c,3750,1,0.474283,74
without_hba1c,3751,1,0.405622,38
without_hba1c,3752,0,0.18713,30
without_hba1c,3753,0,0.309647,31
without_hba1c,3754,0,0.683995,54
without_hba1c,3755,1,0.260391,44
without_hba1c,3756,1,0.689676,79
without_hba1c,3757,0,0.607919,71
without_hba1c,3758,0,0.204631,34
without_hba1c,3759,1,0.581127,67
without_hba1c,3760,1,0.622766,73
without_hba1c,3761,1,0.639616,54
without_hba1c,3762,1,0.3066,31
without_hba1c,3763,0,0.358424,38
without_hba1c,3764,0,0.596918,47
without_hba1c,3765,1,0.524862,80
without_hba1c,3767,1,0.278917,47
without_hba1c,3768,1,0.646318,68
without_hba1c,3769,0,0.311523,52
without_hba1c,3770,0,0.215031,36
without_hba1c,3771,0,0.266477,45
without_hba1c,3772,1,0.695107,76
without_hba1c,3773,1,0.542717,59
without_hba1c,3774,1,0.770214,65
without_hba1c,3775,1,0.43415,62
without_hba1c,3776,1,0.503436,57
without_hba1c,3777,1,0.375026,61
without_hba1c,3778,0,0.495773,53
without_hba1c,3779,0,0.626118,73
without_hba1c,3780,1,0.604211,61
without_hba1c,3781,0,0.340912,36
without_hba1c,3782,1,0.576387,60
without_hba1c,3783,0,0.184966,30
without_hba1c,3784,0,0.38984,63
without_hba1c,3785,1,0.406865,45
without_hba1c,3786,0,0.248493,42
without_hba1c,3787,0,0.642758,52
without_hba1c,3788,0,0.307873,51
without_hba1c,3789,1,0.629624,51
without_hba1c,3790,0,0.475656,52
without_hba1c,3791,1,0.481593,52
without_hba1c,3792,0,0.517034,79
without_hba1c,3793,0,0.675936,80
without_hba1c,3794,1,0.456497,51
without_hba1c,3795,1,0.721028,80
without_hba1c,3797,1,0.569974,66
without_hba1c,3798,0,0.396832,41
without_hba1c,3799,0,0.335231,55
without_hba1c,3800,1,0.524862,80
without_hba1c,3801,0,0.199574,33
without_hba1c,3802,1,0.672798,80
without_hba1c,3803,1,0.376976,41
without_hba1c,3804,1,0.404861,65
without_hba1c,3805,1,0.337086,35
without_hba1c,3806,1,0.625477,51
without_hba1c,3807,0,0.228317,38
without_hba1c,3808,0,0.48211,75
without_hba1c,3809,1,0.365669,39
without_hba1c,3810,0,0.311523,52
without_hba1c,3811,1,0.38984,63
without_hba1c,3812,0,0.530673,38
without_hba1c,3813,1,0.397326,64
without_hba1c,3814,0,0.48211,75
without_hba1c,3815,1,0.569974,66
without_hba1c,3816,1,0.184966,30
without_hba1c,3817,0,0.31829,53
without_hba1c,3818,0,0.248493,42
without_hba1c,3819,1,0.546774,63
without_hba1c,3820,0,0.476356,54
without_hba1c,3821,0,0.577846,80
without_hba1c,3822,0,0.588742,68
without_hba1c,3823,0,0.404861,65
without_hba1c,3824,0,0.425578,47
without_hba1c,3825,0,0.464289,52
without_hba1c,3826,0,0.605443,68
without_hba1c,3827,1,0.524862,80
without_hba1c,3828,0,0.602609,63
without_hba1c,3829,1,0.285269,48
without_hba1c,3830,0,0.347994,37
without_hba1c,3831,1,0.590947,60
without_hba1c,3832,0,0.189741,31
without_hba1c,3833,0,0.417929,46
without_hba1c,3834,0,0.285269,48
without_hba1c,3835,0,0.254396,43
without_hba1c,3836,1,0.393245,63
without_hba1c,3837,0,0.587494,61
without_hba1c,3838,0,0.603842,70
without_hba1c,3839,0,0.254396,43
without_hba1c,3840,1,0.456674,48
without_hba1c,3841,0,0.720096,59
without_hba1c,3842,0,0.399318,44
without_hba1c,3843,0,0.463995,50
without_hba1c,3844,0,0.445194,50
without_hba1c,3845,0,0.299973,30
without_hba1c,3846,1,0.61132,71
without_hba1c,3847,1,0.388615,56
without_hba1c,3848,0,0.337086,35
without_hba1c,3849,1,0.675936,80
without_hba1c,3850,0,0.48211,75
without_hba1c,3851,0,0.339047,56
without_hba1c,3852,0,0.524862,80
without_hba1c,3853,1,0.524862,80
without_hba1c,3854,1,0.525176,36
without_hba1c,3855,1,0.254396,43
without_hba1c,3856,0,0.242682,41
without_hba1c,3857,0,0.199574,33
without_hba1c,3858,0,0.425578,47
without_hba1c,3859,1,0.481585,33
without_hba1c,3860,0,0.521296,80
without_hba1c,3861,1,0.573473,66
without_hba1c,3862,0,0.396093,57
without_hba1c,3863,1,0.204631,34
without_hba1c,3864,0,0.388615,56
without_hba1c,3865,0,0.393245,63
without_hba1c,3866,1,0.591625,62
without_hba1c,3867,1,0.692069,76
without_hba1c,3868,1,0.337893,49
without_hba1c,3869,1,0.499863,57
without_hba1c,3870,0,0.299973,30
without_hba1c,3871,0,0.538991,62
without_hba1c,3872,0,0.524862,80
without_hba1c,3873,1,0.639496,68
without_hba1c,3874,0,0.316392,32
without_hba1c,3875,0,0.254396,43
without_hba1c,3876,1,0.585277,68
without_hba1c,3877,1,0.604441,48
without_hba1c,3878,0,0.260391,44
without_hba1c,3879,0,0.408309,65
without_hba1c,3880,0,0.189741,31
without_hba1c,3881,0,0.669028,79
without_hba1c,3882,0,0.410491,42
without_hba1c,3883,0,0.48211,75
without_hba1c,3884,0,0.19686,32
without_hba1c,3885,0,0.320096,33
without_hba1c,3886,0,0.672798,80
without_hba1c,3887,0,0.420062,67
without_hba1c,3888,0,0.320096,33
without_hba1c,3889,1,0.231339,39
without_hba1c,3890,0,0.302982,30
without_hba1c,3891,0,0.443142,70
without_hba1c,3892,0,0.676784,50
without_hba1c,3893,0,0.31829,53
without_hba1c,3894,1,0.41244,66
without_hba1c,3895,0,0.199574,33
without_hba1c,3896,0,0.209784,35
without_hba1c,3897,0,0.332054,55
without_hba1c,3898,0,0.320096,33
without_hba1c,3899,0,0.507704,58
without_hba1c,3900,1,0.596315,69
without_hba1c,3901,1,0.360442,59
without_hba1c,3902,1,0.744863,69
without_hba1c,3903,1,0.52001,73
without_hba1c,3904,1,0.471688,30
without_hba1c,3905,1,0.399318,44
without_hba1c,3906,1,0.504338,71
without_hba1c,3907,0,0.61132,71
without_hba1c,3908,1,0.639496,68
without_hba1c,3909,0,0.515541,59
without_hba1c,3910,0,0.52337,60
without_hba1c,3911,0,0.61132,71
without_hba1c,3912,0,0.43746,49
without_hba1c,3913,0,0.38119,55
without_hba1c,3914,0,0.587494,61
without_hba1c,3915,1,0.254396,43
without_hba1c,3916,0,0.363743,59
without_hba1c,3917,1,0.499346,34
without_hba1c,3918,1,0.740022,68
without_hba1c,3919,1,0.472099,53
without_hba1c,3920,1,0.404861,65
without_hba1c,3921,1,0.242682,41
without_hba1c,3922,1,0.516622,56
without_hba1c,3923,1,0.39523,43
without_hba1c,3924,1,0.445194,50
without_hba1c,3925,0,0.519109,59
without_hba1c,3926,0,0.651757,77
without_hba1c,3927,0,0.507704,58
without_hba1c,3928,1,0.546774,63
without_hba1c,3929,1,0.248493,42
without_hba1c,3930,0,0.524862,80
without_hba1c,3931,1,0.526934,60
without_hba1c,3932,0,0.618747,72
without_hba1c,3933,1,0.748389,62
without_hba1c,3934,1,0.672798,80
without_hba1c,3935,0,0.418807,60
without_hba1c,3936,0,0.3066,31
without_hba1c,3937,0,0.675936,80
without_hba1c,3938,1,0.29823,50
without_hba1c,3939,1,0.353243,58
without_hba1c,3940,1,0.620873,49
without_hba1c,3941,1,0.521296,80
without_hba1c,3942,1,0.605999,47
without_hba1c,3943,0,0.584776,45
without_hba1c,3944,1,0.369638,40
without_hba1c,3945,1,0.675936,80
without_hba1c,3946,1,0.524862,80
without_hba1c,3947,1,0.517034,79
without_hba1c,3948,0,0.323214,33
without_hba1c,3949,0,0.472999,67
without_hba1c,3950,1,0.431998,41
without_hba1c,3951,0,0.469617,50
without_hba1c,3952,0,0.643423,69
without_hba1c,3953,0,0.675936,80
without_hba1c,3954,0,0.458672,72
without_hba1c,3955,1,0.522854,37
without_hba1c,3956,0,0.376976,41
without_hba1c,3957,0,0.340912,36
without_hba1c,3958,0,0.369638,40
without_hba1c,3959,0,0.405943,42
without_hba1c,3960,0,0.199574,33
without_hba1c,3961,1,0.672798,80
without_hba1c,3962,1,0.443142,70
without_hba1c,3963,0,0.184966,30
without_hba1c,3964,0,0.458159,49
without_hba1c,3965,1,0.753148,68
without_hba1c,3966,0,0.217453,36
without_hba1c,3967,0,0.351816,37
without_hba1c,3968,0,0.266477,45
without_hba1c,3969,0,0.521296,80
without_hba1c,3970,1,0.212163,35
without_hba1c,3971,0,0.60669,64
without_hba1c,3972,1,0.225809,38
without_hba1c,3973,0,0.531188,61
without_hba1c,3974,0,0.32696,34
without_hba1c,3975,1,0.688011,58
without_hba1c,3976,1,0.521296,80
without_hba1c,3977,0,0.538293,60
without_hba1c,3978,0,0.460736,52
without_hba1c,3979,1,0.584026,61
without_hba1c,3980,1,0.675936,80
without_hba1c,3981,0,0.248493,42
