film,perio,screen_maxilla,screen_mandible,screen_max_prob,screen_flag,worst_tooth_pct,image_w,image_h
non_perio_101.tif_0.png,0,0.28959,0.28749,0.28959,False,29.775,2976,1536
non_perio_1019.tif_0.png,0,0.50112,0.48088,0.50112,True,20.83,2976,1536
non_perio_102.tif_0.png,0,0.20895,0.15655,0.20895,False,3.528,2976,1536
non_perio_1020.tif_0.png,0,0.30815,0.30546,0.30815,False,21.538,2976,1536
non_perio_1021.tif_0.png,0,0.25549,0.23494,0.25549,False,0.554,2976,1536
non_perio_1023.tif_0.png,0,0.19785,0.15944,0.19785,False,0.535,2976,1536
non_perio_1026.tif_0.png,0,0.17391,0.13092,0.17391,False,0.0,2976,1536
non_perio_1027.tif_0.png,0,0.41964,0.46706,0.46706,True,21.991,2976,1536
non_perio_1032.tif_0.png,0,0.28362,0.31089,0.31089,False,19.983,2976,1536
non_perio_1034.tif_0.png,0,0.24967,0.20994,0.24967,False,3.85,2976,1536
non_perio_1035.tif_0.png,0,0.25515,0.2525,0.25515,False,3.004,2976,1536
non_perio_1036.tif_0.png,0,0.25391,0.23154,0.25391,False,15.59,2976,1536
non_perio_1038.tif_0.png,0,0.24416,0.19031,0.24416,False,11.796,2976,1536
non_perio_1039.tif_0.png,0,0.40135,0.32922,0.40135,False,5.604,2976,1536
non_perio_1040.tif_0.png,0,0.23337,0.25193,0.25193,False,5.843,2976,1536
non_perio_1042.tif_0.png,0,0.34632,0.33317,0.34632,False,19.007,2976,1536
non_perio_1043.tif_0.png,0,0.38144,0.28778,0.38144,False,23.162,2976,1536
non_perio_1045.tif_0.png,0,0.16186,0.14044,0.16186,False,8.347,2976,1536
non_perio_1047.tif_0.png,0,0.2883,0.24164,0.2883,False,4.588,2976,1536
non_perio_1048.tif_0.png,0,0.32379,0.32507,0.32507,False,7.78,2976,1536
non_perio_1049.tif_0.png,0,0.51755,0.45363,0.51755,True,13.885,2976,1536
non_perio_1050.tif_0.png,0,0.35404,0.2854,0.35404,False,14.81,2976,1536
non_perio_1051.tif_0.png,0,0.26695,0.19547,0.26695,False,2.939,2976,1536
non_perio_1053.tif_0.png,0,0.48505,0.46953,0.48505,True,17.949,2976,1536
non_perio_1054.tif_0.png,0,0.27764,0.27666,0.27764,False,6.957,2976,1536
non_perio_1055.tif_0.png,0,0.38519,0.33992,0.38519,False,26.484,2976,1536
non_perio_1057.tif_0.png,0,0.14481,0.09833,0.14481,False,17.177,2976,1536
non_perio_1059.tif_0.png,0,0.24171,0.21005,0.24171,False,5.685,2976,1536
non_perio_106.tif_0.png,0,0.16034,0.13201,0.16034,False,4.64,2976,1536
non_perio_1060.tif_0.png,0,0.2683,0.22679,0.2683,False,14.084,2976,1536
non_perio_1062.tif_0.png,0,0.52007,0.63537,0.63537,True,30.989,2976,1536
non_perio_1064.tif_0.png,0,0.19216,0.13397,0.19216,False,0.529,2976,1536
non_perio_1065.tif_0.png,0,0.33603,0.2713,0.33603,False,15.954,2976,1536
non_perio_1066.tif_0.png,0,0.28169,0.219,0.28169,False,9.146,2976,1536
non_perio_1069.tif_0.png,0,0.17804,0.14817,0.17804,False,12.715,2976,1536
non_perio_107.tif_0.png,0,0.251,0.22299,0.251,False,5.585,2976,1536
non_perio_1070.tif_0.png,0,0.27332,0.27459,0.27459,False,21.567,2976,1536
non_perio_1072.tif_0.png,0,0.40104,0.38096,0.40104,True,6.377,2976,1536
non_perio_1073.tif_0.png,0,0.2453,0.22541,0.2453,False,10.603,2976,1536
non_perio_1075.tif_0.png,0,0.34509,0.26203,0.34509,False,12.713,2976,1536
non_perio_1076.tif_0.png,0,0.44327,0.43484,0.44327,True,22.519,2976,1536
non_perio_1077.tif_0.png,0,0.23338,0.18978,0.23338,False,16.299,2976,1536
non_perio_1079.tif_0.png,0,0.21825,0.19332,0.21825,False,8.128,2976,1536
non_perio_108.tif_0.png,0,0.12789,0.12636,0.12789,False,0.0,2976,1536
non_perio_1081.tif_0.png,0,0.32843,0.2965,0.32843,False,21.17,2976,1536
non_perio_1087.tif_0.png,0,0.30647,0.27152,0.30647,False,8.529,2976,1536
non_perio_1089.tif_0.png,0,0.33885,0.20247,0.33885,False,0.257,2976,1536
non_perio_109.tif_0.png,0,0.24081,0.2193,0.24081,False,19.212,2976,1536
non_perio_1090.tif_0.png,0,0.41229,0.39765,0.41229,True,9.182,2976,1536
non_perio_1091.tif_0.png,0,0.38253,0.33637,0.38253,False,6.063,2976,1536
non_perio_1093.tif_0.png,0,0.21407,0.15512,0.21407,False,11.976,2976,1536
non_perio_1095.tif_0.png,0,0.25158,0.20346,0.25158,False,5.85,2976,1536
non_perio_1097.tif_0.png,0,0.28382,0.25172,0.28382,False,3.059,2976,1536
non_perio_1099.tif_0.png,0,0.22849,0.18596,0.22849,False,1.176,2976,1536
non_perio_1101.tif_0.png,0,0.21153,0.18519,0.21153,False,6.409,2976,1536
non_perio_1102.tif_0.png,0,0.1786,0.15857,0.1786,False,5.054,2976,1536
non_perio_1106.tif_0.png,0,0.19219,0.17224,0.19219,False,17.965,2976,1536
non_perio_1107.tif_0.png,0,0.42904,0.45556,0.45556,True,9.911,2976,1536
non_perio_1108.tif_0.png,0,0.13913,0.12247,0.13913,False,2.201,2976,1536
non_perio_1109.tif_0.png,0,0.29036,0.24859,0.29036,False,18.501,2976,1536
non_perio_1110.tif_0.png,0,0.28225,0.21064,0.28225,False,1.258,2976,1536
non_perio_1112.tif_0.png,0,0.31561,0.33822,0.33822,False,8.235,2976,1536
non_perio_1113.tif_0.png,0,0.31161,0.3038,0.31161,False,16.665,2976,1536
non_perio_1114.tif_0.png,0,0.31625,0.27863,0.31625,False,13.502,2976,1536
non_perio_1116.tif_0.png,0,0.53178,0.59078,0.59078,True,33.315,2976,1536
non_perio_1117.tif_0.png,0,0.46213,0.49303,0.49303,True,15.06,2976,1536
non_perio_112.tif_0.png,0,0.25637,0.28631,0.28631,False,24.764,2976,1536
non_perio_1120.tif_0.png,0,0.23927,0.18952,0.23927,False,0.0,2976,1536
non_perio_1129.tif_0.png,0,0.21187,0.17308,0.21187,False,16.085,2976,1536
non_perio_113.tif_0.png,0,0.33463,0.26655,0.33463,False,19.682,2976,1536
non_perio_1136.tif_0.png,0,0.27887,0.2448,0.27887,False,13.459,2976,1536
non_perio_1137.tif_0.png,0,0.60586,0.64505,0.64505,True,16.791,2976,1536
non_perio_1139.tif_0.png,0,0.3373,0.32834,0.3373,False,25.508,2976,1536
non_perio_1140.tif_0.png,0,0.2059,0.19955,0.2059,False,4.77,2976,1536
non_perio_1143.tif_0.png,0,0.39799,0.3878,0.39799,True,25.116,2976,1536
non_perio_1146.tif_0.png,0,0.49764,0.39009,0.49764,True,22.506,2976,1536
non_perio_1147.tif_0.png,0,0.17659,0.15354,0.17659,False,6.675,2976,1536
non_perio_115.tif_0.png,0,0.39949,0.3885,0.39949,True,34.291,2976,1536
non_perio_1154.tif_0.png,0,0.3441,0.33458,0.3441,False,30.6,2976,1536
non_perio_1155.tif_0.png,0,0.3582,0.2883,0.3582,False,14.855,2976,1536
non_perio_1156.tif_0.png,0,0.24559,0.30066,0.30066,False,10.532,2976,1536
non_perio_1157.tif_0.png,0,0.25026,0.18101,0.25026,False,8.934,2976,1536
non_perio_1158.tif_0.png,0,0.24746,0.23416,0.24746,False,18.972,2976,1536
non_perio_1159.tif_0.png,0,0.34098,0.29697,0.34098,False,16.807,2976,1536
non_perio_116.tif_0.png,0,0.29908,0.27146,0.29908,False,15.867,2976,1536
non_perio_1166.tif_0.png,0,0.27416,0.24528,0.27416,False,29.131,2976,1536
non_perio_117.tif_0.png,0,0.64075,0.66758,0.66758,True,38.329,2976,1536
non_perio_1171.tif_0.png,0,0.40415,0.36111,0.40415,False,16.594,2976,1536
non_perio_1173.tif_0.png,0,0.22247,0.17443,0.22247,False,21.879,2976,1536
non_perio_1177.tif_0.png,0,0.43002,0.32081,0.43002,False,29.865,2976,1536
non_perio_1179.tif_0.png,0,0.7098,0.78183,0.78183,True,36.814,2976,1536
non_perio_118.tif_0.png,0,0.15813,0.12306,0.15813,False,17.971,2976,1536
non_perio_1180.tif_0.png,0,0.22728,0.1885,0.22728,False,27.129,2976,1536
non_perio_1183.tif_0.png,0,0.2116,0.19008,0.2116,False,0.0,2976,1536
non_perio_1184.tif_0.png,0,0.21109,0.16645,0.21109,False,14.768,2976,1536
non_perio_1185.tif_0.png,0,0.55068,0.55104,0.55104,True,32.472,2976,1536
non_perio_1186.tif_0.png,0,0.2181,0.18227,0.2181,False,3.335,2976,1536
non_perio_1188.tif_0.png,0,0.21942,0.22703,0.22703,False,4.969,2976,1536
non_perio_1189.tif_0.png,0,0.24719,0.18677,0.24719,False,4.387,2976,1536
non_perio_119.tif_0.png,0,0.17257,0.25033,0.25033,False,17.622,2976,1536
non_perio_1191.tif_0.png,0,0.14976,0.11878,0.14976,False,0.736,2976,1536
non_perio_1192.tif_0.png,0,0.31066,0.28671,0.31066,False,16.27,2976,1536
non_perio_1193.tif_0.png,0,0.49278,0.41894,0.49278,True,18.539,2976,1536
non_perio_1195.tif_0.png,0,0.25046,0.21838,0.25046,False,2.974,2976,1536
non_perio_1196.tif_0.png,0,0.43663,0.4817,0.4817,True,26.714,2976,1536
non_perio_12.tif_0.png,0,0.22956,0.2112,0.22956,False,7.336,2976,1536
non_perio_120.tif_0.png,0,0.25163,0.24315,0.25163,False,17.667,2976,1536
non_perio_1202.tif_0.png,0,0.18882,0.16225,0.18882,False,0.0,2976,1536
non_perio_1203.tif_0.png,0,0.17636,0.16884,0.17636,False,10.686,2976,1536
non_perio_1208.tif_0.png,0,0.16358,0.14585,0.16358,False,5.427,2976,1536
non_perio_121.tif_0.png,0,0.33274,0.27915,0.33274,False,2.949,2976,1536
non_perio_1210.tif_0.png,0,0.1749,0.09653,0.1749,False,0.0,2976,1536
non_perio_1212.tif_0.png,0,0.37851,0.32046,0.37851,False,9.486,2976,1536
non_perio_1213.tif_0.png,0,0.26863,0.24456,0.26863,False,28.168,2976,1536
non_perio_1216.tif_0.png,0,0.17005,0.18094,0.18094,False,3.494,2976,1536
non_perio_1218.tif_0.png,0,0.45151,0.39333,0.45151,True,22.297,2976,1536
non_perio_122.tif_0.png,0,0.30617,0.27912,0.30617,False,28.402,2976,1536
non_perio_1220.tif_0.png,0,0.32086,0.27896,0.32086,False,22.866,2976,1536
non_perio_1226.tif_0.png,0,0.6212,0.42223,0.6212,True,21.572,2976,1536
non_perio_1227.tif_0.png,0,0.21923,0.16858,0.21923,False,23.313,2976,1536
non_perio_1229.tif_0.png,0,0.41582,0.2834,0.41582,False,17.166,2976,1536
non_perio_123.tif_0.png,0,0.32505,0.29749,0.32505,False,20.183,2976,1536
non_perio_1231.tif_0.png,0,0.1832,0.16265,0.1832,False,11.491,2976,1536
non_perio_1233.tif_0.png,0,0.20902,0.16703,0.20902,False,4.366,2976,1536
non_perio_1234.tif_0.png,0,0.2366,0.16819,0.2366,False,1.053,2976,1536
non_perio_1235.tif_0.png,0,0.24406,0.16196,0.24406,False,16.836,2976,1536
non_perio_1236.tif_0.png,0,0.60782,0.61504,0.61504,True,24.611,2976,1536
non_perio_1240.tif_0.png,0,0.3119,0.27714,0.3119,False,3.258,2976,1536
non_perio_1241.tif_0.png,0,0.20651,0.16205,0.20651,False,7.805,2976,1536
non_perio_1242.tif_0.png,0,0.14988,0.12322,0.14988,False,1.581,2976,1536
non_perio_1244.tif_0.png,0,0.13066,0.10618,0.13066,False,9.753,2976,1536
non_perio_1245.tif_0.png,0,0.27766,0.25722,0.27766,False,7.801,2976,1536
non_perio_1248.tif_0.png,0,0.1746,0.16563,0.1746,False,10.001,2976,1536
non_perio_125.tif_0.png,0,0.21404,0.1822,0.21404,False,6.509,2976,1536
non_perio_1255.tif_0.png,0,0.23666,0.21343,0.23666,False,3.737,2976,1536
non_perio_1256.tif_0.png,0,0.13309,0.14316,0.14316,False,4.072,2976,1536
non_perio_1257.tif_0.png,0,0.30044,0.31243,0.31243,False,18.022,2976,1536
non_perio_1258.tif_0.png,0,0.21847,0.16746,0.21847,False,3.666,2976,1536
non_perio_1259.tif_0.png,0,0.36643,0.31035,0.36643,False,18.737,2976,1536
non_perio_126.tif_0.png,0,0.21604,0.20636,0.21604,False,21.084,2976,1536
non_perio_1260.tif_0.png,0,0.27958,0.22251,0.27958,False,15.656,2976,1536
non_perio_1263.tif_0.png,0,0.24027,0.19166,0.24027,False,14.279,2976,1536
non_perio_1264.tif_0.png,0,0.19188,0.13691,0.19188,False,9.32,2976,1536
non_perio_1266.tif_0.png,0,0.51664,0.42067,0.51664,True,9.072,2976,1536
non_perio_1267.tif_0.png,0,0.18591,0.16628,0.18591,False,14.071,2976,1536
non_perio_1268.tif_0.png,0,0.23889,0.23887,0.23889,False,4.564,2976,1536
non_perio_1269.tif_0.png,0,0.16224,0.15762,0.16224,False,16.853,2976,1536
non_perio_127.tif_0.png,0,0.10481,0.08886,0.10481,False,9.371,2976,1536
non_perio_1270.tif_0.png,0,0.27004,0.20632,0.27004,False,2.788,2976,1536
non_perio_1272.tif_0.png,0,0.2375,0.1603,0.2375,False,0.22,2976,1536
non_perio_1273.tif_0.png,0,0.2341,0.18975,0.2341,False,11.683,2976,1536
non_perio_1276.tif_0.png,0,0.25608,0.22854,0.25608,False,0.0,2976,1536
non_perio_1278.tif_0.png,0,0.46112,0.37708,0.46112,True,6.186,2976,1536
non_perio_1279.tif_0.png,0,0.17596,0.1346,0.17596,False,7.079,2976,1536
non_perio_128.tif_0.png,0,0.27449,0.23878,0.27449,False,11.338,2976,1536
non_perio_1280.tif_0.png,0,0.32189,0.27283,0.32189,False,14.252,2976,1536
non_perio_1282.tif_0.png,0,0.3005,0.23388,0.3005,False,5.242,2976,1536
non_perio_1283.tif_0.png,0,0.08891,0.08772,0.08891,False,11.385,2976,1536
non_perio_1287.tif_0.png,0,0.18545,0.14417,0.18545,False,3.843,2976,1536
non_perio_1288.tif_0.png,0,0.22797,0.18276,0.22797,False,21.677,2976,1536
non_perio_129.tif_0.png,0,0.16844,0.12577,0.16844,False,1.733,2976,1536
non_perio_1290.tif_0.png,0,0.30494,0.25417,0.30494,False,11.057,2976,1536
non_perio_1291.tif_0.png,0,0.3605,0.32888,0.3605,False,26.352,2976,1536
non_perio_1292.tif_0.png,0,0.2187,0.18029,0.2187,False,17.523,2976,1536
non_perio_1293.tif_0.png,0,0.25367,0.21794,0.25367,False,16.11,2976,1536
non_perio_1294.tif_0.png,0,0.42058,0.51899,0.51899,True,24.335,2976,1536
non_perio_13.tif_0.png,0,0.19002,0.18216,0.19002,False,14.992,2976,1536
non_perio_130.tif_0.png,0,0.16056,0.13176,0.16056,False,0.458,2976,1536
non_perio_1300.tif_0.png,0,0.19475,0.17893,0.19475,False,9.109,2976,1536
non_perio_1301.tif_0.png,0,0.52079,0.54549,0.54549,True,26.04,2976,1536
non_perio_1303.tif_0.png,0,0.2412,0.19125,0.2412,False,20.456,2976,1536
non_perio_1304.tif_0.png,0,0.28302,0.2877,0.2877,False,23.884,2976,1536
non_perio_1307.tif_0.png,0,0.19186,0.16118,0.19186,False,4.117,2976,1536
non_perio_1308.tif_0.png,0,0.21394,0.14642,0.21394,False,6.594,2976,1536
non_perio_131.tif_0.png,0,0.12626,0.09274,0.12626,False,12.864,2976,1536
non_perio_1311.tif_0.png,0,0.17428,0.18509,0.18509,False,26.348,2976,1536
non_perio_1312.tif_0.png,0,0.25118,0.23331,0.25118,False,5.462,2976,1536
non_perio_1313.tif_0.png,0,0.23631,0.14369,0.23631,False,8.654,2976,1536
non_perio_1314.tif_0.png,0,0.35186,0.39347,0.39347,True,14.305,2976,1536
non_perio_1315.tif_0.png,0,0.34166,0.32308,0.34166,False,6.182,2976,1536
non_perio_1316.tif_0.png,0,0.59926,0.41039,0.59926,True,21.062,2976,1536
non_perio_1317.tif_0.png,0,0.28298,0.27053,0.28298,False,1.1,2976,1536
non_perio_1319.tif_0.png,0,0.14517,0.09745,0.14517,False,7.591,2976,1536
non_perio_132.tif_0.png,0,0.21365,0.18509,0.21365,False,7.516,2976,1536
non_perio_1321.tif_0.png,0,0.26561,0.22764,0.26561,False,0.628,2976,1536
non_perio_1322.tif_0.png,0,0.24422,0.20132,0.24422,False,0.0,2976,1536
non_perio_1325.tif_0.png,0,0.19538,0.13532,0.19538,False,12.493,2976,1536
non_perio_1327.tif_0.png,0,0.16046,0.11885,0.16046,False,16.781,2976,1536
non_perio_1328.tif_0.png,0,0.14596,0.12096,0.14596,False,5.251,2976,1536
non_perio_133.tif_0.png,0,0.30637,0.31325,0.31325,False,2.338,2976,1536
non_perio_1331.tif_0.png,0,0.37057,0.41592,0.41592,True,23.7,2976,1536
non_perio_1332.tif_0.png,0,0.1993,0.18061,0.1993,False,9.831,2976,1536
non_perio_1333.tif_0.png,0,0.31164,0.27248,0.31164,False,10.738,2976,1536
non_perio_1337.tif_0.png,0,0.15237,0.12585,0.15237,False,10.369,2976,1536
non_perio_1339.tif_0.png,0,0.19329,0.12617,0.19329,False,1.888,2976,1536
non_perio_134.tif_0.png,0,0.25261,0.2009,0.25261,False,8.093,2976,1536
non_perio_1340.tif_0.png,0,0.28843,0.29007,0.29007,False,23.309,2976,1536
non_perio_1341.tif_0.png,0,0.3704,0.33812,0.3704,False,18.442,2976,1536
non_perio_1343.tif_0.png,0,0.2409,0.18993,0.2409,False,21.637,2976,1536
non_perio_1345.tif_0.png,0,0.17111,0.15072,0.17111,False,13.26,2976,1536
non_perio_1349.tif_0.png,0,0.40651,0.34918,0.40651,False,16.724,2976,1536
non_perio_135.tif_0.png,0,0.30082,0.27717,0.30082,False,21.656,2976,1536
non_perio_1350.tif_0.png,0,0.35041,0.32011,0.35041,False,21.131,2976,1536
non_perio_1351.tif_0.png,0,0.36171,0.40045,0.40045,True,20.149,2976,1536
non_perio_1352.tif_0.png,0,0.18273,0.15977,0.18273,False,14.523,2976,1536
non_perio_1355.tif_0.png,0,0.32226,0.2598,0.32226,False,29.354,2976,1536
non_perio_1356.tif_0.png,0,0.56522,0.69132,0.69132,True,35.168,2976,1536
non_perio_1357.tif_0.png,0,0.4641,0.38607,0.4641,True,9.85,2976,1536
non_perio_1358.tif_0.png,0,0.27959,0.24839,0.27959,False,19.208,2976,1536
non_perio_1360.tif_0.png,0,0.33146,0.27598,0.33146,False,2.097,2976,1536
non_perio_1361.tif_0.png,0,0.60515,0.53316,0.60515,True,13.29,2976,1536
non_perio_1362.tif_0.png,0,0.25084,0.18043,0.25084,False,0.932,2976,1536
non_perio_1363.tif_0.png,0,0.34693,0.27009,0.34693,False,12.837,2976,1536
non_perio_1364.tif_0.png,0,0.24295,0.26783,0.26783,False,0.0,2976,1536
non_perio_1365.tif_0.png,0,0.31969,0.25669,0.31969,False,9.528,2976,1536
non_perio_1366.tif_0.png,0,0.39759,0.41594,0.41594,True,11.505,2976,1536
non_perio_1367.tif_0.png,0,0.23033,0.18125,0.23033,False,0.0,2976,1536
non_perio_137.tif_0.png,0,0.22251,0.20214,0.22251,False,6.004,2976,1536
non_perio_1375.tif_0.png,0,0.26219,0.22684,0.26219,False,16.272,2976,1536
non_perio_1376.tif_0.png,0,0.35327,0.25834,0.35327,False,15.163,2976,1536
non_perio_1378.tif_0.png,0,0.42162,0.38726,0.42162,True,26.605,2976,1536
non_perio_1379.tif_0.png,0,0.23937,0.19821,0.23937,False,7.37,2976,1536
non_perio_138.tif_0.png,0,0.32019,0.34029,0.34029,False,2.654,2976,1536
non_perio_1382.tif_0.png,0,0.30765,0.24182,0.30765,False,12.926,2976,1536
non_perio_1383.tif_0.png,0,0.51121,0.41127,0.51121,True,9.647,2976,1536
non_perio_1384.tif_0.png,0,0.40912,0.32694,0.40912,False,12.058,2976,1536
non_perio_139.tif_0.png,0,0.36138,0.29823,0.36138,False,18.623,2976,1536
non_perio_1391.tif_0.png,0,0.17565,0.15996,0.17565,False,18.099,2976,1536
non_perio_1392.tif_0.png,0,0.18919,0.11456,0.18919,False,0.566,2976,1536
non_perio_1394.tif_0.png,0,0.23819,0.21587,0.23819,False,2.38,2976,1536
non_perio_1395.tif_0.png,0,0.28339,0.23563,0.28339,False,2.778,2976,1536
non_perio_1399.tif_0.png,0,0.26592,0.22082,0.26592,False,0.0,2976,1536
non_perio_14.tif_0.png,0,0.41633,0.34923,0.41633,False,9.768,2976,1536
non_perio_140.tif_0.png,0,0.1445,0.19788,0.19788,False,34.288,2976,1536
non_perio_1400.tif_0.png,0,0.12262,0.09301,0.12262,False,6.511,2976,1536
non_perio_1401.tif_0.png,0,0.38447,0.50484,0.50484,True,23.917,2976,1536
non_perio_1404.tif_0.png,0,0.26047,0.19242,0.26047,False,5.95,2976,1536
non_perio_1405.tif_0.png,0,0.43507,0.36157,0.43507,False,24.668,2976,1536
non_perio_1406.tif_0.png,0,0.15133,0.11856,0.15133,False,24.344,2976,1536
non_perio_1407.tif_0.png,0,0.35657,0.33909,0.35657,False,4.789,2976,1536
non_perio_1408.tif_0.png,0,0.30195,0.27477,0.30195,False,6.781,2976,1536
non_perio_1414.tif_0.png,0,0.30309,0.20895,0.30309,False,23.568,2976,1536
non_perio_1415.tif_0.png,0,0.18029,0.18109,0.18109,False,23.788,2976,1536
non_perio_1418.tif_0.png,0,0.229,0.16868,0.229,False,2.527,2976,1536
non_perio_1419.tif_0.png,0,0.17729,0.1513,0.17729,False,1.573,2976,1536
non_perio_1423.tif_0.png,0,0.18662,0.1482,0.18662,False,0.215,2976,1536
non_perio_1426.tif_0.png,0,0.36762,0.3093,0.36762,False,13.291,2976,1536
non_perio_1427.tif_0.png,0,0.27871,0.23941,0.27871,False,12.658,2976,1536
non_perio_1428.tif_0.png,0,0.16682,0.12724,0.16682,False,2.417,2976,1536
non_perio_1429.tif_0.png,0,0.34571,0.24946,0.34571,False,3.293,2976,1536
non_perio_143.tif_0.png,0,0.27543,0.13915,0.27543,False,9.406,2976,1536
non_perio_1430.tif_0.png,0,0.20541,0.16512,0.20541,False,2.837,2976,1536
non_perio_1432.tif_0.png,0,0.22475,0.15022,0.22475,False,17.21,2976,1536
non_perio_1433.tif_0.png,0,0.19877,0.21053,0.21053,False,7.088,2976,1536
non_perio_1435.tif_0.png,0,0.34558,0.28369,0.34558,False,17.131,2976,1536
non_perio_1439.tif_0.png,0,0.36106,0.28971,0.36106,False,8.134,2976,1536
non_perio_144.tif_0.png,0,0.27749,0.24044,0.27749,False,30.884,2976,1536
non_perio_1442.tif_0.png,0,0.29018,0.2896,0.29018,False,13.132,2976,1536
non_perio_1445.tif_0.png,0,0.60447,0.51461,0.60447,True,18.785,2976,1536
non_perio_1447.tif_0.png,0,0.31101,0.21838,0.31101,False,0.0,2976,1536
non_perio_1448.tif_0.png,0,0.35782,0.31882,0.35782,False,21.156,2976,1536
non_perio_1449.tif_0.png,0,0.15373,0.11627,0.15373,False,0.974,2976,1536
non_perio_145.tif_0.png,0,0.24969,0.21755,0.24969,False,20.54,2976,1536
non_perio_1451.tif_0.png,0,0.24409,0.23699,0.24409,False,16.355,2976,1536
non_perio_1452.tif_0.png,0,0.30321,0.26893,0.30321,False,14.307,2976,1536
non_perio_1454.tif_0.png,0,0.20758,0.23545,0.23545,False,36.265,2976,1536
non_perio_1456.tif_0.png,0,0.27494,0.21082,0.27494,False,0.0,2976,1536
non_perio_1459.tif_0.png,0,0.24322,0.24302,0.24322,False,23.389,2976,1536
non_perio_146.tif_0.png,0,0.29652,0.20692,0.29652,False,4.035,2976,1536
non_perio_1460.tif_0.png,0,0.48507,0.53038,0.53038,True,20.144,2976,1536
non_perio_1461.tif_0.png,0,0.34749,0.37044,0.37044,True,1.31,2976,1536
non_perio_1462.tif_0.png,0,0.41675,0.4292,0.4292,True,16.722,2976,1536
non_perio_1463.tif_0.png,0,0.22517,0.18217,0.22517,False,7.257,2976,1536
non_perio_1464.tif_0.png,0,0.28666,0.23065,0.28666,False,5.276,2976,1536
non_perio_1469.tif_0.png,0,0.23115,0.24531,0.24531,False,25.652,2976,1536
non_perio_147.tif_0.png,0,0.31814,0.31056,0.31814,False,16.699,2976,1536
non_perio_1470.tif_0.png,0,0.24373,0.23621,0.24373,False,17.884,2976,1536
non_perio_1472.tif_0.png,0,0.35315,0.30542,0.35315,False,17.305,2976,1536
non_perio_1474.tif_0.png,0,0.14524,0.08935,0.14524,False,1.181,2976,1536
non_perio_1475.tif_0.png,0,0.18332,0.18818,0.18818,False,3.885,2976,1536
non_perio_1478.tif_0.png,0,0.20798,0.19984,0.20798,False,23.289,2976,1536
non_perio_148.tif_0.png,0,0.41023,0.45141,0.45141,True,31.71,2976,1536
non_perio_1486.tif_0.png,0,0.27519,0.18302,0.27519,False,0.0,2976,1536
non_perio_1488.tif_0.png,0,0.42268,0.4239,0.4239,True,19.785,2976,1536
non_perio_149.tif_0.png,0,0.3256,0.2944,0.3256,False,19.126,2976,1536
non_perio_1490.tif_0.png,0,0.33089,0.35985,0.35985,False,30.511,2976,1536
non_perio_1491.tif_0.png,0,0.23388,0.20529,0.23388,False,15.106,2976,1536
non_perio_1492.tif_0.png,0,0.24134,0.1784,0.24134,False,2.024,2976,1536
non_perio_1493.tif_0.png,0,0.15254,0.13687,0.15254,False,6.146,2976,1536
non_perio_1497.tif_0.png,0,0.1414,0.07686,0.1414,False,0.0,2976,1536
non_perio_1502.tif_0.png,0,0.16364,0.14393,0.16364,False,3.77,2976,1536
non_perio_1503.tif_0.png,0,0.24073,0.217,0.24073,False,6.952,2976,1536
non_perio_1504.tif_0.png,0,0.2302,0.16942,0.2302,False,0.654,2976,1536
non_perio_1505.tif_0.png,0,0.35769,0.24941,0.35769,False,4.366,2976,1536
non_perio_1506.tif_0.png,0,0.27745,0.21967,0.27745,False,0.0,2976,1536
non_perio_1507.tif_0.png,0,0.41393,0.35089,0.41393,False,3.367,2976,1536
non_perio_1508.tif_0.png,0,0.26224,0.21143,0.26224,False,9.523,2976,1536
non_perio_1509.tif_0.png,0,0.38307,0.34577,0.38307,False,7.875,2976,1536
non_perio_151.tif_0.png,0,0.50356,0.48902,0.50356,True,20.559,2976,1536
non_perio_1510.tif_0.png,0,0.21166,0.18636,0.21166,False,17.176,2976,1536
non_perio_1511.tif_0.png,0,0.32419,0.25872,0.32419,False,10.847,2976,1536
non_perio_1513.tif_0.png,0,0.18599,0.14598,0.18599,False,15.227,2976,1536
non_perio_1516.tif_0.png,0,0.17009,0.13535,0.17009,False,0.0,2976,1536
non_perio_1518.tif_0.png,0,0.22096,0.18186,0.22096,False,2.298,2976,1536
non_perio_1519.tif_0.png,0,0.18583,0.12182,0.18583,False,10.192,2976,1536
non_perio_152.tif_0.png,0,0.199,0.17367,0.199,False,3.557,2976,1536
non_perio_1520.tif_0.png,0,0.36144,0.28016,0.36144,False,19.301,2976,1536
non_perio_1522.tif_0.png,0,0.46239,0.37744,0.46239,True,16.54,2976,1536
non_perio_1523.tif_0.png,0,0.24112,0.24404,0.24404,False,24.478,2976,1536
non_perio_1524.tif_0.png,0,0.11913,0.08073,0.11913,False,0.0,2976,1536
non_perio_1525.tif_0.png,0,0.24017,0.18656,0.24017,False,10.603,2976,1536
non_perio_1526.tif_0.png,0,0.19141,0.17559,0.19141,False,17.707,2976,1536
non_perio_1527.tif_0.png,0,0.18267,0.16329,0.18267,False,12.448,2976,1536
non_perio_1528.tif_0.png,0,0.2723,0.27994,0.27994,False,20.285,2976,1536
non_perio_1529.tif_0.png,0,0.64501,0.63679,0.64501,True,35.304,2976,1536
non_perio_1530.tif_0.png,0,0.1977,0.14712,0.1977,False,1.435,2976,1536
non_perio_1531.tif_0.png,0,0.16215,0.1466,0.16215,False,17.238,2976,1536
non_perio_1532.tif_0.png,0,0.2635,0.2114,0.2635,False,18.088,2976,1536
non_perio_1534.tif_0.png,0,0.42092,0.27023,0.42092,False,22.497,2976,1536
non_perio_1535.tif_0.png,0,0.23743,0.16062,0.23743,False,18.717,2976,1536
non_perio_1536.tif_0.png,0,0.20342,0.15811,0.20342,False,0.0,2976,1536
non_perio_1538.tif_0.png,0,0.3781,0.33234,0.3781,False,21.145,2976,1536
non_perio_1539.tif_0.png,0,0.41386,0.37124,0.41386,True,11.857,2976,1536
non_perio_1540.tif_0.png,0,0.31101,0.22585,0.31101,False,11.721,2976,1536
non_perio_1541.tif_0.png,0,0.16108,0.14588,0.16108,False,9.348,2976,1536
non_perio_1542.tif_0.png,0,0.58107,0.47066,0.58107,True,29.507,2976,1536
non_perio_1544.tif_0.png,0,0.23944,0.19853,0.23944,False,2.303,2976,1536
non_perio_1545.tif_0.png,0,0.23688,0.19301,0.23688,False,0.0,2976,1536
non_perio_1546.tif_0.png,0,0.1413,0.10858,0.1413,False,0.0,2976,1536
non_perio_1548.tif_0.png,0,0.36874,0.39149,0.39149,True,23.255,2976,1536
non_perio_1549.tif_0.png,0,0.33922,0.28846,0.33922,False,6.402,2976,1536
non_perio_155.tif_0.png,0,0.3074,0.25543,0.3074,False,21.176,2976,1536
non_perio_1550.tif_0.png,0,0.26727,0.217,0.26727,False,4.758,2976,1536
non_perio_1551.tif_0.png,0,0.32906,0.31413,0.32906,False,15.248,2976,1536
non_perio_1554.tif_0.png,0,0.34156,0.22424,0.34156,False,5.788,2976,1536
non_perio_1557.tif_0.png,0,0.41364,0.31989,0.41364,False,19.856,2976,1536
non_perio_1559.tif_0.png,0,0.14931,0.13742,0.14931,False,6.441,2976,1536
non_perio_156.tif_0.png,0,0.38599,0.33707,0.38599,False,7.417,2976,1536
non_perio_1561.tif_0.png,0,0.18965,0.17959,0.18965,False,5.276,2976,1536
non_perio_1562.tif_0.png,0,0.28857,0.27567,0.28857,False,4.735,2976,1536
non_perio_1563.tif_0.png,0,0.18651,0.16456,0.18651,False,4.318,2976,1536
non_perio_1565.tif_0.png,0,0.21985,0.15178,0.21985,False,6.641,2976,1536
non_perio_1566.tif_0.png,0,0.29843,0.28552,0.29843,False,7.477,2976,1536
non_perio_1570.tif_0.png,0,0.38703,0.33668,0.38703,False,22.975,2976,1536
non_perio_1571.tif_0.png,0,0.27393,0.2339,0.27393,False,20.699,2976,1536
non_perio_1572.tif_0.png,0,0.15308,0.11318,0.15308,False,2.148,2976,1536
non_perio_1574.tif_0.png,0,0.24077,0.20605,0.24077,False,21.249,2976,1536
non_perio_1575.tif_0.png,0,0.16318,0.14243,0.16318,False,0.0,2976,1536
non_perio_1577.tif_0.png,0,0.38414,0.33581,0.38414,False,23.611,2976,1536
non_perio_1579.tif_0.png,0,0.499,0.49774,0.499,True,31.761,2976,1536
non_perio_1583.tif_0.png,0,0.25616,0.20293,0.25616,False,15.186,2976,1536
non_perio_1585.tif_0.png,0,0.209,0.17843,0.209,False,7.093,2976,1536
non_perio_1586.tif_0.png,0,0.23038,0.17362,0.23038,False,10.507,2976,1536
non_perio_1587.tif_0.png,0,0.32775,0.24834,0.32775,False,12.902,2976,1536
non_perio_1588.tif_0.png,0,0.22536,0.1657,0.22536,False,8.011,2976,1536
non_perio_1589.tif_0.png,0,0.3508,0.29461,0.3508,False,17.594,2976,1536
non_perio_159.tif_0.png,0,0.0919,0.07363,0.0919,False,7.463,2976,1536
non_perio_1590.tif_0.png,0,0.46619,0.37285,0.46619,True,7.656,2976,1536
non_perio_1591.tif_0.png,0,0.3059,0.28846,0.3059,False,4.677,2976,1536
non_perio_1592.tif_0.png,0,0.71499,0.65861,0.71499,True,23.906,2976,1536
non_perio_1593.tif_0.png,0,0.36379,0.35515,0.36379,False,23.804,2976,1536
non_perio_1596.tif_0.png,0,0.52458,0.50039,0.52458,True,18.946,2976,1536
non_perio_1597.tif_0.png,0,0.36959,0.35064,0.36959,False,25.283,2976,1536
non_perio_1598.tif_0.png,0,0.20269,0.16942,0.20269,False,8.563,2976,1536
non_perio_1599.tif_0.png,0,0.32334,0.35979,0.35979,False,14.336,2976,1536
non_perio_160.tif_0.png,0,0.31024,0.33857,0.33857,False,21.037,2976,1536
non_perio_1600.tif_0.png,0,0.14689,0.11796,0.14689,False,10.309,2976,1536
non_perio_1601.tif_0.png,0,0.50244,0.45114,0.50244,True,22.181,2976,1536
non_perio_1605.tif_0.png,0,0.3858,0.37078,0.3858,True,16.891,2976,1536
non_perio_1606.tif_0.png,0,0.24472,0.20228,0.24472,False,13.832,2976,1536
non_perio_1609.tif_0.png,0,0.20399,0.14422,0.20399,False,4.332,2976,1536
non_perio_1610.tif_0.png,0,0.23473,0.23304,0.23473,False,5.671,2976,1536
non_perio_1611.tif_0.png,0,0.36949,0.26248,0.36949,False,14.057,2976,1536
non_perio_1613.tif_0.png,0,0.16655,0.14089,0.16655,False,15.481,2976,1536
non_perio_1615.tif_0.png,0,0.21097,0.2119,0.2119,False,23.7,2976,1536
non_perio_1616.tif_0.png,0,0.235,0.18902,0.235,False,12.038,2976,1536
non_perio_162.tif_0.png,0,0.31209,0.22994,0.31209,False,27.966,2976,1536
non_perio_1620.tif_0.png,0,0.43663,0.43882,0.43882,True,21.904,2976,1536
non_perio_1621.tif_0.png,0,0.33568,0.28276,0.33568,False,25.555,2976,1536
non_perio_1623.tif_0.png,0,0.27367,0.22956,0.27367,False,19.043,2976,1536
non_perio_1628.tif_0.png,0,0.25152,0.21407,0.25152,False,14.017,2976,1536
non_perio_163.tif_0.png,0,0.37086,0.33643,0.37086,False,16.805,2976,1536
non_perio_1632.tif_0.png,0,0.42877,0.34122,0.42877,False,8.098,2976,1536
non_perio_1633.tif_0.png,0,0.15888,0.14114,0.15888,False,8.041,2976,1536
non_perio_1634.tif_0.png,0,0.21319,0.24167,0.24167,False,9.873,2976,1536
non_perio_1635.tif_0.png,0,0.30758,0.26664,0.30758,False,13.038,2976,1536
non_perio_1636.tif_0.png,0,0.43328,0.46373,0.46373,True,24.136,2976,1536
non_perio_164.tif_0.png,0,0.30614,0.28696,0.30614,False,27.827,2976,1536
non_perio_1640.tif_0.png,0,0.38688,0.31879,0.38688,False,23.996,2976,1536
non_perio_1641.tif_0.png,0,0.23012,0.18263,0.23012,False,12.503,2976,1536
non_perio_1642.tif_0.png,0,0.35589,0.32806,0.35589,False,16.553,2976,1536
non_perio_1643.tif_0.png,0,0.26091,0.2331,0.26091,False,9.897,2976,1536
non_perio_1644.tif_0.png,0,0.35734,0.30417,0.35734,False,11.155,2976,1536
non_perio_1645.tif_0.png,0,0.36587,0.35026,0.36587,False,28.152,2976,1536
non_perio_1646.tif_0.png,0,0.33756,0.26027,0.33756,False,11.046,2976,1536
non_perio_1647.tif_0.png,0,0.11782,0.16374,0.16374,False,20.463,2976,1536
non_perio_165.tif_0.png,0,0.16491,0.14215,0.16491,False,10.027,2976,1536
non_perio_1650.tif_0.png,0,0.22955,0.19111,0.22955,False,13.646,2976,1536
non_perio_1652.tif_0.png,0,0.30178,0.32653,0.32653,False,7.263,2976,1536
non_perio_1653.tif_0.png,0,0.28806,0.26327,0.28806,False,0.0,2976,1536
non_perio_1656.tif_0.png,0,0.22647,0.18149,0.22647,False,15.361,2976,1536
non_perio_1660.tif_0.png,0,0.33937,0.33553,0.33937,False,7.052,2976,1536
non_perio_1661.tif_0.png,0,0.15961,0.18488,0.18488,False,14.283,2976,1536
non_perio_1668.tif_0.png,0,0.22811,0.21061,0.22811,False,0.0,2976,1536
non_perio_1669.tif_0.png,0,0.20266,0.16219,0.20266,False,0.0,2976,1536
non_perio_1670.tif_0.png,0,0.29307,0.24995,0.29307,False,6.22,2976,1536
non_perio_1673.tif_0.png,0,0.23426,0.19062,0.23426,False,5.229,2976,1536
non_perio_1676.tif_0.png,0,0.50613,0.60804,0.60804,True,28.904,2976,1536
non_perio_1677.tif_0.png,0,0.34187,0.29931,0.34187,False,13.06,2976,1536
non_perio_1679.tif_0.png,0,0.17574,0.15064,0.17574,False,2.201,2976,1536
non_perio_168.tif_0.png,0,0.2313,0.21539,0.2313,False,25.522,2976,1536
non_perio_1684.tif_0.png,0,0.21276,0.13807,0.21276,False,0.0,2976,1536
non_perio_1685.tif_0.png,0,0.17419,0.16848,0.17419,False,15.05,2976,1536
non_perio_1687.tif_0.png,0,0.13567,0.07432,0.13567,False,9.688,2976,1536
non_perio_1690.tif_0.png,0,0.1788,0.19695,0.19695,False,20.257,2976,1536
non_perio_1693.tif_0.png,0,0.22999,0.19035,0.22999,False,0.0,2976,1536
non_perio_1694.tif_0.png,0,0.14065,0.13519,0.14065,False,12.982,2976,1536
non_perio_1696.tif_0.png,0,0.17951,0.15818,0.17951,False,3.244,2976,1536
non_perio_170.tif_0.png,0,0.21574,0.21247,0.21574,False,13.797,2976,1536
non_perio_1704.tif_0.png,0,0.31314,0.259,0.31314,False,4.148,2976,1536
non_perio_1705.tif_0.png,0,0.17681,0.11541,0.17681,False,3.418,2976,1536
non_perio_1708.tif_0.png,0,0.2273,0.1784,0.2273,False,0.0,2976,1536
non_perio_1709.tif_0.png,0,0.1804,0.17165,0.1804,False,0.821,2976,1536
non_perio_171.tif_0.png,0,0.33019,0.21061,0.33019,False,0.685,2976,1536
non_perio_1712.tif_0.png,0,0.78919,0.72069,0.78919,True,25.836,2976,1536
non_perio_1713.tif_0.png,0,0.2863,0.2297,0.2863,False,4.92,2976,1536
non_perio_1714.tif_0.png,0,0.22787,0.20124,0.22787,False,17.958,2976,1536
non_perio_1715.tif_0.png,0,0.26433,0.31747,0.31747,False,12.292,2976,1536
non_perio_1716.tif_0.png,0,0.20755,0.19362,0.20755,False,13.27,2976,1536
non_perio_172.tif_0.png,0,0.30189,0.23019,0.30189,False,18.052,2976,1536
non_perio_1720.tif_0.png,0,0.24884,0.20344,0.24884,False,5.908,2976,1536
non_perio_1721.tif_0.png,0,0.24755,0.20767,0.24755,False,16.335,2976,1536
non_perio_1724.tif_0.png,0,0.3713,0.40001,0.40001,True,25.502,2976,1536
non_perio_1725.tif_0.png,0,0.19542,0.12823,0.19542,False,4.232,2976,1536
non_perio_1727.tif_0.png,0,0.29279,0.24059,0.29279,False,8.1,2976,1536
non_perio_1728.tif_0.png,0,0.41532,0.37216,0.41532,True,29.696,2976,1536
non_perio_173.tif_0.png,0,0.36097,0.29866,0.36097,False,7.173,2976,1536
non_perio_1730.tif_0.png,0,0.22036,0.18501,0.22036,False,4.784,2976,1536
non_perio_1732.tif_0.png,0,0.23701,0.24324,0.24324,False,12.984,2976,1536
non_perio_1733.tif_0.png,0,0.18869,0.16484,0.18869,False,0.259,2976,1536
non_perio_1737.tif_0.png,0,0.36948,0.34312,0.36948,False,22.979,2976,1536
non_perio_1741.tif_0.png,0,0.20764,0.18909,0.20764,False,3.733,2976,1536
non_perio_1742.tif_0.png,0,0.64027,0.63071,0.64027,True,34.774,2976,1536
non_perio_1744.tif_0.png,0,0.23717,0.21799,0.23717,False,19.533,2976,1536
non_perio_1745.tif_0.png,0,0.40893,0.27689,0.40893,False,5.194,2976,1536
non_perio_175.tif_0.png,0,0.30262,0.20373,0.30262,False,16.99,2976,1536
non_perio_176.tif_0.png,0,0.32568,0.28863,0.32568,False,20.231,2976,1536
non_perio_177.tif_0.png,0,0.28422,0.20619,0.28422,False,3.069,2976,1536
non_perio_178.tif_0.png,0,0.20365,0.20403,0.20403,False,14.772,2976,1536
non_perio_179.tif_0.png,0,0.28436,0.28136,0.28436,False,17.444,2976,1536
non_perio_18.tif_0.png,0,0.42955,0.43713,0.43713,True,19.388,2976,1536
non_perio_180.tif_0.png,0,0.38723,0.2922,0.38723,False,15.198,2976,1536
non_perio_181.tif_0.png,0,0.26485,0.25553,0.26485,False,15.299,2976,1536
non_perio_182.tif_0.png,0,0.56635,0.48386,0.56635,True,27.686,2976,1536
non_perio_183.tif_0.png,0,0.30501,0.21051,0.30501,False,13.107,2976,1536
non_perio_184.tif_0.png,0,0.25583,0.30209,0.30209,False,16.125,2976,1536
non_perio_185.tif_0.png,0,0.25234,0.22403,0.25234,False,4.685,2976,1536
non_perio_187.tif_0.png,0,0.16513,0.16765,0.16765,False,7.86,2976,1536
non_perio_188.tif_0.png,0,0.23955,0.18816,0.23955,False,14.526,2976,1536
non_perio_189.tif_0.png,0,0.4083,0.35085,0.4083,False,17.614,2976,1536
non_perio_19.tif_0.png,0,0.35507,0.27921,0.35507,False,18.195,2976,1536
non_perio_192.tif_0.png,0,0.35754,0.28624,0.35754,False,10.962,2976,1536
non_perio_193.tif_0.png,0,0.23229,0.19318,0.23229,False,14.659,2976,1536
non_perio_194.tif_0.png,0,0.22141,0.17906,0.22141,False,7.363,2976,1536
non_perio_195.tif_0.png,0,0.21134,0.14693,0.21134,False,7.219,2976,1536
non_perio_196.tif_0.png,0,0.25508,0.4087,0.4087,True,14.669,2976,1536
non_perio_197.tif_0.png,0,0.29805,0.21056,0.29805,False,7.592,2976,1536
non_perio_199.tif_0.png,0,0.28626,0.24191,0.28626,False,13.159,2976,1536
non_perio_20.tif_0.png,0,0.29248,0.23446,0.29248,False,8.276,2976,1536
non_perio_200.tif_0.png,0,0.25515,0.16406,0.25515,False,26.002,2976,1536
non_perio_21.tif_0.png,0,0.26293,0.31121,0.31121,False,18.212,2976,1536
non_perio_23.tif_0.png,0,0.16431,0.15229,0.16431,False,13.078,2976,1536
non_perio_24.tif_0.png,0,0.45135,0.49271,0.49271,True,23.447,2976,1536
non_perio_28.tif_0.png,0,0.21005,0.22859,0.22859,False,4.638,2976,1536
non_perio_3.tif_0.png,0,0.22122,0.21568,0.22122,False,15.841,2976,1536
non_perio_30.tif_0.png,0,0.38086,0.25083,0.38086,False,5.709,2976,1536
non_perio_31.tif_0.png,0,0.31007,0.29583,0.31007,False,20.734,2976,1536
non_perio_33.tif_0.png,0,0.16678,0.14912,0.16678,False,14.068,2976,1536
non_perio_36.tif_0.png,0,0.36668,0.40291,0.40291,True,17.946,2976,1536
non_perio_37.tif_0.png,0,0.21133,0.20764,0.21133,False,27.278,2976,1536
non_perio_38.tif_0.png,0,0.30635,0.24855,0.30635,False,16.971,2976,1536
non_perio_39.tif_0.png,0,0.15573,0.11859,0.15573,False,6.269,2976,1536
non_perio_4.tif_0.png,0,0.59151,0.46535,0.59151,True,28.56,2976,1536
non_perio_40.tif_0.png,0,0.33388,0.40553,0.40553,True,27.277,2976,1536
non_perio_42.tif_0.png,0,0.21847,0.18405,0.21847,False,1.973,2976,1536
non_perio_43.tif_0.png,0,0.13007,0.15557,0.15557,False,8.672,2976,1536
non_perio_48.tif_0.png,0,0.30526,0.31756,0.31756,False,23.336,2976,1536
non_perio_5.tif_0.png,0,0.42124,0.41102,0.42124,True,20.345,2976,1536
non_perio_50.tif_0.png,0,0.30051,0.28769,0.30051,False,17.18,2976,1536
non_perio_56.tif_0.png,0,0.32169,0.24076,0.32169,False,28.571,2976,1536
non_perio_58.tif_0.png,0,0.42219,0.41051,0.42219,True,21.755,2976,1536
non_perio_580.tif_0.png,0,0.13145,0.10675,0.13145,False,5.987,2976,1536
non_perio_581.tif_0.png,0,0.24787,0.21948,0.24787,False,1.011,2976,1536
non_perio_582.tif_0.png,0,0.2832,0.23116,0.2832,False,4.962,2976,1536
non_perio_583.tif_0.png,0,0.3318,0.33278,0.33278,False,7.523,2976,1536
non_perio_584.tif_0.png,0,0.28257,0.19312,0.28257,False,9.406,2976,1536
non_perio_585.tif_0.png,0,0.18538,0.13689,0.18538,False,0.0,2976,1536
non_perio_588.tif_0.png,0,0.2799,0.26107,0.2799,False,16.842,2976,1536
non_perio_592.tif_0.png,0,0.23103,0.15464,0.23103,False,1.681,2976,1536
non_perio_595.tif_0.png,0,0.20926,0.16344,0.20926,False,0.0,2976,1536
non_perio_596.tif_0.png,0,0.20362,0.18185,0.20362,False,12.272,2976,1536
non_perio_597.tif_0.png,0,0.45945,0.38038,0.45945,True,15.016,2976,1536
non_perio_598.tif_0.png,0,0.39224,0.25739,0.39224,False,29.786,2976,1536
non_perio_599.tif_0.png,0,0.1265,0.10863,0.1265,False,0.0,2976,1536
non_perio_60.tif_0.png,0,0.21797,0.19788,0.21797,False,8.495,2976,1536
non_perio_600.tif_0.png,0,0.40796,0.38955,0.40796,True,18.531,2976,1536
non_perio_601.tif_0.png,0,0.25302,0.21371,0.25302,False,3.065,2976,1536
non_perio_602.tif_0.png,0,0.25896,0.22109,0.25896,False,11.955,2976,1536
non_perio_603.tif_0.png,0,0.3966,0.35507,0.3966,False,20.847,2976,1536
non_perio_607.tif_0.png,0,0.29729,0.22692,0.29729,False,15.24,2976,1536
non_perio_608.tif_0.png,0,0.2305,0.17511,0.2305,False,1.789,2976,1536
non_perio_609.tif_0.png,0,0.512,0.52282,0.52282,True,19.2,2976,1536
non_perio_61.tif_0.png,0,0.35081,0.39151,0.39151,True,9.185,2976,1536
non_perio_610.tif_0.png,0,0.16549,0.1106,0.16549,False,0.0,2976,1536
non_perio_613.tif_0.png,0,0.35723,0.25598,0.35723,False,21.956,2976,1536
non_perio_614.tif_0.png,0,0.23195,0.22291,0.23195,False,1.683,2976,1536
non_perio_615.tif_0.png,0,0.25241,0.21056,0.25241,False,1.059,2976,1536
non_perio_616.tif_0.png,0,0.41517,0.36142,0.41517,False,12.15,2976,1536
non_perio_617.tif_0.png,0,0.31479,0.21929,0.31479,False,0.61,2976,1536
non_perio_619.tif_0.png,0,0.23885,0.21464,0.23885,False,2.592,2976,1536
non_perio_62.tif_0.png,0,0.09322,0.10597,0.10597,False,4.85,2976,1536
non_perio_620.tif_0.png,0,0.25904,0.22672,0.25904,False,10.591,2976,1536
non_perio_621.tif_0.png,0,0.28751,0.25105,0.28751,False,19.462,2976,1536
non_perio_622.tif_0.png,0,0.36354,0.37945,0.37945,True,19.683,2976,1536
non_perio_623.tif_0.png,0,0.18276,0.10629,0.18276,False,0.0,2976,1536
non_perio_624.tif_0.png,0,0.25733,0.21958,0.25733,False,1.125,2976,1536
non_perio_625.tif_0.png,0,0.32132,0.25763,0.32132,False,5.984,2976,1536
non_perio_63.tif_0.png,0,0.29406,0.25703,0.29406,False,10.449,2976,1536
non_perio_630.tif_0.png,0,0.40543,0.32248,0.40543,False,15.247,2976,1536
non_perio_631.tif_0.png,0,0.25394,0.18285,0.25394,False,0.751,2976,1536
non_perio_632.tif_0.png,0,0.65469,0.58568,0.65469,True,25.847,2976,1536
non_perio_633.tif_0.png,0,0.28304,0.22347,0.28304,False,0.0,2976,1536
non_perio_634.tif_0.png,0,0.41106,0.34448,0.41106,False,17.097,2976,1536
non_perio_635.tif_0.png,0,0.35216,0.21661,0.35216,False,19.649,2976,1536
non_perio_637.tif_0.png,0,0.40123,0.30571,0.40123,False,27.86,2976,1536
non_perio_638.tif_0.png,0,0.25789,0.21529,0.25789,False,0.0,2976,1536
non_perio_639.tif_0.png,0,0.28431,0.29262,0.29262,False,2.79,2976,1536
non_perio_646.tif_0.png,0,0.30057,0.20636,0.30057,False,5.945,2976,1536
non_perio_649.tif_0.png,0,0.24672,0.21322,0.24672,False,5.017,2976,1536
non_perio_65.tif_0.png,0,0.39727,0.3358,0.39727,False,29.576,2976,1536
non_perio_652.tif_0.png,0,0.30474,0.22987,0.30474,False,0.0,2976,1536
non_perio_655.tif_0.png,0,0.27543,0.29469,0.29469,False,6.26,2976,1536
non_perio_656.tif_0.png,0,0.22925,0.203,0.22925,False,0.0,2976,1536
non_perio_657.tif_0.png,0,0.19063,0.1474,0.19063,False,8.092,2976,1536
non_perio_659.tif_0.png,0,0.09937,0.09584,0.09937,False,0.998,2976,1536
non_perio_664.tif_0.png,0,0.13422,0.09625,0.13422,False,0.0,2976,1536
non_perio_667.tif_0.png,0,0.38405,0.30653,0.38405,False,15.75,2976,1536
non_perio_668.tif_0.png,0,0.30948,0.22865,0.30948,False,17.87,2976,1536
non_perio_669.tif_0.png,0,0.47893,0.43779,0.47893,True,18.038,2976,1536
non_perio_67.tif_0.png,0,0.32745,0.3156,0.32745,False,24.351,2976,1536
non_perio_670.tif_0.png,0,0.4044,0.34406,0.4044,False,18.612,2976,1536
non_perio_671.tif_0.png,0,0.32948,0.28338,0.32948,False,20.071,2976,1536
non_perio_674.tif_0.png,0,0.16847,0.1327,0.16847,False,3.345,2976,1536
non_perio_676.tif_0.png,0,0.18873,0.16957,0.18873,False,9.751,2976,1536
non_perio_677.tif_0.png,0,0.14181,0.09895,0.14181,False,0.0,2976,1536
non_perio_678.tif_0.png,0,0.61215,0.58232,0.61215,True,29.786,2976,1536
non_perio_682.tif_0.png,0,0.32316,0.25449,0.32316,False,3.132,2976,1536
non_perio_684.tif_0.png,0,0.27633,0.24031,0.27633,False,15.043,2976,1536
non_perio_686.tif_0.png,0,0.20749,0.19195,0.20749,False,17.264,2976,1536
non_perio_688.tif_0.png,0,0.13061,0.08313,0.13061,False,2.348,2976,1536
non_perio_692.tif_0.png,0,0.23375,0.2039,0.23375,False,3.27,2976,1536
non_perio_693.tif_0.png,0,0.25189,0.23463,0.25189,False,1.315,2976,1536
non_perio_694.tif_0.png,0,0.30034,0.25132,0.30034,False,8.997,2976,1536
non_perio_695.tif_0.png,0,0.22652,0.21418,0.22652,False,2.328,2976,1536
non_perio_696.tif_0.png,0,0.40391,0.27155,0.40391,False,0.759,2976,1536
non_perio_698.tif_0.png,0,0.3002,0.21787,0.3002,False,0.0,2976,1536
non_perio_699.tif_0.png,0,0.30308,0.18589,0.30308,False,6.884,2976,1536
non_perio_7.tif_0.png,0,0.40784,0.38546,0.40784,True,15.685,2976,1536
non_perio_700.tif_0.png,0,0.27074,0.22935,0.27074,False,12.275,2976,1536
non_perio_701.tif_0.png,0,0.33724,0.31674,0.33724,False,7.002,2976,1536
non_perio_703.tif_0.png,0,0.40187,0.37179,0.40187,True,16.776,2976,1536
non_perio_704.tif_0.png,0,0.67299,0.55574,0.67299,True,23.06,2976,1536
non_perio_705.tif_0.png,0,0.37805,0.3749,0.37805,True,23.653,2976,1536
non_perio_706.tif_0.png,0,0.18166,0.15768,0.18166,False,11.231,2976,1536
perio_1803.tif_0.png,1,0.99643,0.99828,0.99828,True,42.748,2976,1536
perio_1805.tif_0.png,1,0.27265,0.28754,0.28754,False,17.075,2976,1536
perio_1806.tif_0.png,1,0.99597,0.99425,0.99597,True,42.817,2976,1536
perio_1807.tif_0.png,1,0.9843,0.97542,0.9843,True,42.376,2976,1536
perio_1808.tif_0.png,1,0.98661,0.9954,0.9954,True,42.886,2976,1536
perio_1809.tif_0.png,1,0.99309,0.99532,0.99532,True,42.821,2976,1536
perio_1810.tif_0.png,1,0.89524,0.92265,0.92265,True,41.858,2976,1536
perio_1811.tif_0.png,1,0.88066,0.90027,0.90027,True,38.648,2976,1536
perio_1812.tif_0.png,1,0.87542,0.84131,0.87542,True,40.503,2976,1536
perio_1813.tif_0.png,1,0.93347,0.94543,0.94543,True,42.132,2976,1536
perio_1817.tif_0.png,1,0.92839,0.94278,0.94278,True,42.781,2976,1536
perio_1818.tif_0.png,1,0.99807,0.99569,0.99807,True,42.882,2976,1536
perio_1819.tif_0.png,1,0.82288,0.7969,0.82288,True,38.037,2976,1536
perio_1820.tif_0.png,1,0.85023,0.74187,0.85023,True,37.123,2976,1536
perio_1821.tif_0.png,1,0.96907,0.98719,0.98719,True,42.439,2976,1536
perio_1822.tif_0.png,1,0.99562,0.99211,0.99562,True,42.822,2976,1536
perio_1824.tif_0.png,1,0.72695,0.78871,0.78871,True,21.138,2976,1536
perio_1825.tif_0.png,1,0.57627,0.63091,0.63091,True,33.605,2976,1536
perio_1826.tif_0.png,1,0.87122,0.87772,0.87772,True,38.306,2976,1536
perio_1827.tif_0.png,1,0.15251,0.13489,0.15251,False,9.692,2976,1536
perio_1828.tif_0.png,1,0.84172,0.77857,0.84172,True,27.973,2976,1536
perio_1829.tif_0.png,1,0.95228,0.95972,0.95972,True,40.711,2976,1536
perio_1830.tif_0.png,1,0.46966,0.43696,0.46966,True,24.369,2976,1536
perio_1833.tif_0.png,1,0.61296,0.75734,0.75734,True,34.672,2976,1536
perio_1834.tif_0.png,1,0.6916,0.84861,0.84861,True,34.707,2976,1536
perio_1835.tif_0.png,1,0.9805,0.98317,0.98317,True,42.791,2976,1536
perio_1836.tif_0.png,1,0.67342,0.66533,0.67342,True,29.856,2976,1536
perio_1837.tif_0.png,1,0.57259,0.52546,0.57259,True,28.655,2976,1536
perio_1839.tif_0.png,1,0.98706,0.98497,0.98706,True,42.833,2976,1536
perio_1841.tif_0.png,1,0.56983,0.50628,0.56983,True,25.168,2976,1536
perio_1842.tif_0.png,1,0.67728,0.85274,0.85274,True,38.249,2976,1536
perio_1843.tif_0.png,1,0.99593,0.99832,0.99832,True,42.817,2976,1536
perio_1844.tif_0.png,1,0.96358,0.99089,0.99089,True,42.713,2976,1536
perio_1845.tif_0.png,1,0.83494,0.79652,0.83494,True,29.365,2976,1536
perio_1846.tif_0.png,1,0.49502,0.41682,0.49502,True,13.552,2976,1536
perio_1847.tif_0.png,1,0.86661,0.85142,0.86661,True,42.654,2976,1536
perio_1849.tif_0.png,1,0.98564,0.99323,0.99323,True,42.823,2976,1536
perio_1850.tif_0.png,1,0.90986,0.94747,0.94747,True,39.192,2976,1536
perio_1851.tif_0.png,1,0.48692,0.47322,0.48692,True,20.467,2976,1536
perio_1852.tif_0.png,1,0.81663,0.82597,0.82597,True,32.711,2976,1536
perio_1853.tif_0.png,1,0.99703,0.99858,0.99858,True,42.789,2976,1536
perio_1854.tif_0.png,1,0.92816,0.85825,0.92816,True,36.476,2976,1536
perio_1855.tif_0.png,1,0.99831,0.99747,0.99831,True,42.686,2976,1536
perio_1856.tif_0.png,1,0.62738,0.62803,0.62803,True,21.829,2976,1536
perio_1859.tif_0.png,1,0.94865,0.97188,0.97188,True,39.667,2976,1536
perio_1860.tif_0.png,1,0.84006,0.87417,0.87417,True,37.088,2976,1536
perio_1861.tif_0.png,1,0.99711,0.99554,0.99711,True,42.681,2976,1536
perio_1862.tif_0.png,1,0.9909,0.99516,0.99516,True,42.68,2976,1536
perio_1863.tif_0.png,1,0.63525,0.56596,0.63525,True,23.68,2976,1536
perio_1865.tif_0.png,1,0.57616,0.47103,0.57616,True,24.878,2976,1536
perio_1866.tif_0.png,1,0.95239,0.9604,0.9604,True,39.344,2976,1536
perio_1867.tif_0.png,1,0.97084,0.97657,0.97657,True,42.333,2976,1536
perio_1869.tif_0.png,1,0.98297,0.9914,0.9914,True,42.892,2976,1536
perio_1871.tif_0.png,1,0.66938,0.76889,0.76889,True,32.123,2976,1536
perio_1872.tif_0.png,1,0.99391,0.9961,0.9961,True,42.681,2976,1536
perio_1873.tif_0.png,1,0.7637,0.80356,0.80356,True,30.201,2976,1536
perio_1874.tif_0.png,1,0.9906,0.99347,0.99347,True,42.732,2976,1536
perio_1875.tif_0.png,1,0.71996,0.74556,0.74556,True,32.275,2976,1536
perio_1876.tif_0.png,1,0.25582,0.27641,0.27641,False,0.94,2976,1536
perio_1877.tif_0.png,1,0.98979,0.98093,0.98979,True,42.668,2976,1536
perio_1879.tif_0.png,1,0.95548,0.95,0.95548,True,40.346,2976,1536
perio_1880.tif_0.png,1,0.62951,0.74977,0.74977,True,37.629,2976,1536
perio_1882.tif_0.png,1,0.32461,0.30547,0.32461,False,21.286,2976,1536
perio_1885.tif_0.png,1,0.81241,0.76622,0.81241,True,27.919,2976,1536
perio_1886.tif_0.png,1,0.99418,0.99823,0.99823,True,42.454,2976,1536
perio_1888.tif_0.png,1,0.69071,0.76529,0.76529,True,40.38,2976,1536
perio_1889.tif_0.png,1,0.98501,0.98611,0.98611,True,42.809,2976,1536
perio_1891.tif_0.png,1,0.9698,0.97583,0.97583,True,42.66,2976,1536
perio_1892.tif_0.png,1,0.68114,0.71488,0.71488,True,42.239,2976,1536
perio_1893.tif_0.png,1,0.98829,0.99054,0.99054,True,42.823,2976,1536
perio_1894.tif_0.png,1,0.9875,0.98468,0.9875,True,42.838,2976,1536
perio_1895.tif_0.png,1,0.99201,0.99414,0.99414,True,42.057,2976,1536
perio_1896.tif_0.png,1,0.99254,0.99467,0.99467,True,42.878,2976,1536
perio_1897.tif_0.png,1,0.7013,0.74678,0.74678,True,35.743,2976,1536
perio_1898.tif_0.png,1,0.99789,0.9973,0.99789,True,42.696,2976,1536
perio_1899.tif_0.png,1,0.98955,0.99025,0.99025,True,42.595,2976,1536
perio_1900.tif_0.png,1,0.70334,0.68346,0.70334,True,31.386,2976,1536
perio_1901.tif_0.png,1,0.95897,0.97733,0.97733,True,42.059,2976,1536
perio_1902.tif_0.png,1,0.93705,0.87418,0.93705,True,40.918,2976,1536
perio_1905.tif_0.png,1,0.99652,0.99177,0.99652,True,42.724,2976,1536
perio_1906.tif_0.png,1,0.99684,0.99676,0.99684,True,42.402,2976,1536
perio_1907.tif_0.png,1,0.99747,0.99819,0.99819,True,42.246,2976,1536
perio_1908.tif_0.png,1,0.99656,0.99433,0.99656,True,42.324,2976,1536
perio_1909.tif_0.png,1,0.96049,0.9429,0.96049,True,42.588,2976,1536
perio_1910.tif_0.png,1,0.99009,0.99428,0.99428,True,42.853,2976,1536
perio_1911.tif_0.png,1,0.58838,0.51818,0.58838,True,30.701,2976,1536
perio_1912.tif_0.png,1,0.81424,0.74394,0.81424,True,41.241,2976,1536
perio_1913.tif_0.png,1,0.99331,0.99523,0.99523,True,42.771,2976,1536
perio_1914.tif_0.png,1,0.98856,0.99767,0.99767,True,42.837,2976,1536
perio_1916.tif_0.png,1,0.97743,0.96347,0.97743,True,42.752,2976,1536
perio_1918.tif_0.png,1,0.96,0.98858,0.98858,True,41.363,2976,1536
perio_1919.tif_0.png,1,0.4128,0.47123,0.47123,True,23.9,2976,1536
perio_1920.tif_0.png,1,0.96334,0.94605,0.96334,True,39.434,2976,1536
perio_1922.tif_0.png,1,0.78472,0.8624,0.8624,True,40.074,2976,1536
perio_1923.tif_0.png,1,0.68008,0.65331,0.68008,True,29.594,2976,1536
perio_1925.tif_0.png,1,0.91967,0.93154,0.93154,True,42.681,2976,1536
perio_1926.tif_0.png,1,0.98594,0.99474,0.99474,True,42.895,2976,1536
perio_1927.tif_0.png,1,0.9194,0.91451,0.9194,True,37.335,2976,1536
perio_1928.tif_0.png,1,0.83168,0.94867,0.94867,True,41.507,2976,1536
perio_1929.tif_0.png,1,0.80906,0.83207,0.83207,True,35.692,2976,1536
perio_1930.tif_0.png,1,0.96828,0.94432,0.96828,True,40.365,2976,1536
perio_1932.tif_0.png,1,0.79081,0.71819,0.79081,True,26.171,2976,1536
perio_1933.tif_0.png,1,0.99269,0.99003,0.99269,True,42.829,2976,1536
perio_1934.tif_0.png,1,0.985,0.98259,0.985,True,42.414,2976,1536
perio_1935.tif_0.png,1,0.85852,0.88881,0.88881,True,39.188,2976,1536
perio_1936.tif_0.png,1,0.99452,0.99387,0.99452,True,42.688,2976,1536
perio_1938.tif_0.png,1,0.99762,0.99754,0.99762,True,42.282,2976,1536
perio_1939.tif_0.png,1,0.92462,0.97186,0.97186,True,42.773,2976,1536
perio_1941.tif_0.png,1,0.83938,0.88948,0.88948,True,40.429,2976,1536
perio_1943.tif_0.png,1,0.82847,0.78771,0.82847,True,35.231,2976,1536
perio_1944.tif_0.png,1,0.94121,0.95576,0.95576,True,41.049,2976,1536
perio_1945.tif_0.png,1,0.98204,0.97701,0.98204,True,42.392,2976,1536
perio_1946.tif_0.png,1,0.89594,0.90939,0.90939,True,41.441,2976,1536
perio_1947.tif_0.png,1,0.91513,0.90572,0.91513,True,40.6,2976,1536
perio_1948.tif_0.png,1,0.98111,0.99363,0.99363,True,42.709,2976,1536
perio_1949.tif_0.png,1,0.73524,0.76715,0.76715,True,30.297,2976,1536
perio_1950.tif_0.png,1,0.55884,0.51211,0.55884,True,27.546,2976,1536
perio_1952.tif_0.png,1,0.39142,0.31958,0.39142,False,21.473,2976,1536
perio_1953.tif_0.png,1,0.99496,0.99576,0.99576,True,42.852,2976,1536
perio_1955.tif_0.png,1,0.99067,0.99544,0.99544,True,42.826,2976,1536
perio_1956.tif_0.png,1,0.78612,0.78451,0.78612,True,36.334,2976,1536
perio_1957.tif_0.png,1,0.99805,0.9985,0.9985,True,42.848,2976,1536
perio_1958.tif_0.png,1,0.99444,0.99596,0.99596,True,42.685,2976,1536
perio_1959.tif_0.png,1,0.99681,0.99562,0.99681,True,42.715,2976,1536
perio_1960.tif_0.png,1,0.99928,0.99909,0.99928,True,42.548,2976,1536
perio_1961.tif_0.png,1,0.99274,0.9941,0.9941,True,42.699,2976,1536
perio_1962.tif_0.png,1,0.80471,0.84713,0.84713,True,36.266,2976,1536
perio_1963.tif_0.png,1,0.98484,0.98133,0.98484,True,42.495,2976,1536
perio_1964.tif_0.png,1,0.99535,0.99607,0.99607,True,42.672,2976,1536
perio_1965.tif_0.png,1,0.94959,0.95513,0.95513,True,42.15,2976,1536
perio_1967.tif_0.png,1,0.99638,0.99596,0.99638,True,42.808,2976,1536
perio_1968.tif_0.png,1,0.99048,0.98921,0.99048,True,42.722,2976,1536
perio_1970.tif_0.png,1,0.97419,0.97217,0.97419,True,42.92,2976,1536
perio_1971.tif_0.png,1,0.86812,0.92004,0.92004,True,37.887,2976,1536
perio_1972.tif_0.png,1,0.86357,0.83909,0.86357,True,39.666,2976,1536
perio_1973.tif_0.png,1,0.96794,0.96096,0.96794,True,42.713,2976,1536
perio_1974.tif_0.png,1,0.83645,0.92824,0.92824,True,38.891,2976,1536
perio_1977.tif_0.png,1,0.70506,0.82551,0.82551,True,36.124,2976,1536
perio_1978.tif_0.png,1,0.99446,0.99608,0.99608,True,42.586,2976,1536
perio_1979.tif_0.png,1,0.72164,0.70202,0.72164,True,34.591,2976,1536
perio_1980.tif_0.png,1,0.9308,0.9236,0.9308,True,41.035,2976,1536
perio_1981.tif_0.png,1,0.69314,0.68739,0.69314,True,29.724,2976,1536
perio_1982.tif_0.png,1,0.95088,0.94435,0.95088,True,40.592,2976,1536
perio_1983.tif_0.png,1,0.86072,0.75446,0.86072,True,37.751,2976,1536
perio_1984.tif_0.png,1,0.79196,0.87958,0.87958,True,37.704,2976,1536
perio_1985.tif_0.png,1,0.97311,0.96561,0.97311,True,40.073,2976,1536
perio_1986.tif_0.png,1,0.99307,0.98749,0.99307,True,42.59,2976,1536
perio_1987.tif_0.png,1,0.97805,0.98612,0.98612,True,42.447,2976,1536
perio_1988.tif_0.png,1,0.96454,0.97589,0.97589,True,41.41,2976,1536
perio_1989.tif_0.png,1,0.9045,0.79735,0.9045,True,39.545,2976,1536
perio_1990.tif_0.png,1,0.99786,0.99789,0.99789,True,42.67,2976,1536
perio_1993.tif_0.png,1,0.9917,0.99532,0.99532,True,42.867,2976,1536
perio_1994.tif_0.png,1,0.99797,0.99705,0.99797,True,42.899,2976,1536
perio_1996.tif_0.png,1,0.98112,0.97572,0.98112,True,42.411,2976,1536
perio_1997.tif_0.png,1,0.85362,0.88612,0.88612,True,35.037,2976,1536
perio_1999.tif_0.png,1,0.96014,0.98658,0.98658,True,42.732,2976,1536
perio_2002.tif_0.png,1,0.79377,0.69576,0.79377,True,33.064,2976,1536
perio_2003.tif_0.png,1,0.48097,0.62266,0.62266,True,38.22,2976,1536
perio_2004.tif_0.png,1,0.99163,0.99841,0.99841,True,42.637,2976,1536
perio_2005.tif_0.png,1,0.98388,0.99113,0.99113,True,42.728,2976,1536
perio_2006.tif_0.png,1,0.94821,0.96443,0.96443,True,41.747,2976,1536
perio_2007.tif_0.png,1,0.98519,0.97667,0.98519,True,42.386,2976,1536
perio_2008.tif_0.png,1,0.43206,0.44447,0.44447,True,9.47,2976,1536
perio_2009.tif_0.png,1,0.97673,0.99606,0.99606,True,42.75,2976,1536
perio_2012.tif_0.png,1,0.99598,0.99632,0.99632,True,42.576,2976,1536
perio_2014.tif_0.png,1,0.95139,0.96373,0.96373,True,42.22,2976,1536
perio_2015.tif_0.png,1,0.4859,0.49982,0.49982,True,18.382,2976,1536
perio_2016.tif_0.png,1,0.98253,0.98807,0.98807,True,42.681,2976,1536
perio_2018.tif_0.png,1,0.62267,0.65367,0.65367,True,35.883,2976,1536
perio_2019.tif_0.png,1,0.99635,0.99713,0.99713,True,42.713,2976,1536
perio_2020.tif_0.png,1,0.27675,0.21299,0.27675,False,13.319,2976,1536
perio_2021.tif_0.png,1,0.70977,0.60163,0.70977,True,27.169,2976,1536
perio_2022.tif_0.png,1,0.47484,0.40937,0.47484,True,31.781,2976,1536
perio_2023.tif_0.png,1,0.6606,0.68265,0.68265,True,39.462,2976,1536
perio_2026.tif_0.png,1,0.94145,0.94439,0.94439,True,38.618,2976,1536
perio_2027.tif_0.png,1,0.99377,0.99501,0.99501,True,42.567,2976,1536
perio_2028.tif_0.png,1,0.99169,0.99481,0.99481,True,42.699,2976,1536
perio_2029.tif_0.png,1,0.54127,0.52517,0.54127,True,28.445,2976,1536
perio_2031.tif_0.png,1,0.79095,0.62505,0.79095,True,36.354,2976,1536
perio_2032.tif_0.png,1,0.98817,0.99223,0.99223,True,42.851,2976,1536
perio_2034.tif_0.png,1,0.93217,0.8906,0.93217,True,33.968,2976,1536
perio_2036.tif_0.png,1,0.65859,0.77371,0.77371,True,32.693,2976,1536
perio_2037.tif_0.png,1,0.9958,0.99442,0.9958,True,42.586,2976,1536
perio_2038.tif_0.png,1,0.6038,0.56007,0.6038,True,26.476,2976,1536
perio_2039.tif_0.png,1,0.69924,0.69674,0.69924,True,37.425,2976,1536
perio_2040.tif_0.png,1,0.64852,0.44112,0.64852,True,23.979,2976,1536
perio_2041.tif_0.png,1,0.7658,0.71358,0.7658,True,42.079,2976,1536
perio_2042.tif_0.png,1,0.32744,0.28116,0.32744,False,13.022,2976,1536
perio_2043.tif_0.png,1,0.99059,0.99465,0.99465,True,42.59,2976,1536
perio_2044.tif_0.png,1,0.90649,0.84407,0.90649,True,38.331,2976,1536
perio_2045.tif_0.png,1,0.67971,0.67478,0.67971,True,34.062,2976,1536
perio_2046.tif_0.png,1,0.99501,0.99613,0.99613,True,42.688,2976,1536
perio_2047.tif_0.png,1,0.94547,0.9729,0.9729,True,42.515,2976,1536
perio_2048.tif_0.png,1,0.60157,0.55956,0.60157,True,21.498,2976,1536
perio_2049.tif_0.png,1,0.91834,0.96403,0.96403,True,38.891,2976,1536
perio_2051.tif_0.png,1,0.73622,0.72526,0.73622,True,38.308,2976,1536
perio_2053.tif_0.png,1,0.98445,0.98803,0.98803,True,42.828,2976,1536
perio_2054.tif_0.png,1,0.98656,0.99088,0.99088,True,41.887,2976,1536
perio_2055.tif_0.png,1,0.97857,0.98704,0.98704,True,42.22,2976,1536
perio_2057.tif_0.png,1,0.97571,0.99184,0.99184,True,42.562,2976,1536
perio_2058.tif_0.png,1,0.88221,0.79226,0.88221,True,37.555,2976,1536
perio_2059.tif_0.png,1,0.98604,0.98091,0.98604,True,42.281,2976,1536
perio_2060.tif_0.png,1,0.99581,0.99601,0.99601,True,42.708,2976,1536
perio_2061.tif_0.png,1,0.88919,0.90945,0.90945,True,38.727,2976,1536
perio_2062.tif_0.png,1,0.98697,0.98748,0.98748,True,42.603,2976,1536
perio_2063.tif_0.png,1,0.85354,0.93241,0.93241,True,39.213,2976,1536
perio_2064.tif_0.png,1,0.71684,0.84154,0.84154,True,28.971,2976,1536
perio_2065.tif_0.png,1,0.70659,0.54959,0.70659,True,33.062,2976,1536
perio_2066.tif_0.png,1,0.70731,0.83209,0.83209,True,35.013,2976,1536
perio_2067.tif_0.png,1,0.72176,0.86559,0.86559,True,42.272,2976,1536
perio_2068.tif_0.png,1,0.99313,0.98832,0.99313,True,42.866,2976,1536
perio_2070.tif_0.png,1,0.75427,0.72737,0.75427,True,34.623,2976,1536
perio_2073.tif_0.png,1,0.18346,0.20673,0.20673,False,24.204,2976,1536
perio_2075.tif_0.png,1,0.96857,0.96981,0.96981,True,40.956,2976,1536
perio_2076.tif_0.png,1,0.83291,0.74467,0.83291,True,40.547,2976,1536
perio_2077.tif_0.png,1,0.41672,0.55865,0.55865,True,36.255,2976,1536
perio_2078.tif_0.png,1,0.91867,0.92667,0.92667,True,40.341,2976,1536
perio_2079.tif_0.png,1,0.95444,0.97569,0.97569,True,41.687,2976,1536
perio_2080.tif_0.png,1,0.99437,0.9904,0.99437,True,42.917,2976,1536
perio_2081.tif_0.png,1,0.99369,0.99316,0.99369,True,42.862,2976,1536
perio_2082.tif_0.png,1,0.91058,0.89871,0.91058,True,40.057,2976,1536
perio_2083.tif_0.png,1,0.99381,0.99643,0.99643,True,42.663,2976,1536
perio_2084.tif_0.png,1,0.98155,0.9833,0.9833,True,42.916,2976,1536
perio_2085.tif_0.png,1,0.37237,0.30338,0.37237,False,19.954,2976,1536
perio_2086.tif_0.png,1,0.81229,0.74966,0.81229,True,33.972,2976,1536
perio_2087.tif_0.png,1,0.98903,0.99421,0.99421,True,42.777,2976,1536
perio_2088.tif_0.png,1,0.99391,0.99761,0.99761,True,42.775,2976,1536
perio_2089.tif_0.png,1,0.94229,0.93579,0.94229,True,42.166,2976,1536
perio_2090.tif_0.png,1,0.96964,0.96866,0.96964,True,42.569,2976,1536
perio_2091.tif_0.png,1,0.96318,0.96774,0.96774,True,42.825,2976,1536
perio_2092.tif_0.png,1,0.98838,0.98936,0.98936,True,42.808,2976,1536
perio_2094.tif_0.png,1,0.99266,0.98924,0.99266,True,42.791,2976,1536
perio_2095.tif_0.png,1,0.96413,0.94097,0.96413,True,41.785,2976,1536
perio_2096.tif_0.png,1,0.81148,0.79305,0.81148,True,39.39,2976,1536
perio_2097.tif_0.png,1,0.49022,0.46658,0.49022,True,25.555,2976,1536
perio_2099.tif_0.png,1,0.91766,0.91827,0.91827,True,40.482,2976,1536
perio_2102.tif_0.png,1,0.99357,0.99145,0.99357,True,42.641,2976,1536
perio_2103.tif_0.png,1,0.87809,0.85436,0.87809,True,39.554,2976,1536
perio_2104.tif_0.png,1,0.74779,0.64709,0.74779,True,35.966,2976,1536
perio_2105.tif_0.png,1,0.7544,0.76505,0.76505,True,39.457,2976,1536
perio_2108.tif_0.png,1,0.99587,0.99762,0.99762,True,42.89,2976,1536
perio_2109.tif_0.png,1,0.95745,0.98379,0.98379,True,42.33,2976,1536
perio_2110.tif_0.png,1,0.79657,0.70276,0.79657,True,37.409,2976,1536
perio_2111.tif_0.png,1,0.99729,0.99637,0.99729,True,42.805,2976,1536
perio_2112.tif_0.png,1,0.75488,0.69194,0.75488,True,40.838,2976,1536
perio_2113.tif_0.png,1,0.74157,0.84769,0.84769,True,41.958,2976,1536
perio_2114.tif_0.png,1,0.98733,0.97032,0.98733,True,40.602,2976,1536
perio_2115.tif_0.png,1,0.61591,0.53577,0.61591,True,32.211,2976,1536
perio_2116.tif_0.png,1,0.96931,0.97894,0.97894,True,42.578,2976,1536
perio_2117.tif_0.png,1,0.36928,0.30962,0.36928,False,13.47,2976,1536
perio_2118.tif_0.png,1,0.4802,0.35119,0.4802,False,15.019,2976,1536
perio_2119.tif_0.png,1,0.98946,0.99132,0.99132,True,42.831,2976,1536
perio_2120.tif_0.png,1,0.99623,0.99654,0.99654,True,42.872,2976,1536
perio_2121.tif_0.png,1,0.58154,0.50026,0.58154,True,33.454,2976,1536
perio_2122.tif_0.png,1,0.99803,0.99668,0.99803,True,42.405,2976,1536
perio_2123.tif_0.png,1,0.99615,0.99539,0.99615,True,42.707,2976,1536
perio_2124.tif_0.png,1,0.54882,0.50679,0.54882,True,29.595,2976,1536
perio_2125.tif_0.png,1,0.81732,0.78468,0.81732,True,34.499,2976,1536
perio_2126.tif_0.png,1,0.99249,0.99304,0.99304,True,42.774,2976,1536
perio_2127.tif_0.png,1,0.94725,0.93147,0.94725,True,34.322,2976,1536
perio_2129.tif_0.png,1,0.38028,0.36176,0.38028,False,12.334,2976,1536
perio_2130.tif_0.png,1,0.62237,0.64045,0.64045,True,38.06,2976,1536
perio_2131.tif_0.png,1,0.67141,0.69188,0.69188,True,32.83,2976,1536
perio_2132.tif_0.png,1,0.99599,0.99711,0.99711,True,42.789,2976,1536
perio_2133.tif_0.png,1,0.96729,0.97898,0.97898,True,41.418,2976,1536
perio_2135.tif_0.png,1,0.73967,0.8259,0.8259,True,41.392,2976,1536
perio_2136.tif_0.png,1,0.90643,0.91409,0.91409,True,40.313,2976,1536
perio_2137.tif_0.png,1,0.99053,0.99267,0.99267,True,42.866,2976,1536
perio_2138.tif_0.png,1,0.37511,0.3058,0.37511,False,24.428,2976,1536
perio_2139.tif_0.png,1,0.84997,0.87392,0.87392,True,35.378,2976,1536
perio_2140.tif_0.png,1,0.73594,0.66305,0.73594,True,34.357,2976,1536
perio_2141.tif_0.png,1,0.82675,0.68967,0.82675,True,35.978,2976,1536
perio_2142.tif_0.png,1,0.93609,0.96767,0.96767,True,40.878,2976,1536
perio_2143.tif_0.png,1,0.30413,0.22025,0.30413,False,18.087,2976,1536
perio_2144.tif_0.png,1,0.92784,0.98252,0.98252,True,40.089,2976,1536
perio_2145.tif_0.png,1,0.81897,0.86985,0.86985,True,40.116,2976,1536
perio_2146.tif_0.png,1,0.60422,0.57173,0.60422,True,24.46,2976,1536
perio_2147.tif_0.png,1,0.97789,0.98709,0.98709,True,41.936,2976,1536
perio_2148.tif_0.png,1,0.35389,0.30349,0.35389,False,13.865,2976,1536
perio_2149.tif_0.png,1,0.30863,0.24836,0.30863,False,13.669,2976,1536
perio_2150.tif_0.png,1,0.3205,0.30715,0.3205,False,27.632,2976,1536
perio_2151.tif_0.png,1,0.92906,0.92838,0.92906,True,41.339,2976,1536
perio_2152.tif_0.png,1,0.78669,0.88688,0.88688,True,41.979,2976,1536
perio_2153.tif_0.png,1,0.95331,0.97583,0.97583,True,42.781,2976,1536
perio_2154.tif_0.png,1,0.70026,0.76983,0.76983,True,37.336,2976,1536
perio_2155.tif_0.png,1,0.89638,0.9096,0.9096,True,39.391,2976,1536
perio_2157.tif_0.png,1,0.76986,0.68724,0.76986,True,39.556,2976,1536
perio_2159.tif_0.png,1,0.99235,0.97976,0.99235,True,42.741,2976,1536
perio_2160.tif_0.png,1,0.62054,0.46526,0.62054,True,37.145,2976,1536
perio_2161.tif_0.png,1,0.8929,0.91908,0.91908,True,34.617,2976,1536
perio_2162.tif_0.png,1,0.40917,0.36706,0.40917,False,33.898,2976,1536
perio_2164.tif_0.png,1,0.98493,0.98762,0.98762,True,42.505,2976,1536
perio_2165.tif_0.png,1,0.91212,0.90721,0.91212,True,36.606,2976,1536
perio_2166.tif_0.png,1,0.99257,0.99362,0.99362,True,42.803,2976,1536
perio_2167.tif_0.png,1,0.99305,0.99513,0.99513,True,42.836,2976,1536
perio_2168.tif_0.png,1,0.98701,0.99598,0.99598,True,42.631,2976,1536
perio_2169.tif_0.png,1,0.74608,0.7473,0.7473,True,30.958,2976,1536
perio_2170.tif_0.png,1,0.82793,0.8922,0.8922,True,38.261,2976,1536
perio_2171.tif_0.png,1,0.86467,0.90082,0.90082,True,41.647,2976,1536
perio_2172.tif_0.png,1,0.3279,0.341,0.341,False,9.874,2976,1536
perio_2173.tif_0.png,1,0.88676,0.88872,0.88872,True,39.529,2976,1536
perio_2174.tif_0.png,1,0.53569,0.53404,0.53569,True,27.121,2976,1536
perio_2175.tif_0.png,1,0.97519,0.9747,0.97519,True,42.577,2976,1536
perio_2176.tif_0.png,1,0.47032,0.5826,0.5826,True,32.747,2976,1536
perio_2178.tif_0.png,1,0.99784,0.99648,0.99784,True,42.661,2976,1536
perio_2179.tif_0.png,1,0.53539,0.38838,0.53539,True,31.25,2976,1536
perio_2180.tif_0.png,1,0.95767,0.98278,0.98278,True,42.089,2976,1536
perio_2181.tif_0.png,1,0.98228,0.9917,0.9917,True,42.547,2976,1536
perio_2182.tif_0.png,1,0.99657,0.99763,0.99763,True,42.683,2976,1536
perio_2183.tif_0.png,1,0.7115,0.62049,0.7115,True,34.068,2976,1536
perio_2184.tif_0.png,1,0.65552,0.66687,0.66687,True,36.394,2976,1536
perio_2186.tif_0.png,1,0.52126,0.43336,0.52126,True,17.458,2976,1536
perio_2187.tif_0.png,1,0.95371,0.97674,0.97674,True,42.816,2976,1536
perio_2188.tif_0.png,1,0.98196,0.98996,0.98996,True,42.79,2976,1536
perio_2189.tif_0.png,1,0.27324,0.20242,0.27324,False,25.308,2976,1536
perio_2192.tif_0.png,1,0.9691,0.97077,0.97077,True,42.765,2976,1536
perio_2193.tif_0.png,1,0.66452,0.64233,0.66452,True,29.085,2976,1536
perio_2194.tif_0.png,1,0.97793,0.97475,0.97793,True,42.865,2976,1536
perio_2195.tif_0.png,1,0.92252,0.91977,0.92252,True,40.883,2976,1536
perio_2196.tif_0.png,1,0.9113,0.93103,0.93103,True,42.794,2976,1536
perio_2197.tif_0.png,1,0.97608,0.97198,0.97608,True,41.234,2976,1536
perio_2199.tif_0.png,1,0.76633,0.7747,0.7747,True,33.284,2976,1536
perio_2201.tif_0.png,1,0.35808,0.30829,0.35808,False,21.996,2976,1536
perio_2202.tif_0.png,1,0.93221,0.98652,0.98652,True,42.61,2976,1536
perio_2203.tif_0.png,1,0.39139,0.34214,0.39139,False,23.534,2976,1536
perio_2205.tif_0.png,1,0.99655,0.99601,0.99655,True,42.867,2976,1536
perio_2206.tif_0.png,1,0.76154,0.73686,0.76154,True,32.518,2976,1536
perio_2207.tif_0.png,1,0.97437,0.98725,0.98725,True,42.754,2976,1536
perio_2208.tif_0.png,1,0.97988,0.98707,0.98707,True,42.778,2976,1536
perio_2209.tif_0.png,1,0.77277,0.69882,0.77277,True,38.314,2976,1536
perio_2210.tif_0.png,1,0.70338,0.7073,0.7073,True,34.026,2976,1536
perio_2211.tif_0.png,1,0.99469,0.99555,0.99555,True,42.723,2976,1536
perio_2212.tif_0.png,1,0.34675,0.36945,0.36945,False,26.033,2976,1536
perio_2213.tif_0.png,1,0.83207,0.91097,0.91097,True,37.979,2976,1536
perio_2214.tif_0.png,1,0.9859,0.97848,0.9859,True,41.404,2976,1536
perio_2215.tif_0.png,1,0.75518,0.74821,0.75518,True,34.123,2976,1536
perio_2216.tif_0.png,1,0.99556,0.9951,0.99556,True,42.603,2976,1536
perio_2217.tif_0.png,1,0.80247,0.79009,0.80247,True,36.466,2976,1536
perio_2218.tif_0.png,1,0.98505,0.98667,0.98667,True,42.878,2976,1536
perio_2219.tif_0.png,1,0.99216,0.99203,0.99216,True,42.444,2976,1536
perio_2220.tif_0.png,1,0.97424,0.97242,0.97424,True,41.911,2976,1536
perio_2221.tif_0.png,1,0.3914,0.34687,0.3914,False,15.782,2976,1536
perio_2222.tif_0.png,1,0.98855,0.98096,0.98855,True,42.718,2976,1536
perio_2223.tif_0.png,1,0.81505,0.81079,0.81505,True,35.314,2976,1536
perio_2369.tif_0.png,1,0.99702,0.99722,0.99722,True,42.466,2976,1536
perio_2370.tif_0.png,1,0.96852,0.9662,0.96852,True,42.384,2976,1536
perio_2371.tif_0.png,1,0.72189,0.69946,0.72189,True,31.387,2976,1536
perio_2372.tif_0.png,1,0.79393,0.78351,0.79393,True,37.621,2976,1536
perio_2396.tif_0.png,1,0.99183,0.98984,0.99183,True,42.766,2976,1536
perio_2397.tif_0.png,1,0.97863,0.97228,0.97863,True,37.641,2976,1536
perio_2398.tif_0.png,1,0.97732,0.98461,0.98461,True,42.817,2976,1536
perio_2399.tif_0.png,1,0.39751,0.36557,0.39751,False,20.133,2976,1536
perio_2400.tif_0.png,1,0.99043,0.99236,0.99236,True,42.658,2976,1536
perio_2401.tif_0.png,1,0.93245,0.95551,0.95551,True,38.655,2976,1536
perio_2402.tif_0.png,1,0.99149,0.99464,0.99464,True,42.732,2976,1536
perio_2403.tif_0.png,1,0.97215,0.96414,0.97215,True,42.611,2976,1536
perio_2404.tif_0.png,1,0.99285,0.99175,0.99285,True,42.818,2976,1536
perio_2406.tif_0.png,1,0.69967,0.78998,0.78998,True,39.151,2976,1536
perio_2407.tif_0.png,1,0.98874,0.99072,0.99072,True,42.796,2976,1536
perio_2408.tif_0.png,1,0.99145,0.9897,0.99145,True,42.315,2976,1536
perio_2409.tif_0.png,1,0.99633,0.9936,0.99633,True,42.82,2976,1536
perio_2410.tif_0.png,1,0.96533,0.94596,0.96533,True,42.601,2976,1536
perio_2411.tif_0.png,1,0.99041,0.99048,0.99048,True,42.393,2976,1536
perio_2412.tif_0.png,1,0.75877,0.76043,0.76043,True,36.05,2976,1536
perio_2413.tif_0.png,1,0.96386,0.97128,0.97128,True,35.411,2976,1536
perio_2414.tif_0.png,1,0.94225,0.95458,0.95458,True,42.369,2976,1536
perio_2415.tif_0.png,1,0.98654,0.9949,0.9949,True,42.704,2976,1536
perio_2417.tif_0.png,1,0.98217,0.98252,0.98252,True,32.269,2976,1536
perio_2422.tif_0.png,1,0.99394,0.99418,0.99418,True,42.677,2976,1536
perio_2423.tif_0.png,1,0.96714,0.97546,0.97546,True,42.606,2976,1536
perio_2424.tif_0.png,1,0.4667,0.47324,0.47324,True,22.32,2976,1536
perio_2425.tif_0.png,1,0.99555,0.99561,0.99561,True,42.808,2976,1536
perio_2428.tif_0.png,1,0.63363,0.69,0.69,True,32.169,2976,1536
perio_2429.tif_0.png,1,0.43283,0.51263,0.51263,True,33.276,2976,1536
perio_2430.tif_0.png,1,0.99361,0.99494,0.99494,True,42.539,2976,1536
perio_2431.tif_0.png,1,0.31368,0.27492,0.31368,False,0.681,2976,1536
perio_2433.tif_0.png,1,0.94574,0.96754,0.96754,True,41.43,2976,1536
perio_2434.tif_0.png,1,0.84201,0.79065,0.84201,True,40.827,2976,1536
perio_2435.tif_0.png,1,0.98799,0.99512,0.99512,True,42.881,2976,1536
perio_2436.tif_0.png,1,0.97984,0.99186,0.99186,True,41.975,2976,1536
perio_2437.tif_0.png,1,0.98322,0.97552,0.98322,True,42.878,2976,1536
perio_2438.tif_0.png,1,0.87153,0.83864,0.87153,True,38.268,2976,1536
perio_2439.tif_0.png,1,0.99756,0.99558,0.99756,True,42.769,2976,1536
perio_2440.tif_0.png,1,0.97309,0.98433,0.98433,True,42.792,2976,1536
perio_2442.tif_0.png,1,0.90088,0.93673,0.93673,True,41.108,2976,1536
perio_2443.tif_0.png,1,0.35993,0.31046,0.35993,False,9.468,2976,1536
perio_2444.tif_0.png,1,0.82925,0.92733,0.92733,True,41.797,2976,1536
perio_2445.tif_0.png,1,0.98045,0.98101,0.98101,True,42.814,2976,1536
perio_2446.tif_0.png,1,0.94878,0.92646,0.94878,True,41.615,2976,1536
perio_2447.tif_0.png,1,0.75748,0.72154,0.75748,True,31.681,2976,1536
perio_2448.tif_0.png,1,0.98648,0.97997,0.98648,True,42.873,2976,1536
perio_2449.tif_0.png,1,0.79335,0.82644,0.82644,True,42.199,2976,1536
perio_2450.tif_0.png,1,0.34661,0.27968,0.34661,False,22.761,2976,1536
perio_2451.tif_0.png,1,0.98246,0.9899,0.9899,True,42.864,2976,1536
perio_2452.tif_0.png,1,0.82515,0.74925,0.82515,True,35.129,2976,1536
perio_2454.tif_0.png,1,0.63726,0.70851,0.70851,True,37.742,2976,1536
perio_2455.tif_0.png,1,0.95506,0.97895,0.97895,True,42.873,2976,1536
perio_2456.tif_0.png,1,0.9367,0.86689,0.9367,True,41.543,2976,1536
perio_2457.tif_0.png,1,0.98255,0.97091,0.98255,True,42.943,2976,1536
perio_2458.tif_0.png,1,0.98695,0.97424,0.98695,True,42.833,2976,1536
perio_2459.tif_0.png,1,0.97685,0.99235,0.99235,True,40.884,2976,1536
perio_2460.tif_0.png,1,0.98912,0.97916,0.98912,True,42.521,2976,1536
perio_2461.tif_0.png,1,0.99041,0.98913,0.99041,True,42.717,2976,1536
perio_2462.tif_0.png,1,0.86097,0.90674,0.90674,True,35.745,2976,1536
perio_2464.tif_0.png,1,0.98854,0.99177,0.99177,True,42.747,2976,1536
perio_2465.tif_0.png,1,0.99457,0.99319,0.99457,True,42.831,2976,1536
perio_2466.tif_0.png,1,0.45389,0.45546,0.45546,True,30.883,2976,1536
perio_2467.tif_0.png,1,0.95632,0.94192,0.95632,True,42.728,2976,1536
perio_2468.tif_0.png,1,0.9536,0.9313,0.9536,True,40.342,2976,1536
perio_2470.tif_0.png,1,0.7256,0.56291,0.7256,True,37.075,2976,1536
perio_2471.tif_0.png,1,0.42257,0.38448,0.42257,True,11.706,2976,1536
perio_2473.tif_0.png,1,0.41342,0.44453,0.44453,True,9.506,2976,1536
perio_2475.tif_0.png,1,0.93908,0.94746,0.94746,True,42.299,2976,1536
perio_2480.tif_0.png,1,0.64934,0.69577,0.69577,True,24.458,2976,1536
perio_2482.tif_0.png,1,0.98018,0.98071,0.98071,True,41.734,2976,1536
perio_2484.tif_0.png,1,0.95731,0.9804,0.9804,True,41.829,2976,1536
perio_2485.tif_0.png,1,0.61097,0.50882,0.61097,True,28.838,2976,1536
perio_2487.tif_0.png,1,0.98579,0.98712,0.98712,True,42.751,2976,1536
perio_2489.tif_0.png,1,0.52436,0.52703,0.52703,True,19.257,2976,1536
perio_2490.tif_0.png,1,0.98017,0.98898,0.98898,True,42.599,2976,1536
perio_2491.tif_0.png,1,0.84263,0.80386,0.84263,True,31.465,2976,1536
perio_2493.tif_0.png,1,0.94743,0.98239,0.98239,True,42.533,2976,1536
perio_2494.tif_0.png,1,0.9217,0.89347,0.9217,True,39.609,2976,1536
perio_2495.tif_0.png,1,0.99747,0.99515,0.99747,True,42.768,2976,1536
perio_2497.tif_0.png,1,0.54714,0.45119,0.54714,True,28.125,2976,1536
perio_2498.tif_0.png,1,0.78026,0.7242,0.78026,True,31.663,2976,1536
perio_2499.tif_0.png,1,0.99591,0.99336,0.99591,True,42.565,2976,1536
perio_2500.tif_0.png,1,0.30783,0.30066,0.30783,False,13.793,2976,1536
perio_2502.tif_0.png,1,0.6012,0.60731,0.60731,True,32.528,2976,1536
perio_2504.tif_0.png,1,0.87565,0.8699,0.87565,True,38.25,2976,1536
perio_2505.tif_0.png,1,0.96685,0.94093,0.96685,True,42.272,2976,1536
perio_2507.tif_0.png,1,0.96377,0.958,0.96377,True,40.348,2976,1536
perio_2508.tif_0.png,1,0.99627,0.99507,0.99627,True,42.86,2976,1536
perio_2510.tif_0.png,1,0.95257,0.97189,0.97189,True,41.596,2976,1536
perio_2511.tif_0.png,1,0.99745,0.9977,0.9977,True,42.309,2976,1536
perio_2512.tif_0.png,1,0.55938,0.6708,0.6708,True,30.116,2976,1536
perio_2514.tif_0.png,1,0.32908,0.31681,0.32908,False,7.857,2976,1536
perio_2516.tif_0.png,1,0.63218,0.60876,0.63218,True,27.716,2976,1536
perio_2517.tif_0.png,1,0.72443,0.71012,0.72443,True,37.032,2976,1536
perio_2518.tif_0.png,1,0.99688,0.99718,0.99718,True,42.791,2976,1536
perio_2519.tif_0.png,1,0.93606,0.90726,0.93606,True,39.416,2976,1536
perio_2520.tif_0.png,1,0.97792,0.9616,0.97792,True,42.689,2976,1536
perio_2521.tif_0.png,1,0.91752,0.94993,0.94993,True,42.504,2976,1536
perio_2522.tif_0.png,1,0.89949,0.81583,0.89949,True,37.211,2976,1536
perio_2526.tif_0.png,1,0.97877,0.99246,0.99246,True,42.817,2976,1536
perio_2527.tif_0.png,1,0.98002,0.99112,0.99112,True,42.445,2976,1536
perio_2528.tif_0.png,1,0.99347,0.989,0.99347,True,42.806,2976,1536
perio_2529.tif_0.png,1,0.98419,0.98959,0.98959,True,42.745,2976,1536
perio_2530.tif_0.png,1,0.9753,0.95991,0.9753,True,42.671,2976,1536
perio_2531.tif_0.png,1,0.96039,0.95082,0.96039,True,42.313,2976,1536
perio_2532.tif_0.png,1,0.62046,0.56181,0.62046,True,13.536,2976,1536
perio_2534.tif_0.png,1,0.92352,0.97555,0.97555,True,40.863,2976,1536
perio_2536.tif_0.png,1,0.43729,0.38821,0.43729,True,11.746,2976,1536
perio_2538.tif_0.png,1,0.28455,0.24031,0.28455,False,9.996,2976,1536
perio_2539.tif_0.png,1,0.99666,0.99628,0.99666,True,42.594,2976,1536
perio_2540.tif_0.png,1,0.97131,0.98114,0.98114,True,42.692,2976,1536
perio_2541.tif_0.png,1,0.79799,0.80777,0.80777,True,40.162,2976,1536
perio_2542.tif_0.png,1,0.99608,0.99486,0.99608,True,42.783,2976,1536
perio_2545.tif_0.png,1,0.89095,0.94078,0.94078,True,33.609,2976,1536
perio_2546.tif_0.png,1,0.46852,0.51269,0.51269,True,26.851,2976,1536
perio_2548.tif_0.png,1,0.99163,0.98878,0.99163,True,42.672,2976,1536
perio_2549.tif_0.png,1,0.96107,0.96631,0.96631,True,41.902,2976,1536
perio_2553.tif_0.png,1,0.81678,0.77505,0.81678,True,34.676,2976,1536
perio_2554.tif_0.png,1,0.98913,0.98703,0.98913,True,42.752,2976,1536
perio_2556.tif_0.png,1,0.98011,0.97249,0.98011,True,42.609,2976,1536
perio_2557.tif_0.png,1,0.60018,0.68922,0.68922,True,33.3,2976,1536
perio_2559.tif_0.png,1,0.52369,0.43022,0.52369,True,9.883,2976,1536
perio_2560.tif_0.png,1,0.95818,0.94644,0.95818,True,41.367,2976,1536
perio_2561.tif_0.png,1,0.71981,0.71492,0.71981,True,29.486,2976,1536
perio_2564.tif_0.png,1,0.89237,0.82431,0.89237,True,38.672,2976,1536
perio_2569.tif_0.png,1,0.99901,0.99836,0.99901,True,42.573,2976,1536
perio_2590.tif_0.png,1,0.58219,0.51932,0.58219,True,41.516,2976,1536
perio_2591.tif_0.png,1,0.98136,0.96643,0.98136,True,42.667,2976,1536
perio_2592.tif_0.png,1,0.99582,0.99759,0.99759,True,42.862,2976,1536
perio_2593.tif_0.png,1,0.99479,0.99218,0.99479,True,42.846,2976,1536
perio_2594.tif_0.png,1,0.82238,0.8928,0.8928,True,36.27,2976,1536
perio_2596.tif_0.png,1,0.9174,0.89857,0.9174,True,39.119,2976,1536
perio_2597.tif_0.png,1,0.96772,0.97385,0.97385,True,42.708,2976,1536
perio_2598.tif_0.png,1,0.98972,0.99641,0.99641,True,42.634,2976,1536
perio_2599.tif_0.png,1,0.85457,0.8894,0.8894,True,37.609,2976,1536
perio_2600.tif_0.png,1,0.99657,0.99441,0.99657,True,42.801,2976,1536
perio_2601.tif_0.png,1,0.68431,0.56598,0.68431,True,31.892,2976,1536
perio_2602.tif_0.png,1,0.96655,0.949,0.96655,True,42.24,2976,1536
perio_2603.tif_0.png,1,0.97511,0.98311,0.98311,True,41.041,2976,1536
perio_2604.tif_0.png,1,0.94319,0.94899,0.94899,True,42.365,2976,1536
perio_2605.tif_0.png,1,0.96992,0.94001,0.96992,True,42.685,2976,1536
perio_2606.tif_0.png,1,0.99727,0.99532,0.99727,True,42.756,2976,1536
perio_2607.tif_0.png,1,0.87998,0.78757,0.87998,True,35.548,2976,1536
perio_2608.tif_0.png,1,0.89247,0.89815,0.89815,True,37.662,2976,1536
perio_2609.tif_0.png,1,0.96635,0.96554,0.96635,True,42.823,2976,1536
perio_2610.tif_0.png,1,0.9906,0.99287,0.99287,True,42.464,2976,1536
perio_2613.tif_0.png,1,0.98996,0.99159,0.99159,True,42.829,2976,1536
perio_2615.tif_0.png,1,0.83542,0.8657,0.8657,True,41.554,2976,1536
perio_2616.tif_0.png,1,0.78008,0.87664,0.87664,True,30.251,2976,1536
perio_2617.tif_0.png,1,0.89521,0.86895,0.89521,True,38.991,2976,1536
perio_2618.tif_0.png,1,0.91037,0.96804,0.96804,True,42.304,2976,1536
perio_2619.tif_0.png,1,0.99066,0.99461,0.99461,True,42.86,2976,1536
perio_2620.tif_0.png,1,0.94599,0.96574,0.96574,True,42.158,2976,1536
perio_2621.tif_0.png,1,0.99725,0.99688,0.99725,True,42.838,2976,1536
perio_2622.tif_0.png,1,0.99565,0.99604,0.99604,True,42.905,2976,1536
perio_2623.tif_0.png,1,0.71992,0.6818,0.71992,True,38.537,2976,1536
perio_2624.tif_0.png,1,0.99407,0.99306,0.99407,True,42.868,2976,1536
perio_2625.tif_0.png,1,0.97927,0.98488,0.98488,True,38.486,2976,1536
perio_2626.tif_0.png,1,0.98554,0.99215,0.99215,True,42.666,2976,1536
perio_2627.tif_0.png,1,0.90322,0.93523,0.93523,True,40.567,2976,1536
perio_2628.tif_0.png,1,0.94028,0.89709,0.94028,True,37.279,2976,1536
perio_2630.tif_0.png,1,0.96873,0.96615,0.96873,True,41.164,2976,1536
perio_2631.tif_0.png,1,0.97303,0.96976,0.97303,True,40.47,2976,1536
perio_2633.tif_0.png,1,0.20367,0.19599,0.20367,False,2.494,2976,1536
perio_2634.tif_0.png,1,0.30863,0.25243,0.30863,False,18.042,2976,1536
perio_2635.tif_0.png,1,0.23698,0.20687,0.23698,False,14.329,2976,1536
perio_2636.tif_0.png,1,0.49975,0.45239,0.49975,True,23.667,2976,1536
perio_2637.tif_0.png,1,0.99331,0.9894,0.99331,True,42.941,2976,1536
perio_2638.tif_0.png,1,0.99877,0.99912,0.99912,True,42.167,2976,1536
perio_2639.tif_0.png,1,0.88526,0.85461,0.88526,True,40.481,2976,1536
perio_2640.tif_0.png,1,0.74335,0.82337,0.82337,True,31.985,2976,1536
perio_2641.tif_0.png,1,0.74052,0.76184,0.76184,True,40.07,2976,1536
perio_2642.tif_0.png,1,0.99849,0.99775,0.99849,True,42.664,2976,1536
perio_2643.tif_0.png,1,0.99375,0.99566,0.99566,True,42.826,2976,1536
perio_2644.tif_0.png,1,0.99673,0.99717,0.99717,True,42.895,2976,1536
perio_2645.tif_0.png,1,0.39574,0.42457,0.42457,True,28.844,2976,1536
perio_2647.tif_0.png,1,0.73153,0.77837,0.77837,True,34.524,2976,1536
perio_2649.tif_0.png,1,0.99493,0.99641,0.99641,True,42.575,2976,1536
perio_2650.tif_0.png,1,0.99278,0.99469,0.99469,True,42.87,2976,1536
perio_2651.tif_0.png,1,0.98075,0.97237,0.98075,True,42.875,2976,1536
perio_2652.tif_0.png,1,0.4728,0.447,0.4728,True,21.033,2976,1536
perio_2672.tif_0.png,1,0.99708,0.99494,0.99708,True,42.645,2976,1536
perio_2673.tif_0.png,1,0.88925,0.92131,0.92131,True,40.279,2976,1536
perio_2674.tif_0.png,1,0.96937,0.99584,0.99584,True,42.729,2976,1536
perio_2675.tif_0.png,1,0.47665,0.38575,0.47665,True,4.246,2976,1536
perio_2676.tif_0.png,1,0.86847,0.87047,0.87047,True,40.436,2976,1536
perio_2677.tif_0.png,1,0.55594,0.63133,0.63133,True,31.151,2976,1536
perio_2678.tif_0.png,1,0.97946,0.97134,0.97946,True,42.711,2976,1536
perio_2679.tif_0.png,1,0.44267,0.49173,0.49173,True,27.154,2976,1536
perio_2680.tif_0.png,1,0.68575,0.60913,0.68575,True,25.308,2976,1536
perio_2681.tif_0.png,1,0.60481,0.69933,0.69933,True,37.023,2976,1536
perio_2682.tif_0.png,1,0.99279,0.99295,0.99295,True,42.716,2976,1536
perio_2683.tif_0.png,1,0.87613,0.84479,0.87613,True,33.4,2976,1536
perio_2684.tif_0.png,1,0.71841,0.77547,0.77547,True,30.33,2976,1536
perio_2685.tif_0.png,1,0.89964,0.90165,0.90165,True,39.824,2976,1536
perio_2687.tif_0.png,1,0.88742,0.90876,0.90876,True,37.616,2976,1536
perio_2688.tif_0.png,1,0.96605,0.95939,0.96605,True,42.609,2976,1536
perio_2689.tif_0.png,1,0.75503,0.70179,0.75503,True,40.688,2976,1536
perio_2690.tif_0.png,1,0.99523,0.99321,0.99523,True,42.92,2976,1536
perio_2691.tif_0.png,1,0.9975,0.9969,0.9975,True,42.884,2976,1536
perio_2693.tif_0.png,1,0.92803,0.98458,0.98458,True,41.927,2976,1536
perio_2694.tif_0.png,1,0.90504,0.85186,0.90504,True,40.041,2976,1536
perio_2695.tif_0.png,1,0.84235,0.93954,0.93954,True,41.566,2976,1536
perio_2696.tif_0.png,1,0.62965,0.62512,0.62965,True,25.948,2976,1536
perio_2697.tif_0.png,1,0.88917,0.93856,0.93856,True,38.762,2976,1536
perio_2699.tif_0.png,1,0.97503,0.98509,0.98509,True,42.871,2976,1536
perio_2701.tif_0.png,1,0.41394,0.36332,0.41394,False,23.03,2976,1536
perio_2702.tif_0.png,1,0.68534,0.76102,0.76102,True,34.211,2976,1536
perio_2703.tif_0.png,1,0.83656,0.89363,0.89363,True,41.681,2976,1536
perio_2704.tif_0.png,1,0.64042,0.64803,0.64803,True,32.529,2976,1536
perio_2705.tif_0.png,1,0.99308,0.99681,0.99681,True,42.689,2976,1536
perio_2707.tif_0.png,1,0.96431,0.97182,0.97182,True,42.737,2976,1536
perio_2708.tif_0.png,1,0.99316,0.9903,0.99316,True,42.779,2976,1536
perio_2710.tif_0.png,1,0.99424,0.99296,0.99424,True,42.528,2976,1536
perio_2711.tif_0.png,1,0.69469,0.60389,0.69469,True,20.486,2976,1536
perio_2712.tif_0.png,1,0.98392,0.968,0.98392,True,41.999,2976,1536
perio_2713.tif_0.png,1,0.95413,0.94579,0.95413,True,42.928,2976,1536
perio_2714.tif_0.png,1,0.87526,0.95973,0.95973,True,34.76,2976,1536
perio_2715.tif_0.png,1,0.98383,0.98272,0.98383,True,41.347,2976,1536
perio_2716.tif_0.png,1,0.93995,0.95931,0.95931,True,27.671,2976,1536
perio_2717.tif_0.png,1,0.90278,0.90142,0.90278,True,40.756,2976,1536
perio_2719.tif_0.png,1,0.97868,0.97428,0.97868,True,42.904,2976,1536
perio_2720.tif_0.png,1,0.77433,0.73549,0.77433,True,35.724,2976,1536
perio_2721.tif_0.png,1,0.19191,0.14443,0.19191,False,11.631,2976,1536
perio_2722.tif_0.png,1,0.65364,0.64215,0.65364,True,37.66,2976,1536
perio_2723.tif_0.png,1,0.46384,0.46207,0.46384,True,17.973,2976,1536
perio_2724.tif_0.png,1,0.91154,0.90671,0.91154,True,42.135,2976,1536
perio_2725.tif_0.png,1,0.80685,0.75876,0.80685,True,40.904,2976,1536
perio_2726.tif_0.png,1,0.9928,0.98709,0.9928,True,42.839,2976,1536
perio_2727.tif_0.png,1,0.99836,0.9987,0.9987,True,42.424,2976,1536
perio_2728.tif_0.png,1,0.9863,0.99109,0.99109,True,41.929,2976,1536
perio_2729.tif_0.png,1,0.98223,0.97549,0.98223,True,42.35,2976,1536
perio_2730.tif_0.png,1,0.81967,0.7965,0.81967,True,28.579,2976,1536
perio_2731.tif_0.png,1,0.99054,0.99404,0.99404,True,42.211,2976,1536
perio_2732.tif_0.png,1,0.9423,0.96233,0.96233,True,42.141,2976,1536
perio_2733.tif_0.png,1,0.97789,0.99373,0.99373,True,40.184,2976,1536
perio_2734.tif_0.png,1,0.76063,0.75283,0.76063,True,38.863,2976,1536
perio_2735.tif_0.png,1,0.52534,0.59901,0.59901,True,32.033,2976,1536
perio_2736.tif_0.png,1,0.5813,0.43572,0.5813,True,28.196,2976,1536
perio_2737.tif_0.png,1,0.98525,0.97213,0.98525,True,42.499,2976,1536
perio_2738.tif_0.png,1,0.99602,0.98817,0.99602,True,42.822,2976,1536
perio_2739.tif_0.png,1,0.99793,0.99584,0.99793,True,42.923,2976,1536
perio_2740.tif_0.png,1,0.98446,0.99341,0.99341,True,42.839,2976,1536
perio_2741.tif_0.png,1,0.98193,0.95278,0.98193,True,39.947,2976,1536
perio_2742.tif_0.png,1,0.65864,0.60867,0.65864,True,30.73,2976,1536
perio_2743.tif_0.png,1,0.99552,0.99412,0.99552,True,42.844,2976,1536
perio_2744.tif_0.png,1,0.73914,0.70073,0.73914,True,37.601,2976,1536
perio_2745.tif_0.png,1,0.97938,0.98353,0.98353,True,42.914,2976,1536
perio_2746.tif_0.png,1,0.97225,0.96266,0.97225,True,41.165,2976,1536
perio_2747.tif_0.png,1,0.99788,0.99786,0.99788,True,42.606,2976,1536
perio_2748.tif_0.png,1,0.80585,0.75631,0.80585,True,32.303,2976,1536
perio_2749.tif_0.png,1,0.99008,0.98873,0.99008,True,42.737,2976,1536
perio_2750.tif_0.png,1,0.9906,0.98529,0.9906,True,42.735,2976,1536
perio_2751.tif_0.png,1,0.33442,0.29319,0.33442,False,16.332,2976,1536
perio_2753.tif_0.png,1,0.32653,0.32065,0.32653,False,17.928,2976,1536
perio_2754.tif_0.png,1,0.46816,0.35291,0.46816,False,19.585,2976,1536
perio_2755.tif_0.png,1,0.80884,0.80242,0.80884,True,35.703,2976,1536
perio_2756.tif_0.png,1,0.85577,0.83966,0.85577,True,38.679,2976,1536
perio_2757.tif_0.png,1,0.98956,0.98856,0.98956,True,42.799,2976,1536
perio_2758.tif_0.png,1,0.88553,0.88813,0.88813,True,34.904,2976,1536
perio_2759.tif_0.png,1,0.89687,0.895,0.89687,True,34.812,2976,1536
perio_2760.tif_0.png,1,0.81556,0.78411,0.81556,True,38.207,2976,1536
perio_2761.tif_0.png,1,0.9614,0.97409,0.97409,True,41.951,2976,1536
perio_2762.tif_0.png,1,0.47511,0.38762,0.47511,True,25.413,2976,1536
perio_2763.tif_0.png,1,0.70288,0.5597,0.70288,True,25.215,2976,1536
perio_2765.tif_0.png,1,0.68727,0.61279,0.68727,True,31.121,2976,1536
perio_2766.tif_0.png,1,0.9868,0.97321,0.9868,True,42.895,2976,1536
perio_2767.tif_0.png,1,0.77697,0.77366,0.77697,True,36.156,2976,1536
perio_2768.tif_0.png,1,0.87192,0.89196,0.89196,True,37.622,2976,1536
perio_2769.tif_0.png,1,0.99807,0.99761,0.99807,True,42.892,2976,1536
perio_2770.tif_0.png,1,0.57318,0.50755,0.57318,True,30.406,2976,1536
perio_2771.tif_0.png,1,0.99795,0.99781,0.99795,True,42.847,2976,1536
perio_2772.tif_0.png,1,0.91326,0.89219,0.91326,True,39.335,2976,1536
perio_2773.tif_0.png,1,0.94607,0.96216,0.96216,True,41.427,2976,1536
perio_2775.tif_0.png,1,0.86881,0.91611,0.91611,True,40.922,2976,1536
perio_2776.tif_0.png,1,0.97647,0.97364,0.97647,True,42.805,2976,1536
perio_2777.tif_0.png,1,0.77488,0.74169,0.77488,True,35.474,2976,1536
perio_2778.tif_0.png,1,0.5179,0.56005,0.56005,True,32.405,2976,1536
perio_2779.tif_0.png,1,0.98389,0.98475,0.98475,True,42.752,2976,1536
perio_2780.tif_0.png,1,0.79775,0.83349,0.83349,True,35.075,2976,1536
perio_2782.tif_0.png,1,0.95793,0.95329,0.95793,True,42.615,2976,1536
perio_2783.tif_0.png,1,0.7051,0.6123,0.7051,True,13.09,2976,1536
perio_2784.tif_0.png,1,0.91116,0.96116,0.96116,True,39.432,2976,1536
perio_2785.tif_0.png,1,0.97796,0.96644,0.97796,True,37.151,2976,1536
perio_2786.tif_0.png,1,0.99527,0.99627,0.99627,True,42.652,2976,1536
perio_2787.tif_0.png,1,0.99674,0.99686,0.99686,True,42.79,2976,1536
perio_2788.tif_0.png,1,0.98507,0.99287,0.99287,True,42.906,2976,1536
perio_2789.tif_0.png,1,0.98762,0.98197,0.98762,True,42.663,2976,1536
perio_2790.tif_0.png,1,0.30979,0.25651,0.30979,False,17.764,2976,1536
perio_2791.tif_0.png,1,0.89104,0.952,0.952,True,42.685,2976,1536
perio_2792.tif_0.png,1,0.978,0.97818,0.97818,True,42.003,2976,1536
perio_2793.tif_0.png,1,0.69626,0.63898,0.69626,True,28.876,2976,1536
perio_2794.tif_0.png,1,0.99435,0.99606,0.99606,True,42.68,2976,1536
perio_2795.tif_0.png,1,0.99267,0.99381,0.99381,True,42.921,2976,1536
perio_2796.tif_0.png,1,0.99446,0.99676,0.99676,True,42.674,2976,1536
perio_2797.tif_0.png,1,0.99792,0.99633,0.99792,True,42.729,2976,1536
perio_2799.tif_0.png,1,0.98251,0.99586,0.99586,True,42.462,2976,1536
perio_2800.tif_0.png,1,0.97056,0.97568,0.97568,True,42.697,2976,1536
perio_2801.tif_0.png,1,0.98653,0.98872,0.98872,True,42.843,2976,1536
perio_2802.tif_0.png,1,0.42005,0.37045,0.42005,True,21.856,2976,1536
perio_2803.tif_0.png,1,0.99682,0.99616,0.99682,True,42.69,2976,1536
perio_2805.tif_0.png,1,0.39184,0.34101,0.39184,False,25.518,2976,1536
perio_2807.tif_0.png,1,0.4797,0.44304,0.4797,True,31.901,2976,1536
perio_2808.tif_0.png,1,0.88105,0.95967,0.95967,True,40.672,2976,1536
perio_2809.tif_0.png,1,0.99874,0.9971,0.99874,True,42.346,2976,1536
perio_2810.tif_0.png,1,0.94156,0.94502,0.94502,True,42.846,2976,1536
perio_2811.tif_0.png,1,0.98694,0.99553,0.99553,True,42.713,2976,1536
perio_2812.tif_0.png,1,0.81837,0.84634,0.84634,True,39.262,2976,1536
perio_2813.tif_0.png,1,0.69204,0.78967,0.78967,True,34.687,2976,1536
perio_2815.tif_0.png,1,0.78261,0.76379,0.78261,True,34.931,2976,1536
perio_2816.tif_0.png,1,0.89284,0.87477,0.89284,True,40.773,2976,1536
perio_2817.tif_0.png,1,0.65456,0.71888,0.71888,True,31.253,2976,1536
perio_2818.tif_0.png,1,0.4685,0.41394,0.4685,True,8.426,2976,1536
perio_2819.tif_0.png,1,0.99725,0.99404,0.99725,True,42.847,2976,1536
perio_2820.tif_0.png,1,0.41421,0.31864,0.41421,False,15.042,2976,1536
perio_2822.tif_0.png,1,0.92753,0.90852,0.92753,True,42.16,2976,1536
perio_2824.tif_0.png,1,0.78842,0.85035,0.85035,True,41.86,2976,1536
perio_2825.tif_0.png,1,0.23517,0.22694,0.23517,False,15.907,2976,1536
perio_2826.tif_0.png,1,0.46334,0.37724,0.46334,True,27.85,2976,1536
perio_2827.tif_0.png,1,0.90165,0.91047,0.91047,True,39.48,2976,1536
perio_2828.tif_0.png,1,0.25693,0.18015,0.25693,False,1.772,2976,1536
perio_2829.tif_0.png,1,0.979,0.98161,0.98161,True,42.636,2976,1536
perio_2830.tif_0.png,1,0.99832,0.99774,0.99832,True,42.748,2976,1536
perio_2831.tif_0.png,1,0.9659,0.99435,0.99435,True,42.924,2976,1536
perio_2832.tif_0.png,1,0.16298,0.12919,0.16298,False,1.983,2976,1536
perio_2833.tif_0.png,1,0.99793,0.99629,0.99793,True,42.694,2976,1536
perio_2834.tif_0.png,1,0.32105,0.32267,0.32267,False,18.586,2976,1536
perio_2835.tif_0.png,1,0.95444,0.95111,0.95444,True,40.52,2976,1536
perio_2836.tif_0.png,1,0.96549,0.97644,0.97644,True,42.645,2976,1536
perio_2837.tif_0.png,1,0.19046,0.18045,0.19046,False,19.743,2976,1536
perio_2838.tif_0.png,1,0.99104,0.99428,0.99428,True,42.751,2976,1536
perio_2839.tif_0.png,1,0.99724,0.99415,0.99724,True,42.82,2976,1536
perio_2840.tif_0.png,1,0.81528,0.61536,0.81528,True,35.608,2976,1536
perio_2841.tif_0.png,1,0.99858,0.99851,0.99858,True,42.587,2976,1536
perio_2842.tif_0.png,1,0.98551,0.96542,0.98551,True,40.921,2976,1536
perio_2844.tif_0.png,1,0.98726,0.98766,0.98766,True,41.224,2976,1536
perio_2845.tif_0.png,1,0.92994,0.92523,0.92994,True,40.175,2976,1536
perio_2846.tif_0.png,1,0.90027,0.82901,0.90027,True,38.855,2976,1536
perio_2847.tif_0.png,1,0.93306,0.91539,0.93306,True,41.83,2976,1536
perio_2848.tif_0.png,1,0.95367,0.96729,0.96729,True,42.842,2976,1536
perio_2849.tif_0.png,1,0.68412,0.58033,0.68412,True,25.999,2976,1536
perio_2851.tif_0.png,1,0.8666,0.89111,0.89111,True,38.247,2976,1536
perio_2852.tif_0.png,1,0.86814,0.88632,0.88632,True,37.269,2976,1536
perio_2854.tif_0.png,1,0.67095,0.59402,0.67095,True,35.101,2976,1536
perio_2856.tif_0.png,1,0.9906,0.99424,0.99424,True,42.635,2976,1536
perio_2857.tif_0.png,1,0.3802,0.38403,0.38403,True,22.492,2976,1536
perio_2858.tif_0.png,1,0.98328,0.97589,0.98328,True,42.668,2976,1536
perio_2860.tif_0.png,1,0.86512,0.83656,0.86512,True,39.33,2976,1536
perio_2861.tif_0.png,1,0.99263,0.98907,0.99263,True,42.627,2976,1536
perio_2862.tif_0.png,1,0.53155,0.50286,0.53155,True,36.394,2976,1536
perio_2863.tif_0.png,1,0.99362,0.99476,0.99476,True,42.853,2976,1536
perio_2865.tif_0.png,1,0.90809,0.96128,0.96128,True,41.31,2976,1536
perio_2866.tif_0.png,1,0.85005,0.91289,0.91289,True,37.967,2976,1536
perio_2867.tif_0.png,1,0.99647,0.99819,0.99819,True,42.396,2976,1536
perio_2868.tif_0.png,1,0.95086,0.95428,0.95428,True,41.828,2976,1536
perio_2869.tif_0.png,1,0.9719,0.991,0.991,True,42.781,2976,1536
perio_2870.tif_0.png,1,0.43154,0.36203,0.43154,False,26.003,2976,1536
perio_2871.tif_0.png,1,0.46412,0.42233,0.46412,True,33.089,2976,1536
perio_2872.tif_0.png,1,0.9867,0.99523,0.99523,True,42.784,2976,1536
perio_2873.tif_0.png,1,0.45403,0.42074,0.45403,True,20.313,2976,1536
perio_2874.tif_0.png,1,0.9616,0.94712,0.9616,True,41.086,2976,1536
perio_2875.tif_0.png,1,0.99779,0.99817,0.99817,True,42.77,2976,1536
perio_2876.tif_0.png,1,0.52567,0.49019,0.52567,True,20.058,2976,1536
perio_2877.tif_0.png,1,0.99815,0.99788,0.99815,True,42.927,2976,1536
perio_2878.tif_0.png,1,0.99637,0.99291,0.99637,True,42.308,2976,1536
perio_2879.tif_0.png,1,0.98691,0.97905,0.98691,True,42.873,2976,1536
perio_2880.tif_0.png,1,0.99112,0.99059,0.99112,True,42.423,2976,1536
perio_2881.tif_0.png,1,0.982,0.99341,0.99341,True,42.886,2976,1536
perio_2882.tif_0.png,1,0.90987,0.94253,0.94253,True,42.881,2976,1536
perio_2883.tif_0.png,1,0.97712,0.98151,0.98151,True,41.94,2976,1536
perio_2884.tif_0.png,1,0.74474,0.67061,0.74474,True,28.882,2976,1536
perio_2885.tif_0.png,1,0.98862,0.98586,0.98862,True,42.636,2976,1536
perio_2886.tif_0.png,1,0.57525,0.49378,0.57525,True,30.726,2976,1536
perio_2887.tif_0.png,1,0.95967,0.93198,0.95967,True,42.838,2976,1536
perio_2888.tif_0.png,1,0.61724,0.51162,0.61724,True,20.987,2976,1536
perio_2889.tif_0.png,1,0.57684,0.59615,0.59615,True,32.954,2976,1536
perio_2890.tif_0.png,1,0.41068,0.37098,0.41068,True,29.298,2976,1536
perio_2891.tif_0.png,1,0.98636,0.9965,0.9965,True,42.548,2976,1536
perio_2892.tif_0.png,1,0.99686,0.99585,0.99686,True,42.75,2976,1536
perio_2893.tif_0.png,1,0.43788,0.44595,0.44595,True,23.428,2976,1536
perio_2894.tif_0.png,1,0.99393,0.99166,0.99393,True,42.825,2976,1536
perio_2895.tif_0.png,1,0.37912,0.35483,0.37912,False,13.754,2976,1536
perio_2896.tif_0.png,1,0.98095,0.98216,0.98216,True,42.675,2976,1536
perio_2897.tif_0.png,1,0.99609,0.99702,0.99702,True,42.534,2976,1536
perio_2898.tif_0.png,1,0.75163,0.71852,0.75163,True,39.189,2976,1536
perio_2899.tif_0.png,1,0.97265,0.98111,0.98111,True,41.482,2976,1536
perio_2900.tif_0.png,1,0.99873,0.99834,0.99873,True,42.413,2976,1536
perio_2901.tif_0.png,1,0.46436,0.41826,0.46436,True,29.993,2976,1536
perio_2902.tif_0.png,1,0.99702,0.99612,0.99702,True,42.543,2976,1536
perio_2903.tif_0.png,1,0.94324,0.94628,0.94628,True,38.769,2976,1536
perio_2904.tif_0.png,1,0.75959,0.72638,0.75959,True,37.992,2976,1536
perio_2905.tif_0.png,1,0.86368,0.96157,0.96157,True,40.602,2976,1536
perio_2907.tif_0.png,1,0.68745,0.7645,0.7645,True,29.857,2976,1536
perio_2908.tif_0.png,1,0.91418,0.88586,0.91418,True,40.354,2976,1536
perio_2909.tif_0.png,1,0.5113,0.53111,0.53111,True,27.986,2976,1536
perio_2910.tif_0.png,1,0.81482,0.68606,0.81482,True,28.312,2976,1536
perio_2911.tif_0.png,1,0.79259,0.75239,0.79259,True,36.35,2976,1536
perio_2912.tif_0.png,1,0.84731,0.9264,0.9264,True,34.474,2976,1536
perio_2913.tif_0.png,1,0.72552,0.75614,0.75614,True,35.011,2976,1536
perio_2914.tif_0.png,1,0.89577,0.92574,0.92574,True,39.688,2976,1536
perio_2915.tif_0.png,1,0.85334,0.92136,0.92136,True,41.996,2976,1536
perio_2916.tif_0.png,1,0.996,0.99587,0.996,True,42.76,2976,1536
perio_2917.tif_0.png,1,0.9971,0.99644,0.9971,True,42.562,2976,1536
perio_2918.tif_0.png,1,0.99702,0.9981,0.9981,True,42.852,2976,1536
perio_2919.tif_0.png,1,0.71314,0.65337,0.71314,True,29.529,2976,1536
perio_2920.tif_0.png,1,0.99646,0.99767,0.99767,True,42.942,2976,1536
perio_2921.tif_0.png,1,0.99719,0.9976,0.9976,True,42.858,2976,1536
perio_2922.tif_0.png,1,0.99231,0.99567,0.99567,True,42.788,2976,1536
perio_2923.tif_0.png,1,0.99434,0.99361,0.99434,True,42.947,2976,1536
perio_2924.tif_0.png,1,0.99725,0.99863,0.99863,True,42.596,2976,1536
perio_2925.tif_0.png,1,0.99422,0.99575,0.99575,True,42.787,2976,1536
perio_2927.tif_0.png,1,0.89919,0.88996,0.89919,True,40.016,2976,1536
perio_2928.tif_0.png,1,0.97653,0.97469,0.97653,True,39.717,2976,1536
perio_2931.tif_0.png,1,0.77591,0.92826,0.92826,True,41.235,2976,1536
perio_2932.tif_0.png,1,0.485,0.58219,0.58219,True,35.721,2976,1536
perio_2933.tif_0.png,1,0.99574,0.99204,0.99574,True,42.871,2976,1536
perio_2934.tif_0.png,1,0.96073,0.97181,0.97181,True,42.591,2976,1536
perio_2935.tif_0.png,1,0.99787,0.99473,0.99787,True,42.337,2976,1536
perio_2936.tif_0.png,1,0.63071,0.59079,0.63071,True,42.405,2976,1536
perio_2937.tif_0.png,1,0.95464,0.92277,0.95464,True,38.679,2976,1536
perio_2938.tif_0.png,1,0.99178,0.97897,0.99178,True,42.514,2976,1536
perio_2939.tif_0.png,1,0.99443,0.99452,0.99452,True,42.746,2976,1536
perio_2940.tif_0.png,1,0.28674,0.27132,0.28674,False,15.524,2976,1536
perio_2941.tif_0.png,1,0.92166,0.9621,0.9621,True,42.642,2976,1536
perio_2942.tif_0.png,1,0.99341,0.99113,0.99341,True,42.92,2976,1536
perio_2943.tif_0.png,1,0.82772,0.83177,0.83177,True,40.801,2976,1536
perio_2944.tif_0.png,1,0.98144,0.9677,0.98144,True,42.759,2976,1536
perio_2945.tif_0.png,1,0.42568,0.40752,0.42568,True,21.937,2976,1536
perio_2946.tif_0.png,1,0.98242,0.96672,0.98242,True,42.802,2976,1536
perio_2947.tif_0.png,1,0.43852,0.39591,0.43852,True,18.01,2976,1536
perio_2950.tif_0.png,1,0.70126,0.72286,0.72286,True,41.111,2976,1536
perio_2951.tif_0.png,1,0.98962,0.99084,0.99084,True,41.462,2976,1536
perio_2953.tif_0.png,1,0.66394,0.72732,0.72732,True,29.983,2976,1536
perio_2954.tif_0.png,1,0.93174,0.9351,0.9351,True,42.727,2976,1536
perio_2955.tif_0.png,1,0.99049,0.98864,0.99049,True,42.894,2976,1536
perio_2956.tif_0.png,1,0.98726,0.99516,0.99516,True,42.727,2976,1536
perio_2957.tif_0.png,1,0.97903,0.9832,0.9832,True,42.261,2976,1536
perio_2958.tif_0.png,1,0.97506,0.96852,0.97506,True,42.071,2976,1536
perio_2959.tif_0.png,1,0.93929,0.92601,0.93929,True,41.373,2976,1536
perio_2960.tif_0.png,1,0.53662,0.64363,0.64363,True,38.377,2976,1536
perio_2961.tif_0.png,1,0.98267,0.99419,0.99419,True,42.711,2976,1536
perio_2962.tif_0.png,1,0.99611,0.997,0.997,True,42.895,2976,1536
perio_2963.tif_0.png,1,0.98139,0.96686,0.98139,True,42.879,2976,1536
perio_2964.tif_0.png,1,0.99575,0.99794,0.99794,True,42.6,2976,1536
perio_2965.tif_0.png,1,0.68579,0.6951,0.6951,True,21.564,2976,1536
perio_2966.tif_0.png,1,0.75283,0.77578,0.77578,True,36.837,2976,1536
perio_2967.tif_0.png,1,0.71956,0.74136,0.74136,True,34.745,2976,1536
perio_2968.tif_0.png,1,0.56623,0.53923,0.56623,True,23.471,2976,1536
perio_2969.tif_0.png,1,0.8289,0.87398,0.87398,True,42.461,2976,1536
perio_2971.tif_0.png,1,0.9831,0.97901,0.9831,True,41.535,2976,1536
perio_2972.tif_0.png,1,0.90628,0.90412,0.90628,True,37.625,2976,1536
perio_2973.tif_0.png,1,0.33708,0.27954,0.33708,False,21.149,2976,1536
perio_2974.tif_0.png,1,0.93551,0.94115,0.94115,True,38.951,2976,1536
perio_2975.tif_0.png,1,0.80379,0.78454,0.80379,True,41.132,2976,1536
perio_2976.tif_0.png,1,0.54686,0.53855,0.54686,True,22.199,2976,1536
perio_2977.tif_0.png,1,0.98777,0.98812,0.98812,True,42.72,2976,1536
perio_2978.tif_0.png,1,0.87879,0.83141,0.87879,True,38.188,2976,1536
perio_2979.tif_0.png,1,0.99434,0.99798,0.99798,True,42.727,2976,1536
perio_2980.tif_0.png,1,0.51741,0.56809,0.56809,True,23.891,2976,1536
perio_2981.tif_0.png,1,0.67494,0.79074,0.79074,True,31.626,2976,1536
perio_2982.tif_0.png,1,0.99579,0.99888,0.99888,True,42.473,2976,1536
perio_2983.tif_0.png,1,0.98556,0.96812,0.98556,True,42.136,2976,1536
perio_2985.tif_0.png,1,0.99294,0.99623,0.99623,True,42.865,2976,1536
perio_2986.tif_0.png,1,0.32743,0.28105,0.32743,False,18.892,2976,1536
perio_2988.tif_0.png,1,0.52164,0.39098,0.52164,True,22.436,2976,1536
perio_2991.tif_0.png,1,0.68432,0.74035,0.74035,True,32.624,2976,1536
perio_2992.tif_0.png,1,0.97852,0.97964,0.97964,True,42.874,2976,1536
perio_2993.tif_0.png,1,0.75786,0.65605,0.75786,True,25.098,2976,1536
perio_2994.tif_0.png,1,0.94613,0.95815,0.95815,True,42.832,2976,1536
perio_2995.tif_0.png,1,0.97838,0.98176,0.98176,True,42.929,2976,1536
perio_2996.tif_0.png,1,0.94098,0.98466,0.98466,True,42.675,2976,1536
perio_2997.tif_0.png,1,0.90009,0.89022,0.90009,True,38.263,2976,1536
perio_2998.tif_0.png,1,0.99854,0.99863,0.99863,True,42.383,2976,1536
perio_3000.tif_0.png,1,0.95938,0.97503,0.97503,True,42.46,2976,1536
perio_3001.tif_0.png,1,0.98886,0.98718,0.98886,True,42.586,2976,1536
perio_3002.tif_0.png,1,0.94903,0.97352,0.97352,True,41.227,2976,1536
perio_3003.tif_0.png,1,0.97437,0.97651,0.97651,True,42.256,2976,1536
perio_3004.tif_0.png,1,0.61742,0.48876,0.61742,True,23.519,2976,1536
perio_3005.tif_0.png,1,0.96672,0.98346,0.98346,True,41.917,2976,1536
perio_3006.tif_0.png,1,0.65224,0.60905,0.65224,True,24.976,2976,1536
perio_3007.tif_0.png,1,0.97839,0.95069,0.97839,True,41.223,2976,1536
perio_3008.tif_0.png,1,0.97109,0.97143,0.97143,True,42.695,2976,1536
perio_3009.tif_0.png,1,0.5946,0.56033,0.5946,True,22.973,2976,1536
perio_3010.tif_0.png,1,0.87904,0.92546,0.92546,True,42.445,2976,1536
perio_3011.tif_0.png,1,0.96983,0.99283,0.99283,True,42.825,2976,1536
perio_3012.tif_0.png,1,0.40032,0.40846,0.40846,True,17.119,2976,1536
perio_3013.tif_0.png,1,0.76793,0.69135,0.76793,True,35.971,2976,1536
perio_3015.tif_0.png,1,0.6935,0.65656,0.6935,True,29.516,2976,1536
perio_3016.tif_0.png,1,0.97931,0.96946,0.97931,True,42.832,2976,1536
perio_3017.tif_0.png,1,0.95514,0.96214,0.96214,True,41.344,2976,1536
perio_3018.tif_0.png,1,0.38851,0.33406,0.38851,False,20.823,2976,1536
perio_3019.tif_0.png,1,0.99254,0.99602,0.99602,True,42.662,2976,1536
perio_3020.tif_0.png,1,0.73016,0.65684,0.73016,True,37.419,2976,1536
perio_3021.tif_0.png,1,0.90075,0.79256,0.90075,True,40.68,2976,1536
perio_3022.tif_0.png,1,0.87491,0.79648,0.87491,True,28.244,2976,1536
perio_3023.tif_0.png,1,0.41433,0.42042,0.42042,True,21.922,2976,1536
perio_3024.tif_0.png,1,0.36223,0.34754,0.36223,False,21.093,2976,1536
perio_3025.tif_0.png,1,0.94231,0.91041,0.94231,True,38.412,2976,1536
perio_3026.tif_0.png,1,0.56095,0.44266,0.56095,True,22.298,2976,1536
perio_3027.tif_0.png,1,0.9986,0.99672,0.9986,True,42.806,2976,1536
perio_3028.tif_0.png,1,0.99739,0.99467,0.99739,True,42.913,2976,1536
perio_3029.tif_0.png,1,0.99607,0.99387,0.99607,True,42.859,2976,1536
perio_3030.tif_0.png,1,0.90521,0.89783,0.90521,True,39.843,2976,1536
perio_3031.tif_0.png,1,0.43239,0.41601,0.43239,True,36.121,2976,1536
perio_3032.tif_0.png,1,0.99441,0.99083,0.99441,True,42.767,2976,1536
perio_3033.tif_0.png,1,0.29048,0.24088,0.29048,False,18.949,2976,1536
perio_3034.tif_0.png,1,0.62115,0.56087,0.62115,True,24.563,2976,1536
perio_3035.tif_0.png,1,0.95647,0.96887,0.96887,True,42.601,2976,1536
perio_3036.tif_0.png,1,0.99126,0.99159,0.99159,True,42.877,2976,1536
perio_3038.tif_0.png,1,0.97301,0.96804,0.97301,True,42.581,2976,1536
perio_3039.tif_0.png,1,0.9965,0.99683,0.99683,True,42.867,2976,1536
perio_3040.tif_0.png,1,0.67798,0.56049,0.67798,True,27.812,2976,1536
perio_3041.tif_0.png,1,0.66394,0.68468,0.68468,True,29.5,2976,1536
perio_3042.tif_0.png,1,0.88337,0.87675,0.88337,True,34.095,2976,1536
perio_3043.tif_0.png,1,0.97719,0.97228,0.97719,True,42.902,2976,1536
perio_3044.tif_0.png,1,0.99805,0.99714,0.99805,True,42.54,2976,1536
perio_3045.tif_0.png,1,0.51865,0.46159,0.51865,True,31.664,2976,1536
perio_3046.tif_0.png,1,0.55192,0.64245,0.64245,True,32.657,2976,1536
perio_3047.tif_0.png,1,0.77833,0.8194,0.8194,True,38.434,2976,1536
perio_3048.tif_0.png,1,0.36454,0.3056,0.36454,False,9.206,2976,1536
perio_3049.tif_0.png,1,0.88307,0.93075,0.93075,True,41.406,2976,1536
perio_3050.tif_0.png,1,0.36331,0.30932,0.36331,False,10.196,2976,1536
perio_3051.tif_0.png,1,0.98951,0.98941,0.98951,True,42.823,2976,1536
perio_3052.tif_0.png,1,0.58891,0.61626,0.61626,True,23.443,2976,1536
perio_3053.tif_0.png,1,0.22205,0.19753,0.22205,False,5.885,2976,1536
perio_3054.tif_0.png,1,0.57601,0.69518,0.69518,True,36.559,2976,1536
perio_3056.tif_0.png,1,0.82074,0.83539,0.83539,True,36.865,2976,1536
perio_3057.tif_0.png,1,0.97538,0.95688,0.97538,True,42.05,2976,1536
perio_3058.tif_0.png,1,0.99924,0.99891,0.99924,True,42.625,2976,1536
perio_3059.tif_0.png,1,0.70499,0.85307,0.85307,True,41.838,2976,1536
perio_3060.tif_0.png,1,0.91302,0.94987,0.94987,True,42.621,2976,1536
perio_3061.tif_0.png,1,0.8552,0.74997,0.8552,True,34.299,2976,1536
perio_3062.tif_0.png,1,0.76771,0.77404,0.77404,True,34.401,2976,1536
perio_3063.tif_0.png,1,0.51784,0.41555,0.51784,True,22.646,2976,1536
perio_3064.tif_0.png,1,0.39757,0.37882,0.39757,True,20.479,2976,1536
perio_3065.tif_0.png,1,0.70992,0.82708,0.82708,True,40.906,2976,1536
perio_3066.tif_0.png,1,0.87314,0.82964,0.87314,True,39.619,2976,1536
perio_3067.tif_0.png,1,0.9567,0.98938,0.98938,True,42.716,2976,1536
perio_3068.tif_0.png,1,0.97527,0.98727,0.98727,True,42.379,2976,1536
perio_3069.tif_0.png,1,0.72434,0.81251,0.81251,True,33.173,2976,1536
perio_3070.tif_0.png,1,0.24841,0.19795,0.24841,False,3.103,2976,1536
perio_3071.tif_0.png,1,0.58081,0.49626,0.58081,True,32.241,2976,1536
perio_3072.tif_0.png,1,0.43551,0.47998,0.47998,True,20.086,2976,1536
perio_3073.tif_0.png,1,0.98134,0.99111,0.99111,True,42.84,2976,1536
perio_3075.tif_0.png,1,0.61078,0.73565,0.73565,True,38.539,2976,1536
perio_3076.tif_0.png,1,0.8262,0.8271,0.8271,True,32.335,2976,1536
perio_3077.tif_0.png,1,0.99049,0.99042,0.99049,True,42.816,2976,1536
perio_3078.tif_0.png,1,0.99178,0.99606,0.99606,True,42.691,2976,1536
perio_3079.tif_0.png,1,0.9924,0.99347,0.99347,True,42.782,2976,1536
perio_3080.tif_0.png,1,0.87362,0.83821,0.87362,True,39.628,2976,1536
perio_3081.tif_0.png,1,0.37686,0.35519,0.37686,False,13.824,2976,1536
perio_3082.tif_0.png,1,0.60252,0.46617,0.60252,True,29.957,2976,1536
perio_3083.tif_0.png,1,0.99529,0.99429,0.99529,True,42.92,2976,1536
perio_3084.tif_0.png,1,0.9978,0.99599,0.9978,True,42.829,2976,1536
perio_3085.tif_0.png,1,0.93799,0.95847,0.95847,True,42.807,2976,1536
perio_3086.tif_0.png,1,0.96134,0.93081,0.96134,True,39.006,2976,1536
perio_3087.tif_0.png,1,0.98761,0.99107,0.99107,True,42.87,2976,1536
perio_3088.tif_0.png,1,0.94649,0.94473,0.94649,True,41.495,2976,1536
perio_3089.tif_0.png,1,0.67978,0.65659,0.67978,True,27.203,2976,1536
perio_3090.tif_0.png,1,0.79909,0.75789,0.79909,True,37.867,2976,1536
perio_3091.tif_0.png,1,0.6403,0.62154,0.6403,True,22.072,2976,1536
perio_3092.tif_0.png,1,0.40433,0.33159,0.40433,False,14.799,2976,1536
perio_3093.tif_0.png,1,0.63364,0.59172,0.63364,True,37.673,2976,1536
perio_3094.tif_0.png,1,0.35506,0.22754,0.35506,False,20.022,2976,1536
perio_3095.tif_0.png,1,0.46243,0.49912,0.49912,True,34.199,2976,1536
perio_3096.tif_0.png,1,0.96359,0.94771,0.96359,True,42.275,2976,1536
perio_3097.tif_0.png,1,0.97847,0.96582,0.97847,True,42.222,2976,1536
perio_3098.tif_0.png,1,0.94331,0.96889,0.96889,True,42.541,2976,1536
perio_3099.tif_0.png,1,0.96709,0.98822,0.98822,True,42.808,2976,1536
perio_3100.tif_0.png,1,0.9952,0.99265,0.9952,True,42.814,2976,1536
perio_3102.tif_0.png,1,0.99721,0.99579,0.99721,True,41.64,2976,1536
perio_3103.tif_0.png,1,0.69578,0.75736,0.75736,True,28.213,2976,1536
perio_3104.tif_0.png,1,0.95382,0.94734,0.95382,True,40.234,2976,1536
perio_3105.tif_0.png,1,0.69244,0.69858,0.69858,True,36.951,2976,1536
perio_3107.tif_0.png,1,0.88618,0.90449,0.90449,True,42.632,2976,1536
perio_3108.tif_0.png,1,0.77485,0.80598,0.80598,True,33.723,2976,1536
perio_3109.tif_0.png,1,0.77179,0.72694,0.77179,True,38.828,2976,1536
perio_3110.tif_0.png,1,0.96944,0.98748,0.98748,True,40.018,2976,1536
perio_3111.tif_0.png,1,0.8553,0.76194,0.8553,True,33.877,2976,1536
perio_3112.tif_0.png,1,0.94051,0.97747,0.97747,True,42.129,2976,1536
perio_3113.tif_0.png,1,0.9637,0.97578,0.97578,True,41.148,2976,1536
perio_3114.tif_0.png,1,0.99412,0.99107,0.99412,True,42.581,2976,1536
perio_3117.tif_0.png,1,0.47442,0.47215,0.47442,True,24.135,2976,1536
perio_3118.tif_0.png,1,0.94861,0.98319,0.98319,True,42.747,2976,1536
perio_3119.tif_0.png,1,0.99596,0.99541,0.99596,True,42.522,2976,1536
perio_3120.tif_0.png,1,0.74652,0.83011,0.83011,True,34.025,2976,1536
perio_3121.tif_0.png,1,0.99205,0.9957,0.9957,True,42.779,2976,1536
perio_3122.tif_0.png,1,0.95909,0.95467,0.95909,True,41.687,2976,1536
perio_3123.tif_0.png,1,0.89803,0.97114,0.97114,True,41.761,2976,1536
perio_3124.tif_0.png,1,0.97086,0.9885,0.9885,True,42.764,2976,1536
perio_3125.tif_0.png,1,0.98298,0.98162,0.98298,True,42.734,2976,1536
perio_3126.tif_0.png,1,0.98947,0.99101,0.99101,True,42.812,2976,1536
perio_3127.tif_0.png,1,0.7269,0.71491,0.7269,True,23.653,2976,1536
perio_3128.tif_0.png,1,0.97779,0.95483,0.97779,True,41.861,2976,1536
perio_3129.tif_0.png,1,0.98392,0.98858,0.98858,True,42.889,2976,1536
perio_3130.tif_0.png,1,0.9049,0.90031,0.9049,True,42.159,2976,1536
perio_3131.tif_0.png,1,0.56642,0.51829,0.56642,True,37.017,2976,1536
perio_3132.tif_0.png,1,0.24575,0.22709,0.24575,False,12.057,2976,1536
perio_3133.tif_0.png,1,0.87139,0.94569,0.94569,True,40.61,2976,1536
perio_3134.tif_0.png,1,0.59972,0.73634,0.73634,True,37.364,2976,1536
perio_3135.tif_0.png,1,0.90291,0.87489,0.90291,True,41.232,2976,1536
perio_3136.tif_0.png,1,0.8559,0.8487,0.8559,True,40.379,2976,1536
perio_3137.tif_0.png,1,0.81228,0.92284,0.92284,True,42.207,2976,1536
perio_3138.tif_0.png,1,0.99783,0.99765,0.99783,True,42.675,2976,1536
perio_3139.tif_0.png,1,0.3051,0.20349,0.3051,False,7.635,2976,1536
perio_3140.tif_0.png,1,0.98101,0.97752,0.98101,True,41.64,2976,1536
perio_3141.tif_0.png,1,0.79138,0.80563,0.80563,True,41.216,2976,1536
perio_3142.tif_0.png,1,0.74702,0.62344,0.74702,True,33.617,2976,1536
perio_3143.tif_0.png,1,0.37375,0.34076,0.37375,False,25.166,2976,1536
perio_3144.tif_0.png,1,0.66457,0.61394,0.66457,True,35.27,2976,1536
perio_3145.tif_0.png,1,0.89616,0.8942,0.89616,True,41.528,2976,1536
perio_3146.tif_0.png,1,0.94839,0.92918,0.94839,True,42.466,2976,1536
perio_3147.tif_0.png,1,0.67428,0.72973,0.72973,True,39.538,2976,1536
perio_3148.tif_0.png,1,0.57111,0.44118,0.57111,True,31.312,2976,1536
perio_3150.tif_0.png,1,0.55763,0.56421,0.56421,True,30.568,2976,1536
perio_3151.tif_0.png,1,0.95585,0.9316,0.95585,True,42.288,2976,1536
perio_3152.tif_0.png,1,0.54207,0.45198,0.54207,True,18.509,2976,1536
perio_3153.tif_0.png,1,0.92396,0.94491,0.94491,True,41.961,2976,1536
perio_3154.tif_0.png,1,0.99304,0.9938,0.9938,True,42.868,2976,1536
perio_3155.tif_0.png,1,0.59002,0.48418,0.59002,True,34.426,2976,1536
perio_3156.tif_0.png,1,0.96872,0.98185,0.98185,True,41.259,2976,1536
perio_3157.tif_0.png,1,0.28256,0.22586,0.28256,False,14.288,2976,1536
perio_3158.tif_0.png,1,0.97998,0.99223,0.99223,True,42.808,2976,1536
perio_3159.tif_0.png,1,0.86833,0.83194,0.86833,True,35.403,2976,1536
perio_3160.tif_0.png,1,0.43537,0.41423,0.43537,True,27.74,2976,1536
perio_3161.tif_0.png,1,0.40485,0.40102,0.40485,True,25.839,2976,1536
perio_3163.tif_0.png,1,0.31855,0.32167,0.32167,False,12.575,2976,1536
perio_3164.tif_0.png,1,0.97208,0.99002,0.99002,True,42.707,2976,1536
perio_3165.tif_0.png,1,0.52349,0.46722,0.52349,True,31.291,2976,1536
perio_3166.tif_0.png,1,0.84618,0.83104,0.84618,True,34.882,2976,1536
perio_3167.tif_0.png,1,0.73438,0.87477,0.87477,True,32.426,2976,1536
perio_3168.tif_0.png,1,0.9224,0.91082,0.9224,True,39.627,2976,1536
perio_3169.tif_0.png,1,0.6562,0.70673,0.70673,True,34.794,2976,1536
perio_3170.tif_0.png,1,0.90975,0.94099,0.94099,True,42.51,2976,1536
perio_3171.tif_0.png,1,0.71644,0.62681,0.71644,True,29.063,2976,1536
perio_3172.tif_0.png,1,0.99808,0.9981,0.9981,True,42.698,2976,1536
perio_3173.tif_0.png,1,0.96434,0.98681,0.98681,True,42.821,2976,1536
perio_3174.tif_0.png,1,0.99634,0.99656,0.99656,True,42.838,2976,1536
perio_3175.tif_0.png,1,0.99758,0.99666,0.99758,True,42.778,2976,1536
perio_3176.tif_0.png,1,0.38867,0.36055,0.38867,False,18.869,2976,1536
perio_3177.tif_0.png,1,0.32167,0.36285,0.36285,False,36.845,2976,1536
perio_3178.tif_0.png,1,0.57297,0.58744,0.58744,True,25.248,2976,1536
perio_3179.tif_0.png,1,0.99556,0.99521,0.99556,True,42.799,2976,1536
perio_3180.tif_0.png,1,0.37072,0.28309,0.37072,False,6.5,2976,1536
perio_3182.tif_0.png,1,0.9897,0.99291,0.99291,True,42.77,2976,1536
perio_3183.tif_0.png,1,0.2893,0.21796,0.2893,False,0.638,2976,1536
perio_3184.tif_0.png,1,0.68225,0.75824,0.75824,True,38.92,2976,1536
perio_3186.tif_0.png,1,0.99353,0.99304,0.99353,True,42.663,2976,1536
perio_3188.tif_0.png,1,0.93949,0.98042,0.98042,True,40.118,2976,1536
perio_3189.tif_0.png,1,0.48354,0.60665,0.60665,True,29.869,2976,1536
perio_3190.tif_0.png,1,0.97965,0.99344,0.99344,True,42.726,2976,1536
perio_3191.tif_0.png,1,0.99722,0.9979,0.9979,True,42.625,2976,1536
perio_3192.tif_0.png,1,0.68301,0.69944,0.69944,True,31.893,2976,1536
perio_3193.tif_0.png,1,0.24559,0.21822,0.24559,False,21.224,2976,1536
perio_3194.tif_0.png,1,0.98378,0.9847,0.9847,True,42.869,2976,1536
perio_3195.tif_0.png,1,0.95564,0.96549,0.96549,True,42.66,2976,1536
perio_3196.tif_0.png,1,0.48396,0.37789,0.48396,True,22.67,2976,1536
perio_3197.tif_0.png,1,0.36363,0.30724,0.36363,False,16.66,2976,1536
perio_3198.tif_0.png,1,0.7775,0.75552,0.7775,True,31.283,2976,1536
perio_3199.tif_0.png,1,0.98555,0.98669,0.98669,True,42.909,2976,1536
perio_3200.tif_0.png,1,0.23513,0.19241,0.23513,False,4.084,2976,1536
perio_3201.tif_0.png,1,0.70616,0.67644,0.70616,True,30.706,2976,1536
perio_3202.tif_0.png,1,0.48461,0.37795,0.48461,True,21.276,2976,1536
perio_3203.tif_0.png,1,0.99439,0.98897,0.99439,True,42.639,2976,1536
perio_3204.tif_0.png,1,0.98586,0.97987,0.98586,True,42.307,2976,1536
perio_3205.tif_0.png,1,0.80546,0.86533,0.86533,True,33.415,2976,1536
perio_3206.tif_0.png,1,0.99208,0.98891,0.99208,True,42.85,2976,1536
perio_3207.tif_0.png,1,0.18165,0.15283,0.18165,False,9.012,2976,1536
perio_3208.tif_0.png,1,0.84734,0.79567,0.84734,True,37.195,2976,1536
perio_3209.tif_0.png,1,0.94392,0.96351,0.96351,True,41.211,2976,1536
perio_3210.tif_0.png,1,0.9433,0.93876,0.9433,True,41.798,2976,1536
perio_3211.tif_0.png,1,0.24522,0.21571,0.24522,False,4.84,2976,1536
perio_3212.tif_0.png,1,0.99466,0.99245,0.99466,True,42.786,2976,1536
perio_3213.tif_0.png,1,0.91495,0.96771,0.96771,True,41.516,2976,1536
perio_3214.tif_0.png,1,0.36103,0.28083,0.36103,False,0.622,2976,1536
perio_3215.tif_0.png,1,0.98649,0.98955,0.98955,True,42.833,2976,1536
perio_3216.tif_0.png,1,0.57068,0.5204,0.57068,True,35.214,2976,1536
perio_3217.tif_0.png,1,0.52723,0.46915,0.52723,True,31.274,2976,1536
perio_3218.tif_0.png,1,0.86531,0.87001,0.87001,True,38.465,2976,1536
perio_3220.tif_0.png,1,0.91734,0.93937,0.93937,True,42.859,2976,1536
perio_3221.tif_0.png,1,0.93185,0.93194,0.93194,True,42.674,2976,1536
perio_3222.tif_0.png,1,0.35065,0.33193,0.35065,False,29.918,2976,1536
perio_3223.tif_0.png,1,0.97199,0.96467,0.97199,True,42.595,2976,1536
perio_3224.tif_0.png,1,0.99855,0.99842,0.99855,True,42.632,2976,1536
perio_3225.tif_0.png,1,0.98107,0.96448,0.98107,True,42.259,2976,1536
perio_3226.tif_0.png,1,0.68197,0.76107,0.76107,True,36.702,2976,1536
perio_3227.tif_0.png,1,0.92963,0.95412,0.95412,True,42.48,2976,1536
perio_3228.tif_0.png,1,0.95147,0.96975,0.96975,True,42.005,2976,1536
perio_3229.tif_0.png,1,0.96265,0.97898,0.97898,True,42.756,2976,1536
perio_3230.tif_0.png,1,0.9963,0.99574,0.9963,True,42.818,2976,1536
perio_3231.tif_0.png,1,0.8868,0.93408,0.93408,True,40.277,2976,1536
perio_3232.tif_0.png,1,0.99652,0.99753,0.99753,True,42.412,2976,1536
perio_3234.tif_0.png,1,0.35827,0.32929,0.35827,False,29.828,2976,1536
perio_3235.tif_0.png,1,0.6644,0.65726,0.6644,True,40.838,2976,1536
perio_3236.tif_0.png,1,0.16249,0.13509,0.16249,False,13.712,2976,1536
perio_3237.tif_0.png,1,0.41889,0.41752,0.41889,True,22.563,2976,1536
perio_3238.tif_0.png,1,0.97447,0.97014,0.97447,True,42.339,2976,1536
perio_3239.tif_0.png,1,0.91176,0.93043,0.93043,True,42.816,2976,1536
perio_3269.tif_0.png,1,0.78638,0.83301,0.83301,True,41.78,2976,1536
perio_3270.tif_0.png,1,0.99672,0.97384,0.99672,True,42.272,2976,1536
perio_3271.tif_0.png,1,0.99157,0.98715,0.99157,True,42.909,2976,1536
perio_3272.tif_0.png,1,0.98025,0.9722,0.98025,True,40.815,2976,1536
perio_3273.tif_0.png,1,0.88177,0.92699,0.92699,True,41.31,2976,1536
perio_3274.tif_0.png,1,0.99091,0.9878,0.99091,True,42.421,2976,1536
perio_3276.tif_0.png,1,0.98682,0.9838,0.98682,True,42.511,2976,1536
perio_3278.tif_0.png,1,0.49107,0.4685,0.49107,True,8.15,2976,1536
perio_3280.tif_0.png,1,0.5542,0.60456,0.60456,True,37.887,2976,1536
perio_3281.tif_0.png,1,0.99834,0.99722,0.99834,True,42.795,2976,1536
perio_3282.tif_0.png,1,0.37277,0.35359,0.37277,False,11.696,2976,1536
perio_3283.tif_0.png,1,0.71088,0.75883,0.75883,True,35.878,2976,1536
perio_3284.tif_0.png,1,0.94738,0.9466,0.94738,True,42.292,2976,1536
perio_3285.tif_0.png,1,0.94549,0.90675,0.94549,True,38.437,2976,1536
perio_3286.tif_0.png,1,0.99152,0.9884,0.99152,True,40.727,2976,1536
perio_3287.tif_0.png,1,0.92264,0.94126,0.94126,True,42.184,2976,1536
perio_3288.tif_0.png,1,0.88212,0.84441,0.88212,True,38.611,2976,1536
perio_3289.tif_0.png,1,0.90922,0.89423,0.90922,True,39.28,2976,1536
perio_3290.tif_0.png,1,0.23858,0.19086,0.23858,False,4.185,2976,1536
perio_3292.tif_0.png,1,0.51042,0.47031,0.51042,True,26.231,2976,1536
perio_3293.tif_0.png,1,0.99208,0.9952,0.9952,True,42.843,2976,1536
perio_3294.tif_0.png,1,0.98506,0.98263,0.98506,True,40.981,2976,1536
perio_3295.tif_0.png,1,0.99541,0.99886,0.99886,True,42.583,2976,1536
perio_3296.tif_0.png,1,0.39625,0.33075,0.39625,False,3.757,2976,1536
perio_3297.tif_0.png,1,0.7737,0.79427,0.79427,True,36.839,2976,1536
perio_3298.tif_0.png,1,0.98477,0.98826,0.98826,True,42.308,2976,1536
perio_3299.tif_0.png,1,0.66377,0.69749,0.69749,True,41.022,2976,1536
perio_3300.tif_0.png,1,0.99438,0.9954,0.9954,True,42.485,2976,1536
perio_3301.tif_0.png,1,0.99435,0.99301,0.99435,True,42.921,2976,1536
perio_3302.tif_0.png,1,0.99217,0.99801,0.99801,True,42.744,2976,1536
perio_3303.tif_0.png,1,0.91389,0.86921,0.91389,True,38.709,2976,1536
perio_3305.tif_0.png,1,0.56567,0.51941,0.56567,True,26.029,2976,1536
perio_3307.tif_0.png,1,0.99764,0.99574,0.99764,True,42.854,2976,1536
perio_3308.tif_0.png,1,0.95288,0.95472,0.95472,True,42.606,2976,1536
perio_3309.tif_0.png,1,0.59633,0.67315,0.67315,True,33.313,2976,1536
perio_3310.tif_0.png,1,0.83539,0.80752,0.83539,True,38.882,2976,1536
perio_3311.tif_0.png,1,0.82165,0.81728,0.82165,True,42.42,2976,1536
perio_3312.tif_0.png,1,0.99249,0.99171,0.99249,True,42.861,2976,1536
perio_3314.tif_0.png,1,0.69032,0.6927,0.6927,True,36.807,2976,1536
perio_3316.tif_0.png,1,0.51947,0.57553,0.57553,True,39.336,2976,1536
perio_3319.tif_0.png,1,0.79333,0.78038,0.79333,True,37.887,2976,1536
perio_3320.tif_0.png,1,0.98636,0.98644,0.98644,True,42.864,2976,1536
perio_3321.tif_0.png,1,0.99905,0.99885,0.99905,True,42.43,2976,1536
perio_3322.tif_0.png,1,0.59386,0.55581,0.59386,True,23.531,2976,1536
perio_3324.tif_0.png,1,0.99313,0.99777,0.99777,True,42.713,2976,1536
perio_3325.tif_0.png,1,0.37104,0.3359,0.37104,False,28.909,2976,1536
perio_3327.tif_0.png,1,0.67275,0.53936,0.67275,True,31.171,2976,1536
perio_3329.tif_0.png,1,0.94296,0.9563,0.9563,True,35.524,2976,1536
perio_3331.tif_0.png,1,0.86968,0.95407,0.95407,True,41.861,2976,1536
perio_3332.tif_0.png,1,0.92621,0.95399,0.95399,True,42.857,2976,1536
perio_3334.tif_0.png,1,0.96693,0.9783,0.9783,True,42.832,2976,1536
perio_3337.tif_0.png,1,0.45897,0.39623,0.45897,True,36.13,2976,1536
perio_3338.tif_0.png,1,0.9913,0.98957,0.9913,True,41.853,2976,1536
perio_3339.tif_0.png,1,0.30801,0.3398,0.3398,False,15.92,2976,1536
perio_3340.tif_0.png,1,0.99706,0.99843,0.99843,True,42.605,2976,1536
perio_3341.tif_0.png,1,0.99593,0.99399,0.99593,True,42.731,2976,1536
perio_3343.tif_0.png,1,0.65012,0.64038,0.65012,True,24.321,2976,1536
perio_3345.tif_0.png,1,0.97969,0.98561,0.98561,True,42.834,2976,1536
perio_3347.tif_0.png,1,0.93413,0.96455,0.96455,True,42.923,2976,1536
perio_3348.tif_0.png,1,0.94836,0.93322,0.94836,True,42.844,2976,1536
perio_3350.tif_0.png,1,0.73929,0.63458,0.73929,True,27.534,2976,1536
perio_3352.tif_0.png,1,0.928,0.97921,0.97921,True,42.179,2976,1536
perio_3354.tif_0.png,1,0.93398,0.91492,0.93398,True,36.231,2976,1536
perio_3355.tif_0.png,1,0.99696,0.99658,0.99696,True,42.552,2976,1536
perio_3356.tif_0.png,1,0.98865,0.99576,0.99576,True,42.601,2976,1536
perio_3357.tif_0.png,1,0.99752,0.99762,0.99762,True,42.795,2976,1536
perio_3358.tif_0.png,1,0.99708,0.99865,0.99865,True,42.769,2976,1536
perio_3359.tif_0.png,1,0.8677,0.80097,0.8677,True,39.944,2976,1536
perio_3360.tif_0.png,1,0.99089,0.99445,0.99445,True,42.957,2976,1536
perio_3361.tif_0.png,1,0.62055,0.71106,0.71106,True,41.609,2976,1536
perio_3363.tif_0.png,1,0.98991,0.99229,0.99229,True,42.767,2976,1536
perio_3364.tif_0.png,1,0.90358,0.9556,0.9556,True,40.928,2976,1536
perio_3365.tif_0.png,1,0.99887,0.99871,0.99887,True,42.579,2976,1536
perio_3366.tif_0.png,1,0.53593,0.59559,0.59559,True,15.123,2976,1536
perio_3367.tif_0.png,1,0.98963,0.98943,0.98963,True,42.73,2976,1536
perio_3368.tif_0.png,1,0.75553,0.71334,0.75553,True,21.801,2976,1536
perio_3369.tif_0.png,1,0.99469,0.99861,0.99861,True,42.347,2976,1536
perio_3370.tif_0.png,1,0.41409,0.36933,0.41409,False,16.151,2976,1536
perio_3371.tif_0.png,1,0.82048,0.7816,0.82048,True,39.65,2976,1536
perio_3372.tif_0.png,1,0.99156,0.99158,0.99158,True,42.796,2976,1536
perio_3374.tif_0.png,1,0.64238,0.76169,0.76169,True,34.865,2976,1536
perio_3375.tif_0.png,1,0.99592,0.99281,0.99592,True,42.839,2976,1536
perio_3376.tif_0.png,1,0.91268,0.9241,0.9241,True,42.667,2976,1536
perio_3377.tif_0.png,1,0.96694,0.94671,0.96694,True,42.762,2976,1536
perio_3378.tif_0.png,1,0.99881,0.99847,0.99881,True,42.633,2976,1536
perio_3379.tif_0.png,1,0.96674,0.9506,0.96674,True,41.701,2976,1536
perio_3380.tif_0.png,1,0.86077,0.85199,0.86077,True,41.577,2976,1536
perio_3381.tif_0.png,1,0.98721,0.97717,0.98721,True,40.87,2976,1536
perio_3382.tif_0.png,1,0.9929,0.99446,0.99446,True,42.274,2976,1536
perio_3383.tif_0.png,1,0.96669,0.97035,0.97035,True,41.994,2976,1536
perio_3384.tif_0.png,1,0.97156,0.95399,0.97156,True,42.58,2976,1536
perio_3385.tif_0.png,1,0.56547,0.51319,0.56547,True,35.153,2976,1536
perio_3387.tif_0.png,1,0.21131,0.22422,0.22422,False,29.298,2976,1536
perio_3388.tif_0.png,1,0.98644,0.9877,0.9877,True,42.883,2976,1536
perio_3389.tif_0.png,1,0.8507,0.93292,0.93292,True,39.822,2976,1536
perio_3391.tif_0.png,1,0.2839,0.26597,0.2839,False,28.102,2976,1536
perio_3393.tif_0.png,1,0.6436,0.7757,0.7757,True,40.719,2976,1536
perio_3394.tif_0.png,1,0.83594,0.79909,0.83594,True,42.752,2976,1536
perio_3396.tif_0.png,1,0.16752,0.14411,0.16752,False,11.771,2976,1536
perio_3397.tif_0.png,1,0.98565,0.99299,0.99299,True,42.805,2976,1536
perio_3399.tif_0.png,1,0.85114,0.93294,0.93294,True,42.192,2976,1536
perio_3400.tif_0.png,1,0.9857,0.9893,0.9893,True,42.822,2976,1536
perio_3401.tif_0.png,1,0.40731,0.52525,0.52525,True,38.983,2976,1536
perio_3403.tif_0.png,1,0.51373,0.51833,0.51833,True,41.403,2976,1536
perio_3404.tif_0.png,1,0.34468,0.31418,0.34468,False,32.606,2976,1536
perio_3405.tif_0.png,1,0.99545,0.99804,0.99804,True,42.784,2976,1536
perio_3406.tif_0.png,1,0.88624,0.93572,0.93572,True,42.751,2976,1536
perio_3407.tif_0.png,1,0.93903,0.96012,0.96012,True,42.413,2976,1536
perio_3408.tif_0.png,1,0.98974,0.99592,0.99592,True,42.58,2976,1536
perio_3410.tif_0.png,1,0.72562,0.83386,0.83386,True,33.494,2976,1536
perio_3412.tif_0.png,1,0.35007,0.32398,0.35007,False,24.568,2976,1536
perio_3413.tif_0.png,1,0.65748,0.65336,0.65748,True,27.303,2976,1536
perio_3414.tif_0.png,1,0.63795,0.65532,0.65532,True,35.267,2976,1536
perio_3415.tif_0.png,1,0.94479,0.94575,0.94575,True,42.589,2976,1536
perio_3416.tif_0.png,1,0.9886,0.9957,0.9957,True,42.918,2976,1536
perio_3418.tif_0.png,1,0.98465,0.99275,0.99275,True,42.863,2976,1536
perio_3419.tif_0.png,1,0.80147,0.86332,0.86332,True,42.501,2976,1536
perio_3420.tif_0.png,1,0.91947,0.96192,0.96192,True,42.774,2976,1536
perio_3421.tif_0.png,1,0.72189,0.74405,0.74405,True,32.383,2976,1536
perio_3423.tif_0.png,1,0.60613,0.60042,0.60613,True,36.859,2976,1536
perio_3424.tif_0.png,1,0.76817,0.84142,0.84142,True,42.312,2976,1536
perio_3425.tif_0.png,1,0.97871,0.98692,0.98692,True,42.597,2976,1536
perio_3426.tif_0.png,1,0.32142,0.2336,0.32142,False,27.032,2976,1536
perio_3427.tif_0.png,1,0.99652,0.99562,0.99652,True,42.535,2976,1536
perio_3428.tif_0.png,1,0.99837,0.99837,0.99837,True,42.402,2976,1536
perio_3430.tif_0.png,1,0.96382,0.98885,0.98885,True,42.579,2976,1536
perio_3431.tif_0.png,1,0.62326,0.65528,0.65528,True,36.998,2976,1536
perio_3432.tif_0.png,1,0.816,0.92161,0.92161,True,40.575,2976,1536
perio_3433.tif_0.png,1,0.77545,0.72603,0.77545,True,37.244,2976,1536
perio_3434.tif_0.png,1,0.21324,0.20743,0.21324,False,17.484,2976,1536
